[
 {
  "id": 1,
  "name": "Kabul Serena Hotel",
  "address": "Hawashenasy, Airport Road, Kabul  Afghanistan, Kabul, Afghanistan",
  "phone": "+93729202255",
  "country-code": "AF",
  "country": "Afghanistan"
 },
 {
  "id": 2,
  "name": "Golden Star Hotel and Restaurant",
  "address": "Ahmad Zaher Rd, Kabul, Afghanistan",
  "phone": "+93766555901",
  "country-code": "AF",
  "country": "Afghanistan"
 },
 {
  "id": 3,
  "name": "Kabul Star Hotel \u0026 Restaurant",
  "address": "Froshgah Street, Afghanistan",
  "phone": "+93799654000",
  "country-code": "AF",
  "country": "Afghanistan"
 },
 {
  "id": 4,
  "name": "Hotel Intercontinental Kabul",
  "address": "Clock Tower, Zarghona street 8th, Zargona Rd, Kabul 2500, Afghanistan",
  "phone": "+93787222211",
  "country-code": "AF",
  "country": "Afghanistan"
 },
 {
  "id": 5,
  "name": "Al Asar Hotel",
  "address": "Kabul, Afghanistan",
  "phone": "",
  "country-code": "AF",
  "country": "Afghanistan"
 },
 {
  "id": 6,
  "name": "Safi Landmark Hotel",
  "address": "Kabul, Afghanistan",
  "phone": "",
  "country-code": "AF",
  "country": "Afghanistan"
 },
 {
  "id": 7,
  "name": "Park Star Hotel",
  "address": "Kabul, Afghanistan",
  "phone": "+93799130130",
  "country-code": "AF",
  "country": "Afghanistan"
 },
 {
  "id": 8,
  "name": "Darya Village Hotel",
  "address": "bestie of Kabul business center, Masjed Haji Yaqub, Sulh Rd, Kabul 1001, Afghanistan",
  "phone": "+93791333777",
  "country-code": "AF",
  "country": "Afghanistan"
 },
 {
  "id": 9,
  "name": "Baron Hotel",
  "address": "هوتل کانتیننتال, Kabul, Afghanistan",
  "phone": "+93202562765",
  "country-code": "AF",
  "country": "Afghanistan"
 },
 {
  "id": 10,
  "name": "Cedar Guest House \u0026 Hotel",
  "address": "Sulh Rd, Kabul, Afghanistan",
  "phone": "+93202313131",
  "country-code": "AF",
  "country": "Afghanistan"
 },
 {
  "id": 11,
  "name": "Kabul City Walk Hotel \u0026 Suites",
  "address": "Taimany Wat, Sabeque Square Airport and Continental 40M Road, Kabul 1007, Afghanistan",
  "phone": "+4571852030",
  "country-code": "AF",
  "country": "Afghanistan"
 },
 {
  "id": 12,
  "name": "Zohak Village",
  "address": "above the AIB Bank, Kabul 2300, Afghanistan",
  "phone": "+93202201546",
  "country-code": "AF",
  "country": "Afghanistan"
 },
 {
  "id": 13,
  "name": "Afghan Asia Guest House",
  "address": "Kabol, Afghanistan",
  "phone": "+93202511211",
  "country-code": "AF",
  "country": "Afghanistan"
 },
 {
  "id": 14,
  "name": "Baharistan Aria Guest House \u0026 restaurants مهمانخانه بهارستان آریا",
  "address": "Kabul, Afghanistan",
  "phone": "+93772626456",
  "country-code": "AF",
  "country": "Afghanistan"
 },
 {
  "id": 15,
  "name": "Q Kabul Hotel",
  "address": "Kabol, Afghanistan",
  "phone": "+93202212240",
  "country-code": "AF",
  "country": "Afghanistan"
 },
 {
  "id": 16,
  "name": "Everest Pizza Restaurant",
  "address": "Kabul, Afghanistan",
  "phone": "",
  "country-code": "AF",
  "country": "Afghanistan"
 },
 {
  "id": 17,
  "name": "Bost Restaurant Kabul",
  "address": "چهارراهی قلعهٔ نجارها، احمدیار پلازا, Qala e Najar Ha Ahmadyar Plaza, Kabul 1001, Afghanistan",
  "phone": "+93799317979",
  "country-code": "AF",
  "country": "Afghanistan"
 },
 {
  "id": 18,
  "name": "Istanbul Family Restaurant \u0026 Cafe",
  "address": "Esmat Muslim Street, Shahre Naw, Kabul, Afghanistan",
  "phone": "+93728777444",
  "country-code": "AF",
  "country": "Afghanistan"
 },
 {
  "id": 19,
  "name": "Le Bistro",
  "address": "2nd Block, Kabul, Afghanistan",
  "phone": "+93711900100",
  "country-code": "AF",
  "country": "Afghanistan"
 },
 {
  "id": 20,
  "name": "Khanagi",
  "address": "Kabul, Afghanistan",
  "phone": "+93786088088",
  "country-code": "AF",
  "country": "Afghanistan"
 },
 {
  "id": 21,
  "name": "Sufi Restaurant",
  "address": "Kabul, Afghanistan",
  "phone": "+93774212256",
  "country-code": "AF",
  "country": "Afghanistan"
 },
 {
  "id": 22,
  "name": "Vila Velebita",
  "address": "Kabul, Afghanistan",
  "phone": "+93797125130",
  "country-code": "AF",
  "country": "Afghanistan"
 },
 {
  "id": 23,
  "name": "رستورانت کابل دربار Kabul Darbar Restaurant",
  "address": "Kabul, Afghanistan",
  "phone": "+93202213692",
  "country-code": "AF",
  "country": "Afghanistan"
 },
 {
  "id": 24,
  "name": "Qasr Suliman Restaurant",
  "address": "Service Rd, Kabul, Afghanistan",
  "phone": "+93799094444",
  "country-code": "AF",
  "country": "Afghanistan"
 },
 {
  "id": 25,
  "name": "Tehzeeb Bakers And Fast Food",
  "address": "Kabol, Afghanistan",
  "phone": "+93202511000",
  "country-code": "AF",
  "country": "Afghanistan"
 },
 {
  "id": 26,
  "name": "Mehran Restaurant \u0026 Catering",
  "address": "Kabul Shaernow, Kabul, Afghanistan",
  "phone": "+93772129273",
  "country-code": "AF",
  "country": "Afghanistan"
 },
 {
  "id": 27,
  "name": "BigTasty Restaurant",
  "address": "5th Floor Park Mall Shahr-e-Now Kabul. منزل پنجم، پارک مال، چهاراهی انصاری، شهرنو، کابل،, Afghanistan",
  "phone": "+93202213133",
  "country-code": "AF",
  "country": "Afghanistan"
 },
 {
  "id": 28,
  "name": "Bocaccio Italian Restaurant",
  "address": "7th street Taimani Sabiqa Kabul, 1007, Afghanistan",
  "phone": "+93787954146",
  "country-code": "AF",
  "country": "Afghanistan"
 },
 {
  "id": 29,
  "name": "Rafiq Lala Chapli Kabab",
  "address": "Karte 4 1st street Shah Sultan Tower Kabul، 1002, Afghanistan",
  "phone": "+93789444222",
  "country-code": "AF",
  "country": "Afghanistan"
 },
 {
  "id": 30,
  "name": "Jumeirah Restaurant Kabul",
  "address": "Majid Mall, Kabul, Afghanistan",
  "phone": "+93789161616",
  "country-code": "AF",
  "country": "Afghanistan"
 },
 {
  "id": 31,
  "name": "Turkish Family Restaurant \u0026 Cafe",
  "address": "2 kabul, 1001, Afghanistan",
  "phone": "+93764474504",
  "country-code": "AF",
  "country": "Afghanistan"
 },
 {
  "id": 32,
  "name": "khanbaba",
  "address": "Kabul, Afghanistan",
  "phone": "",
  "country-code": "AF",
  "country": "Afghanistan"
 },
 {
  "id": 33,
  "name": "لندن پیزا اکسپرتس London Pizza Experts Karte Mamorin",
  "address": "karta mamorin, sark 1, کابل, 1003, Afghanistan",
  "phone": "+93730198972",
  "country-code": "AF",
  "country": "Afghanistan"
 },
 {
  "id": 34,
  "name": "IL FORNO Italian Restaurant",
  "address": "Qowai Markaz, Afghanistan",
  "phone": "+93789444222",
  "country-code": "AF",
  "country": "Afghanistan"
 },
 {
  "id": 35,
  "name": "Bukhara Restaurant",
  "address": "Sulh Rd, Kabul, Afghanistan",
  "phone": "+93786000011",
  "country-code": "AF",
  "country": "Afghanistan"
 },
 {
  "id": 36,
  "name": "Rahmanian Shopping Center",
  "address": "Old Taimany Main Street Kabul, 1001, Afghanistan",
  "phone": "+93780801801",
  "country-code": "AF",
  "country": "Afghanistan"
 },
 {
  "id": 37,
  "name": "Kabul City Center",
  "address": "Kabol, Afghanistan",
  "phone": "",
  "country-code": "AF",
  "country": "Afghanistan"
 },
 {
  "id": 38,
  "name": "Entekhabman Online Shopping ( Collection Center)",
  "address": "Shope#2 Kabul, 1001, Afghanistan",
  "phone": "+93793110222",
  "country-code": "AF",
  "country": "Afghanistan"
 },
 {
  "id": 39,
  "name": "Majid Mall",
  "address": "Kabul, Afghanistan",
  "phone": "+93776833170",
  "country-code": "AF",
  "country": "Afghanistan"
 },
 {
  "id": 40,
  "name": "Park Mall",
  "address": "Kabul, Afghanistan",
  "phone": "+93788141215",
  "country-code": "AF",
  "country": "Afghanistan"
 },
 {
  "id": 41,
  "name": "Afghan Mart-Afghanistan's Online Shopping ÙØ±ÙˆØ´Ú¯Ø§Ù‡ Ø§ÙØºØ§Ù† Ù…Ø§Ø±Øª",
  "address": "Kabul, Afghanistan",
  "phone": "+93776880000",
  "country-code": "AF",
  "country": "Afghanistan"
 },
 {
  "id": 42,
  "name": "Maryam Shopping Center",
  "address": "Kabul, Afghanistan",
  "phone": "+93799909624",
  "country-code": "AF",
  "country": "Afghanistan"
 },
 {
  "id": 43,
  "name": "Habib Shopping Mall",
  "address": "Kabul 1003, Afghanistan",
  "phone": "+93786000001",
  "country-code": "AF",
  "country": "Afghanistan"
 },
 {
  "id": 44,
  "name": "Paktika shopping center",
  "address": "Kabul, Afghanistan",
  "phone": "",
  "country-code": "AF",
  "country": "Afghanistan"
 },
 {
  "id": 45,
  "name": "Rabi Shopping Center",
  "address": "Ø­ØµÙ‡ Ø¯ÙˆÙ… Ø®ÛŒØ±Ø®Ø§Ù†Ù‡ Ø¨Ø§Ø²Ø§Ø± Ù„ÛŒØ³Ù‡ Ù…Ø±ÛŒÙ… Ú©Ø§Ø¨Ù„ØŒ Ø§ÙØºØ§Ù†Ø³ØªØ§Ù† (7,353.25 mi) Kabul Afghanistan KabulØŒ 0093, Afghanistan",
  "phone": "7353250093",
  "country-code": "AF",
  "country": "Afghanistan"
 },
 {
  "id": 46,
  "name": "Mohebzada Center",
  "address": "مسجد حاجی یعقوب, Shahid Rd, Kabul, Afghanistan",
  "phone": "",
  "country-code": "AF",
  "country": "Afghanistan"
 },
 {
  "id": 47,
  "name": "Imperial Exclusive",
  "address": "Kabul, Afghanistan",
  "phone": "",
  "country-code": "AF",
  "country": "Afghanistan"
 },
 {
  "id": 48,
  "name": "مبارک سنتر",
  "address": "Kabul, Afghanistan",
  "phone": "",
  "country-code": "AF",
  "country": "Afghanistan"
 },
 {
  "id": 49,
  "name": "Golbahar Business Center",
  "address": "Kabul, Afghanistan",
  "phone": "",
  "country-code": "AF",
  "country": "Afghanistan"
 },
 {
  "id": 50,
  "name": "HaqMall",
  "address": "Kabul, Afghanistan",
  "phone": "",
  "country-code": "AF",
  "country": "Afghanistan"
 },
 {
  "id": 51,
  "name": "City Mall",
  "address": "4th macroryan kabul, 1003, Afghanistan",
  "phone": "+93786343256",
  "country-code": "AF",
  "country": "Afghanistan"
 },
 {
  "id": 52,
  "name": "Tiffany store",
  "address": "Kabul, Afghanistan",
  "phone": "+93784436644",
  "country-code": "AF",
  "country": "Afghanistan"
 },
 {
  "id": 53,
  "name": "Bayat Shopping center",
  "address": "Kabol, Afghanistan",
  "phone": "",
  "country-code": "AF",
  "country": "Afghanistan"
 },
 {
  "id": 54,
  "name": "Park Mall",
  "address": "Barchi City Center, Kabul 13 district, Kabol, Afghanistan",
  "phone": "+93790130985",
  "country-code": "AF",
  "country": "Afghanistan"
 },
 {
  "id": 55,
  "name": "ÙØ±ÙˆØ´Ú¯Ø§Ù‡ Ø§Ù†Ù„Ø§ÛŒÙ† Ø¨Ú¯Ø±Ø§Ù…",
  "address": "Sulh Rd, Kabul, Afghanistan",
  "phone": "+93705000786",
  "country-code": "AF",
  "country": "Afghanistan"
 },
 {
  "id": 56,
  "name": "The National Museum of Afghanistan",
  "address": "Tajbik palace, Kabul, Afghanistan",
  "phone": "",
  "country-code": "AF",
  "country": "Afghanistan"
 },
 {
  "id": 57,
  "name": "Pul-e Kheshti Mosque",
  "address": "Mandawi Rd, Kabul, Afghanistan",
  "phone": "",
  "country-code": "AF",
  "country": "Afghanistan"
 },
 {
  "id": 58,
  "name": "Babur Garden",
  "address": "Unnamed Road, Kabul, Afghanistan",
  "phone": "+93771700002",
  "country-code": "AF",
  "country": "Afghanistan"
 },
 {
  "id": 59,
  "name": "Kabul Zoo",
  "address": "، چهار قلعه, Kabul, Afghanistan",
  "phone": "+966592904354",
  "country-code": "AF",
  "country": "Afghanistan"
 },
 {
  "id": 60,
  "name": "Shah Du Shamshira Jamia Mosque",
  "address": "Kabul, Afghanistan",
  "phone": "",
  "country-code": "AF",
  "country": "Afghanistan"
 },
 {
  "id": 61,
  "name": "Museum OMAR - اومر ميوزيم",
  "address": "34.503°N 69., Block 157-158 Walkway, Kabul, Afghanistan",
  "phone": "3450369157158",
  "country-code": "AF",
  "country": "Afghanistan"
 },
 {
  "id": 62,
  "name": "Daral Aman Palace",
  "address": "Asmayi Rd, Kabul, Afghanistan",
  "phone": "+93780669577",
  "country-code": "AF",
  "country": "Afghanistan"
 },
 {
  "id": 63,
  "name": "Queen's Palace-قصر ملکه",
  "address": "Darulaman Rd, Kabul, Afghanistan",
  "phone": "",
  "country-code": "AF",
  "country": "Afghanistan"
 },
 {
  "id": 64,
  "name": "Tomb of Taimur shah Durrani",
  "address": "Kabul, Afghanistan",
  "phone": "+93749752216",
  "country-code": "AF",
  "country": "Afghanistan"
 },
 {
  "id": 65,
  "name": "Kabul International Airport",
  "address": "Kabul, Afghanistan",
  "phone": "+93202300016",
  "country-code": "AF",
  "country": "Afghanistan"
 },
 {
  "id": 66,
  "name": "Kabul City Center",
  "address": "قلعه اختیارالدین (ارگ تاریخی هرات)، جاده انصاری, Herat, Afghanistan",
  "phone": "+93728084000",
  "country-code": "AF",
  "country": "Afghanistan"
 },
 {
  "id": 67,
  "name": "Qargha Reservoir",
  "address": "Bamyan, Afghanistan",
  "phone": "",
  "country-code": "AF",
  "country": "Afghanistan"
 },
 {
  "id": 68,
  "name": "Kabul",
  "address": "Ø¨Ù†Ø§Ù‡Ù ÛŒØ§Ø¯Ú¯Ø§Ø±ÛŒ Ø¯Ù‡Ù…Ø²Ù†Ú¯ØŒ, Kabul, Afghanistan",
  "phone": "",
  "country-code": "AF",
  "country": "Afghanistan"
 },
 {
  "id": 69,
  "name": "ball mound ثپه توپ",
  "address": "Military Fort, Kabul, Afghanistan",
  "phone": "",
  "country-code": "AF",
  "country": "Afghanistan"
 },
 {
  "id": 70,
  "name": "Qargha lake",
  "address": "Kabul, Afghanistan",
  "phone": "",
  "country-code": "AF",
  "country": "Afghanistan"
 },
 {
  "id": 71,
  "name": "Garden of Noorzad - باغ نورزاد",
  "address": "Unnamed Road, Kabul, Afghanistan",
  "phone": "",
  "country-code": "AF",
  "country": "Afghanistan"
 },
 {
  "id": 72,
  "name": "Ø§Ø±ØºÙ†Ø¯ÙŠ ÙˆÙ„Ø³ÙˆØ§Ù„Û",
  "address": "، ارغندی, Kabul, Afghanistan",
  "phone": "",
  "country-code": "AF",
  "country": "Afghanistan"
 },
 {
  "id": 73,
  "name": "Royal Afghan Hotel",
  "address": "، Kandahar c Ahmed agha Jjs Kkdk Jsjjdjjsjjs، 3333, Afghanistan",
  "phone": "+93707812531",
  "country-code": "AF",
  "country": "Afghanistan"
 },
 {
  "id": 74,
  "name": "Noor jahan Hotel نورجهان هوټل",
  "address": "Kandahar, Afghanistan",
  "phone": "",
  "country-code": "AF",
  "country": "Afghanistan"
 },
 {
  "id": 75,
  "name": "Afghan Continental guest house",
  "address": "Unnamed Road, Kandahar, Afghanistan",
  "phone": "+93749274422",
  "country-code": "AF",
  "country": "Afghanistan"
 },
 {
  "id": 76,
  "name": "Dubai inn Hotel Kandahar",
  "address": "Kandahar, Afghanistan",
  "phone": "+93700203222",
  "country-code": "AF",
  "country": "Afghanistan"
 },
 {
  "id": 77,
  "name": "ماما حکیم شورم",
  "address": "Kandahar, Afghanistan",
  "phone": "+93790000541",
  "country-code": "AF",
  "country": "Afghanistan"
 },
 {
  "id": 78,
  "name": "Noor jahan Hotel نورجهان هوټل",
  "address": "A75, Kandahar, Afghanistan",
  "phone": "",
  "country-code": "AF",
  "country": "Afghanistan"
 },
 {
  "id": 79,
  "name": "Yarana Hotel And Restaurant",
  "address": "Kandahar, Afghanistan",
  "phone": "+93700004655",
  "country-code": "AF",
  "country": "Afghanistan"
 },
 {
  "id": 80,
  "name": "Taj muhal",
  "address": "Kandahar, Afghanistan",
  "phone": "+93700305806",
  "country-code": "AF",
  "country": "Afghanistan"
 },
 {
  "id": 81,
  "name": "Mirwais Hotel",
  "address": "Kandahar, Afghanistan",
  "phone": "",
  "country-code": "AF",
  "country": "Afghanistan"
 },
 {
  "id": 82,
  "name": "Ghazni Hotel غزنى هوټل",
  "address": "Kandahar 7845, Afghanistan",
  "phone": "+93700000535",
  "country-code": "AF",
  "country": "Afghanistan"
 },
 {
  "id": 83,
  "name": "Khosh Naseeb Wedding Hall",
  "address": "Kandahar, Afghanistan",
  "phone": "",
  "country-code": "AF",
  "country": "Afghanistan"
 },
 {
  "id": 84,
  "name": "شاندار بريانی. Shandar biryani",
  "address": "Kandahar, Afghanistan",
  "phone": "",
  "country-code": "AF",
  "country": "Afghanistan"
 },
 {
  "id": 85,
  "name": "KDR Hotel کندهار هوټل",
  "address": "Kandahar, Afghanistan",
  "phone": "",
  "country-code": "AF",
  "country": "Afghanistan"
 },
 {
  "id": 86,
  "name": "Asman Hotel",
  "address": "Kandahar, Afghanistan",
  "phone": "",
  "country-code": "AF",
  "country": "Afghanistan"
 },
 {
  "id": 87,
  "name": "Lodin hotel",
  "address": "Kandahar, Afghanistan",
  "phone": "",
  "country-code": "AF",
  "country": "Afghanistan"
 },
 {
  "id": 88,
  "name": "Hagi Noor Ahmad House",
  "address": "Afghanistan",
  "phone": "",
  "country-code": "AF",
  "country": "Afghanistan"
 },
 {
  "id": 89,
  "name": "حمیده",
  "address": "AH1, Kandahar, Afghanistan",
  "phone": "",
  "country-code": "AF",
  "country": "Afghanistan"
 },
 {
  "id": 90,
  "name": "Testy GolGappi",
  "address": "Kandahar 1234, Afghanistan",
  "phone": "",
  "country-code": "AF",
  "country": "Afghanistan"
 },
 {
  "id": 91,
  "name": "Ajirstan Hotel",
  "address": "Kandahar, Afghanistan",
  "phone": "",
  "country-code": "AF",
  "country": "Afghanistan"
 },
 {
  "id": 92,
  "name": "هتل بابی سخی",
  "address": "Kandahar, Afghanistan",
  "phone": "",
  "country-code": "AF",
  "country": "Afghanistan"
 },
 {
  "id": 93,
  "name": "Zaytoon restaurant",
  "address": "Kandahar, Afghanistan",
  "phone": "",
  "country-code": "AF",
  "country": "Afghanistan"
 },
 {
  "id": 94,
  "name": "کندهار برياني",
  "address": "Kandahar, Afghanistan",
  "phone": "",
  "country-code": "AF",
  "country": "Afghanistan"
 },
 {
  "id": 95,
  "name": "Al Farhad Shiraz Restaurant",
  "address": "kandahar shahidano chok, قندهار،, Kandahar, Afghanistan",
  "phone": "",
  "country-code": "AF",
  "country": "Afghanistan"
 },
 {
  "id": 96,
  "name": "delicious Pizza (خوندوره پیزا)",
  "address": "Shkarpor Bazar Kandahar شکارپور بازار, Kandahar, Afghanistan",
  "phone": "+93700002861",
  "country-code": "AF",
  "country": "Afghanistan"
 },
 {
  "id": 97,
  "name": "Kandahar Buryani",
  "address": "Chowk Madad Kandahar, 3802, Afghanistan",
  "phone": "+93700949540",
  "country-code": "AF",
  "country": "Afghanistan"
 },
 {
  "id": 98,
  "name": "Foodies of Kandahar",
  "address": "Kandahar, Afghanistan",
  "phone": "+93700320342",
  "country-code": "AF",
  "country": "Afghanistan"
 },
 {
  "id": 99,
  "name": "Aino",
  "address": "Unnamed Road, Kandahar, Afghanistan",
  "phone": "+93700369800",
  "country-code": "AF",
  "country": "Afghanistan"
 },
 {
  "id": 100,
  "name": "Afshar restaurant",
  "address": "AH1, قندهار،, Afghanistan",
  "phone": "+93700207117",
  "country-code": "AF",
  "country": "Afghanistan"
 },
 {
  "id": 101,
  "name": "Afghania Restaurant And Guesthouse Ø§ÙØºØ§Ù†ÛŒÙ‡ Ø±Ø³Ù¼ÙˆØ±Ø§Ù†Ù¼ Ø§Ùˆ Ù…ÛŒÙ„Ù…Ø³ØªÙˆÙ†",
  "address": "Kandahar, Afghanistan",
  "phone": "+93700763176",
  "country-code": "AF",
  "country": "Afghanistan"
 },
 {
  "id": 102,
  "name": "Ø±Ø­Ù…Øª Ø§Ù„Ù„Û",
  "address": "Kandahar, Afghanistan",
  "phone": "",
  "country-code": "AF",
  "country": "Afghanistan"
 },
 {
  "id": 103,
  "name": "Arghandab",
  "address": "Kandahar, Afghanistan",
  "phone": "",
  "country-code": "AF",
  "country": "Afghanistan"
 },
 {
  "id": 104,
  "name": "ترکمن آقچه رستورانت",
  "address": "Kandahar, Afghanistan",
  "phone": "",
  "country-code": "AF",
  "country": "Afghanistan"
 },
 {
  "id": 105,
  "name": "Al Bilal Restaurant",
  "address": "Unnamed Road, Kandahar, Afghanistan",
  "phone": "",
  "country-code": "AF",
  "country": "Afghanistan"
 },
 {
  "id": 106,
  "name": "shandar biryani",
  "address": "Kandahar, Afghanistan",
  "phone": "",
  "country-code": "AF",
  "country": "Afghanistan"
 },
 {
  "id": 107,
  "name": "Cafeteria Ú©ÙØªØ±ÛŒØ§",
  "address": "2.street, Kandahar 1001, Afghanistan",
  "phone": "+93747845912",
  "country-code": "AF",
  "country": "Afghanistan"
 },
 {
  "id": 108,
  "name": "Pizza King 👑",
  "address": "AH1, قندهار،, Afghanistan",
  "phone": "+93700228314",
  "country-code": "AF",
  "country": "Afghanistan"
 },
 {
  "id": 109,
  "name": "Kandahar Fish Center",
  "address": "27 \u0026 28 street Aino mena Kandahar, 0093, Afghanistan",
  "phone": "27280093",
  "country-code": "AF",
  "country": "Afghanistan"
 },
 {
  "id": 110,
  "name": "Alam Khan Baghalani",
  "address": "Unnamed Road, Kandahar, Afghanistan",
  "phone": "+93700070519",
  "country-code": "AF",
  "country": "Afghanistan"
 },
 {
  "id": 111,
  "name": "NFC COMPLEX",
  "address": "Kandahar 3802, Afghanistan",
  "phone": "+93700791100",
  "country-code": "AF",
  "country": "Afghanistan"
 },
 {
  "id": 112,
  "name": "Taj mahal restaurants and coffee shop",
  "address": "Kandahar, Afghanistan",
  "phone": "",
  "country-code": "AF",
  "country": "Afghanistan"
 },
 {
  "id": 113,
  "name": "Ø§Ù„Ø³Ø¹Ø§Ø¯Ø§Øª Ù¾ÛŒØ´Ù† ÙØ±ÙˆØ´ÛŒ Ø´Ø±Ú©Øª",
  "address": "near Mirwais hotel, Shafakhana Sarak, Kandahar, Afghanistan",
  "phone": "+93798180080",
  "country-code": "AF",
  "country": "Afghanistan"
 },
 {
  "id": 114,
  "name": "Millennium Shopping Mall",
  "address": "kandhar chaina market kandahar afghanistan, 0093, Afghanistan",
  "phone": "+93706078934",
  "country-code": "AF",
  "country": "Afghanistan"
 },
 {
  "id": 115,
  "name": "الماس انلاین مغازه",
  "address": "Nawi Sarak Rd, Kandahar 3801, Afghanistan",
  "phone": "+93700315432",
  "country-code": "AF",
  "country": "Afghanistan"
 },
 {
  "id": 116,
  "name": "maz plaza",
  "address": "Kandahar, Afghanistan",
  "phone": "+93700070870",
  "country-code": "AF",
  "country": "Afghanistan"
 },
 {
  "id": 117,
  "name": "Itminan Watch Center Ø§Ø·Ù…ÛŒÙ†Ø§Ù† Ø³Ø§Ø¹Øª Ù¾Ù„ÙˆØ±Ù†ÚÛŒ",
  "address": "Afghanistan",
  "phone": "+93700355083",
  "country-code": "AF",
  "country": "Afghanistan"
 },
 {
  "id": 118,
  "name": "Shkapor darwaza",
  "address": "ناحیه۲چوک نژدی جاپان شاپنگ سینٹر, Kandahar, Afghanistan",
  "phone": "+93707866666",
  "country-code": "AF",
  "country": "Afghanistan"
 },
 {
  "id": 119,
  "name": "قریشی عمده شرکت Qureshi Center Limited",
  "address": "A1, Kandahar, Afghanistan",
  "phone": "+93700315129",
  "country-code": "AF",
  "country": "Afghanistan"
 },
 {
  "id": 120,
  "name": "جاپان شاپنگ سینتر",
  "address": "s Main road, Kandahar, Afghanistan",
  "phone": "",
  "country-code": "AF",
  "country": "Afghanistan"
 },
 {
  "id": 121,
  "name": "Milko Almaka Plaza Branch",
  "address": "Unnamed Road, Kandahar, Afghanistan",
  "phone": "+93700306400",
  "country-code": "AF",
  "country": "Afghanistan"
 },
 {
  "id": 122,
  "name": "Al-Jadeed Market",
  "address": "BAMIZO, Afghanistan",
  "phone": "+93704004506",
  "country-code": "AF",
  "country": "Afghanistan"
 },
 {
  "id": 123,
  "name": "Milko Bacha Khan Jada Branch",
  "address": "Kandahar, Afghanistan",
  "phone": "",
  "country-code": "AF",
  "country": "Afghanistan"
 },
 {
  "id": 124,
  "name": "Japan shopping center",
  "address": "Hirat Bazaar, Kandahar 3801, Afghanistan",
  "phone": "+93700305865",
  "country-code": "AF",
  "country": "Afghanistan"
 },
 {
  "id": 125,
  "name": "Sameemi supermarket",
  "address": "Kandahar 9 district, Afghanistan",
  "phone": "+93700065060",
  "country-code": "AF",
  "country": "Afghanistan"
 },
 {
  "id": 126,
  "name": "Azizi Plaza",
  "address": "Kandahar 0093, Afghanistan",
  "phone": "+93703931624",
  "country-code": "AF",
  "country": "Afghanistan"
 },
 {
  "id": 127,
  "name": "Haji Dawood Mobile Shop \u0026 Repairing Center",
  "address": "Kandahar, Afghanistan",
  "phone": "",
  "country-code": "AF",
  "country": "Afghanistan"
 },
 {
  "id": 128,
  "name": "Kandahar Center",
  "address": "Kandahar, Afghanistan",
  "phone": "+93700912030",
  "country-code": "AF",
  "country": "Afghanistan"
 },
 {
  "id": 129,
  "name": "Al Bilal clothes center",
  "address": "11th Street, Kandahar, Afghanistan",
  "phone": "+93700658080",
  "country-code": "AF",
  "country": "Afghanistan"
 },
 {
  "id": 130,
  "name": "Madina Cloths Center",
  "address": "Kandahar, Afghanistan",
  "phone": "+93771540550",
  "country-code": "AF",
  "country": "Afghanistan"
 },
 {
  "id": 131,
  "name": "Etemad Cloths Center",
  "address": "new, Sarak, Afghanistan",
  "phone": "+93700782646",
  "country-code": "AF",
  "country": "Afghanistan"
 },
 {
  "id": 132,
  "name": "Safa Center",
  "address": "Kandahar, Afghanistan",
  "phone": "+93702330826",
  "country-code": "AF",
  "country": "Afghanistan"
 },
 {
  "id": 133,
  "name": "The National Museum of Afghanistan",
  "address": "Darul-Malemin road Kandahar, 0093, Afghanistan",
  "phone": "+93700303054",
  "country-code": "AF",
  "country": "Afghanistan"
 },
 {
  "id": 134,
  "name": "Glacier National Park",
  "address": "Airport Road, Afghanistan",
  "phone": "+93703007296",
  "country-code": "AF",
  "country": "Afghanistan"
 },
 {
  "id": 135,
  "name": "Rani Gat Buddhists Ruins",
  "address": "Bamyan, Afghanistan",
  "phone": "",
  "country-code": "AF",
  "country": "Afghanistan"
 },
 {
  "id": 136,
  "name": "Butkara I",
  "address": "Darulaman Rd, Kabul, Afghanistan",
  "phone": "",
  "country-code": "AF",
  "country": "Afghanistan"
 },
 {
  "id": 137,
  "name": "Mazar Hotel",
  "address": "Ruzh, Mazar-i-Sharif, Afghanistan",
  "phone": "+93798654238",
  "country-code": "AF",
  "country": "Afghanistan"
 },
 {
  "id": 138,
  "name": "Qishlaq Compound || محوطه قشلاق",
  "address": "Block 1, Mazar-i-Sharif, Afghanistan",
  "phone": "",
  "country-code": "AF",
  "country": "Afghanistan"
 },
 {
  "id": 139,
  "name": "Hotel Nemroz",
  "address": "ØŒ Ù…Ø²Ø§Ø± Ø´Ø±ÛŒÙØŒ, Afghanistan",
  "phone": "",
  "country-code": "AF",
  "country": "Afghanistan"
 },
 {
  "id": 140,
  "name": "Zarafshan Hotel",
  "address": "12 mazar, 1701, Afghanistan",
  "phone": "",
  "country-code": "AF",
  "country": "Afghanistan"
 },
 {
  "id": 141,
  "name": "سالون عروسی خالد آرزو",
  "address": "Unnamed Road, Mazar-i-Sharif, Afghanistan",
  "phone": "",
  "country-code": "AF",
  "country": "Afghanistan"
 },
 {
  "id": 142,
  "name": "قصر شاهی",
  "address": "street 5, lane 5, Mazar-i-Sharif, Afghanistan",
  "phone": "",
  "country-code": "AF",
  "country": "Afghanistan"
 },
 {
  "id": 143,
  "name": "Jabar Dargha Hotel",
  "address": "، جاده شادیان, Mazar-i-Sharif, Afghanistan",
  "phone": "+93777518548",
  "country-code": "AF",
  "country": "Afghanistan"
 },
 {
  "id": 144,
  "name": "h.rah",
  "address": "Mazar-i-Sharif, Afghanistan",
  "phone": "+93700983055",
  "country-code": "AF",
  "country": "Afghanistan"
 },
 {
  "id": 145,
  "name": "Karwan Balkh Guest House",
  "address": "Airport Rd, Mazar-i-Sharif, Afghanistan",
  "phone": "+93728525252",
  "country-code": "AF",
  "country": "Afghanistan"
 },
 {
  "id": 146,
  "name": "Nazargah Guesthouse \u0026 Restaurant",
  "address": "Mazar-i-Sharif, Afghanistan",
  "phone": "+93790500040",
  "country-code": "AF",
  "country": "Afghanistan"
 },
 {
  "id": 147,
  "name": "Arsalan Guest House مهمانسرا ارسلان",
  "address": "ØŒØŒ Ù…Ø²Ø§Ø± Ø´Ø±ÛŒÙØŒ, Afghanistan",
  "phone": "",
  "country-code": "AF",
  "country": "Afghanistan"
 },
 {
  "id": 148,
  "name": "Ù¾Ø§Ø±Ú© Ú©Ù„ØªÙˆØ±ÛŒ Ùˆ ÙØ±Ù‡Ù†Ú¯ÛŒ Ù…ÙˆÙ„Ø§Ù†Ø§ Ø¬Ù„Ø§Ù„ Ø§Ù„Ø¯ÛŒÙ† Ù…Ø­Ù…Ø¯ Ø¨Ù„Ø®ÛŒ",
  "address": "ØŒ Ù…Ø²Ø§Ø± Ø´Ø±ÛŒÙØŒ, Afghanistan",
  "phone": "",
  "country-code": "AF",
  "country": "Afghanistan"
 },
 {
  "id": 149,
  "name": "سیزده منزله آریانا",
  "address": "Karte Mamorin, Mazar-i-Sharif, Afghanistan",
  "phone": "+93797111100",
  "country-code": "AF",
  "country": "Afghanistan"
 },
 {
  "id": 150,
  "name": "Roshan Plaza Hotel",
  "address": "Mazar-i-Sharif, Afghanistan",
  "phone": "",
  "country-code": "AF",
  "country": "Afghanistan"
 },
 {
  "id": 151,
  "name": "Ù…Ø§Ø±Ú©Øª ÙØ§Ø±ÛŒØ§Ø¨ÛŒ",
  "address": "Mazar-i-Sharif, Afghanistan",
  "phone": "",
  "country-code": "AF",
  "country": "Afghanistan"
 },
 {
  "id": 152,
  "name": "Haji aziz home",
  "address": "Unnamed Road, Mazar-i-Sharif, Afghanistan",
  "phone": "",
  "country-code": "AF",
  "country": "Afghanistan"
 },
 {
  "id": 153,
  "name": "قصر عروسی وکیل زاده",
  "address": "Mazar-i-Sharif, Afghanistan",
  "phone": "",
  "country-code": "AF",
  "country": "Afghanistan"
 },
 {
  "id": 154,
  "name": "Ù‡ÙˆØªÙ„ Ø¹Ø±ÙˆØ³ÛŒ Ù‡Ù…Ø³ÙØ± Hamsafar Hotel",
  "address": "Unnamed Road, Mazar-i-Sharif, Afghanistan",
  "phone": "",
  "country-code": "AF",
  "country": "Afghanistan"
 },
 {
  "id": 155,
  "name": "Torabi Market",
  "address": "Mazar-i-Sharif, Afghanistan",
  "phone": "+93786512512",
  "country-code": "AF",
  "country": "Afghanistan"
 },
 {
  "id": 156,
  "name": "Quislaq Hotel",
  "address": "Mazar-i-Sharif, Afghanistan",
  "phone": "",
  "country-code": "AF",
  "country": "Afghanistan"
 },
 {
  "id": 157,
  "name": "Chicken hot restaurant",
  "address": "Guzar eshan ha Mazar sharif, 1702, Afghanistan",
  "phone": "+93780997777",
  "country-code": "AF",
  "country": "Afghanistan"
 },
 {
  "id": 158,
  "name": "Mazar Pizza",
  "address": "Unnamed Road, Mazar-i-Sharif, Afghanistan",
  "phone": "+93788409988",
  "country-code": "AF",
  "country": "Afghanistan"
 },
 {
  "id": 159,
  "name": "احسان پلو",
  "address": "East of Zabihullah Shahid Crossroads, behind Saina Stadium, Mazar-i-Sharif, Afghanistan",
  "phone": "+93797953002",
  "country-code": "AF",
  "country": "Afghanistan"
 },
 {
  "id": 160,
  "name": "Mansour Restaurant رستورانت منصور",
  "address": "Kefayat Round about Mazar e sharif, 5123, Afghanistan",
  "phone": "+93784311311",
  "country-code": "AF",
  "country": "Afghanistan"
 },
 {
  "id": 161,
  "name": "Sultan Bahce Restaurant",
  "address": "Mazar-i-Sharif, Afghanistan",
  "phone": "+93770422999",
  "country-code": "AF",
  "country": "Afghanistan"
 },
 {
  "id": 162,
  "name": "رستورانت یونیک Unique Restaurant",
  "address": "Shadian Rd, Mazar-i-Sharif, Afghanistan",
  "phone": "+93729045000",
  "country-code": "AF",
  "country": "Afghanistan"
 },
 {
  "id": 163,
  "name": "Etifaq Pizza",
  "address": "Ú©ÙˆÚ†Ù‡ Ø´Ø±Ø´Ø±Ù‡ Mazari Sharif, Ù…Ø²Ø§Ø± Ø´Ø±ÛŒÙØŒ 1701, Afghanistan",
  "phone": "+93700516363",
  "country-code": "AF",
  "country": "Afghanistan"
 },
 {
  "id": 164,
  "name": "Habibi Restaurant",
  "address": "Mazar-i-Sharif, Afghanistan",
  "phone": "+93799999999",
  "country-code": "AF",
  "country": "Afghanistan"
 },
 {
  "id": 165,
  "name": "Sofra Istanbul restaurant",
  "address": "Kart e mamorin Mazar e sharif, Mazar-i-Sharif, Afghanistan",
  "phone": "+93786294444",
  "country-code": "AF",
  "country": "Afghanistan"
 },
 {
  "id": 166,
  "name": "Dera Restaurant",
  "address": "18 Chaman Street, Mazar-i-Sharif, Afghanistan",
  "phone": "+93782486365",
  "country-code": "AF",
  "country": "Afghanistan"
 },
 {
  "id": 167,
  "name": "Rose Restaurant",
  "address": "Mazar-i-Sharif, Afghanistan",
  "phone": "+93799283530",
  "country-code": "AF",
  "country": "Afghanistan"
 },
 {
  "id": 168,
  "name": "کارته اول بخدی",
  "address": "Shadian Rd, Mazar-i-Sharif, Afghanistan",
  "phone": "+93731140003",
  "country-code": "AF",
  "country": "Afghanistan"
 },
 {
  "id": 169,
  "name": "Mazar Nan Restaurant مزار نان",
  "address": "غرب چهاراهی ذبیح الله شهید،, سرک, حلقوی, Mazar-i-Sharif, Afghanistan",
  "phone": "+93789478000",
  "country-code": "AF",
  "country": "Afghanistan"
 },
 {
  "id": 170,
  "name": "Ajmal Peshawari Kabab اجمل پشاوری چپلی کباب",
  "address": "Mazar-i-Sharif, Afghanistan",
  "phone": "",
  "country-code": "AF",
  "country": "Afghanistan"
 },
 {
  "id": 171,
  "name": "کلبهء هوسانه",
  "address": "Mazar-i-Sharif, Afghanistan",
  "phone": "+93777178866",
  "country-code": "AF",
  "country": "Afghanistan"
 },
 {
  "id": 172,
  "name": "Akaturk Restaurant",
  "address": "Mazar-i-Sharif, Afghanistan",
  "phone": "+93799201831",
  "country-code": "AF",
  "country": "Afghanistan"
 },
 {
  "id": 173,
  "name": "Baghcha Mazar Restaurant and Hookah",
  "address": "Mazar-i-Sharif, Afghanistan",
  "phone": "+93700516155",
  "country-code": "AF",
  "country": "Afghanistan"
 },
 {
  "id": 174,
  "name": "رستورانت پارس",
  "address": "Service Rd, Mazar-i-Sharif, Afghanistan",
  "phone": "+93799304630",
  "country-code": "AF",
  "country": "Afghanistan"
 },
 {
  "id": 175,
  "name": "شیریخ پزی حاجی عبدالرحیم",
  "address": "Mazar-i-Sharif, Afghanistan",
  "phone": "+93729222203",
  "country-code": "AF",
  "country": "Afghanistan"
 },
 {
  "id": 176,
  "name": "رستورانت برادران",
  "address": "Mazar-i-Sharif, Afghanistan",
  "phone": "+93789634449",
  "country-code": "AF",
  "country": "Afghanistan"
 },
 {
  "id": 177,
  "name": "Asghari Shopping Mall",
  "address": "3rd street, Bulkdi 2, 8th district گذر بخدی دوم، مقابل مسجد حضرت صدیق اکبر Mazar e Sharif, 1701, Afghanistan",
  "phone": "+93789607740",
  "country-code": "AF",
  "country": "Afghanistan"
 },
 {
  "id": 178,
  "name": "Majidi Business Center- مرکز تجارتی مجیدی",
  "address": "Shop No. 205 and 206, Mazar business Center, Darwaza-e-Balkh, District No.4, Mazar-i-Sharif, Afghanistan",
  "phone": "+93782709149",
  "country-code": "AF",
  "country": "Afghanistan"
 },
 {
  "id": 179,
  "name": "Mawla Ali Shopping Center- مارکیت مولاعلی",
  "address": "Mazar-i-Sharif, Afghanistan",
  "phone": "",
  "country-code": "AF",
  "country": "Afghanistan"
 },
 {
  "id": 180,
  "name": "Ù…Ø±Ú©Ø² Ú†Ø§Ù¾ Ø¯ÛŒØ¬ÛŒØªÙ„ÛŒ Ùˆ ÙÙˆØªÙˆÚ©Ø§Ù¾ÛŒ Ø¢Ø±ÛŒØ§Ù†Ø§",
  "address": "Mazar-i-Sharif, Afghanistan",
  "phone": "+93776653535",
  "country-code": "AF",
  "country": "Afghanistan"
 },
 {
  "id": 181,
  "name": "Sina Mobile سینا موبایل",
  "address": "Mazar-i-Sharif, Afghanistan",
  "phone": "",
  "country-code": "AF",
  "country": "Afghanistan"
 },
 {
  "id": 182,
  "name": "Kamal Nabizada Business Center",
  "address": "Mazar-i-Sharif, Afghanistan",
  "phone": "",
  "country-code": "AF",
  "country": "Afghanistan"
 },
 {
  "id": 183,
  "name": "Jawzjani Shopping Center",
  "address": "Seh Dokan area, PD#3,, Mazar-i-Sharif, Afghanistan",
  "phone": "",
  "country-code": "AF",
  "country": "Afghanistan"
 },
 {
  "id": 184,
  "name": "Noor Business Center مارکیت تجارتی نور",
  "address": "Mazar-i-Sharif, Afghanistan",
  "phone": "",
  "country-code": "AF",
  "country": "Afghanistan"
 },
 {
  "id": 185,
  "name": "World Sensor -- جهانی سنسور",
  "address": "Mazar-i-Sharif, Afghanistan",
  "phone": "+93793414146",
  "country-code": "AF",
  "country": "Afghanistan"
 },
 {
  "id": 186,
  "name": "Azghari Market",
  "address": "، چهار راهي الكوزي, Mazar-i-Sharif, Afghanistan",
  "phone": "+93796213809",
  "country-code": "AF",
  "country": "Afghanistan"
 },
 {
  "id": 187,
  "name": "Roshan Store Bakhter Underground Shopping Center",
  "address": "Mazar-i-Sharif, Afghanistan",
  "phone": "+93799407001",
  "country-code": "AF",
  "country": "Afghanistan"
 },
 {
  "id": 188,
  "name": "Mustafa Reshad Computer \u0026 Mobile center",
  "address": "Kabul, Afghanistan",
  "phone": "+93700222111",
  "country-code": "AF",
  "country": "Afghanistan"
 },
 {
  "id": 189,
  "name": "Bahbur Business \u0026 Residential Center",
  "address": "balkh safid, masque, بلخ، Afghanistan",
  "phone": "+93798370331",
  "country-code": "AF",
  "country": "Afghanistan"
 },
 {
  "id": 190,
  "name": "Wahid Markit",
  "address": "Mazar-i-Sharif, Afghanistan",
  "phone": "",
  "country-code": "AF",
  "country": "Afghanistan"
 },
 {
  "id": 191,
  "name": "Ø¯ÙØªØ± ÙØ±ÙˆØ´Ø§Øª Ù…Ø±Ø¨Ø§ Ø´Ø§Ù†Ø§ ØŒ Ù„Ø¨Ù†ÛŒØ§Øª Ø±Ø§Ù…Ú© Ùˆ Ú©Ø§Ù„Ù‡",
  "address": "Unnamed Road, Mazar-i-Sharif, Afghanistan",
  "phone": "+93799317544",
  "country-code": "AF",
  "country": "Afghanistan"
 },
 {
  "id": 192,
  "name": "SUPER MARKET ALMADINA QARI PLAZA",
  "address": "Mazar-i-Sharif, Afghanistan",
  "phone": "",
  "country-code": "AF",
  "country": "Afghanistan"
 },
 {
  "id": 193,
  "name": "Taktaz Shahar Travel \u0026 Tour Agency",
  "address": "Rawze mobarak City Wak Shopping center Shop#: 14 Mazar e sharif, 0093, Afghanistan",
  "phone": "",
  "country-code": "AF",
  "country": "Afghanistan"
 },
 {
  "id": 194,
  "name": "Ghazi Business Center",
  "address": "Mazar-i-Sharif, Afghanistan",
  "phone": "+491796639827",
  "country-code": "AF",
  "country": "Afghanistan"
 },
 {
  "id": 195,
  "name": "Brand Zone",
  "address": "Kabul, Afghanistan",
  "phone": "",
  "country-code": "AF",
  "country": "Afghanistan"
 },
 {
  "id": 196,
  "name": "آرایشگاه زنانه",
  "address": "بلوار مسعود شهید, Mazar-i-Sharif, Afghanistan",
  "phone": "+93798404048",
  "country-code": "AF",
  "country": "Afghanistan"
 },
 {
  "id": 197,
  "name": "Shrine of Hazrat Ali",
  "address": "Mazar-i-Sharif, Afghanistan",
  "phone": "",
  "country-code": "AF",
  "country": "Afghanistan"
 },
 {
  "id": 198,
  "name": "South Park of Rawza e Sharif Ù¾Ø§Ø±Ú© Ø¬Ù†ÙˆØ¨ÛŒ Ø±ÙˆØ¶Ù‡ Ø´Ø±ÛŒÙ",
  "address": "Mazar-i-Sharif, Afghanistan",
  "phone": "",
  "country-code": "AF",
  "country": "Afghanistan"
 },
 {
  "id": 199,
  "name": "Mazar-i-Sharif",
  "address": "Kabul, Afghanistan",
  "phone": "+93749752216",
  "country-code": "AF",
  "country": "Afghanistan"
 },
 {
  "id": 200,
  "name": "Buddha of Bamyan",
  "address": "4th frloor, Mohammad Ibrahim Gran Market,East of Blue Mosque, Mazari Sharif, Afghanistan",
  "phone": "+93780004629",
  "country-code": "AF",
  "country": "Afghanistan"
 },
 {
  "id": 201,
  "name": "Qishlaq Compound || محوطه قشلاق",
  "address": "Airport Rd, Mazar-i-Sharif, Afghanistan",
  "phone": "+93728525252",
  "country-code": "AF",
  "country": "Afghanistan"
 },
 {
  "id": 202,
  "name": "Pul-e Kheshti Mosque",
  "address": "Mazar-i-Sharif, Afghanistan",
  "phone": "+93539610659",
  "country-code": "AF",
  "country": "Afghanistan"
 },
 {
  "id": 203,
  "name": "Mazari Sharif",
  "address": "Bamyan, Afghanistan",
  "phone": "",
  "country-code": "AF",
  "country": "Afghanistan"
 },
 {
  "id": 204,
  "name": "Mazar-e-Quaid",
  "address": "، The Great Masoud St, Mazar-i-Sharif, Afghanistan",
  "phone": "",
  "country-code": "AF",
  "country": "Afghanistan"
 },
 {
  "id": 205,
  "name": "LLC Iincoln Learning Center",
  "address": "سرک منشی عظیم, Mazar-i-Sharif, Afghanistan",
  "phone": "",
  "country-code": "AF",
  "country": "Afghanistan"
 },
 {
  "id": 206,
  "name": "Live activities",
  "address": "Shortaqzar St, Mazar-i-Sharif, Afghanistan",
  "phone": "",
  "country-code": "AF",
  "country": "Afghanistan"
 },
 {
  "id": 207,
  "name": "Arg Hotel",
  "address": "Herat, Afghanistan",
  "phone": "+93799828245",
  "country-code": "AF",
  "country": "Afghanistan"
 },
 {
  "id": 208,
  "name": "هتل کاخ Kakh Hotel",
  "address": "Herat, Afghanistan",
  "phone": "+93799230000",
  "country-code": "AF",
  "country": "Afghanistan"
 },
 {
  "id": 209,
  "name": "SIKANDER HOTEL",
  "address": "Nastaran 4, Guzara, Afghanistan",
  "phone": "+93790144000",
  "country-code": "AF",
  "country": "Afghanistan"
 },
 {
  "id": 210,
  "name": "Fifty Fifty Restaurant",
  "address": "Bagh-e-Mellat, Roodaki Hwy, Herat, Herat, Afghanistan",
  "phone": "",
  "country-code": "AF",
  "country": "Afghanistan"
 },
 {
  "id": 211,
  "name": "رستورانت لبخند",
  "address": "Herat, Afghanistan",
  "phone": "+93797555050",
  "country-code": "AF",
  "country": "Afghanistan"
 },
 {
  "id": 212,
  "name": "Isteqlal Restaurant",
  "address": "Herat, Afghanistan",
  "phone": "",
  "country-code": "AF",
  "country": "Afghanistan"
 },
 {
  "id": 213,
  "name": "PARMIS Luxury Restaurant",
  "address": "Herat, Afghanistan",
  "phone": "+93799202069",
  "country-code": "AF",
  "country": "Afghanistan"
 },
 {
  "id": 214,
  "name": "Khaima Restaurant",
  "address": "هرات، سرک ۶۴ متره - نبش صادق ۳۸ Herat, 3002, Afghanistan",
  "phone": "+93799110034",
  "country-code": "AF",
  "country": "Afghanistan"
 },
 {
  "id": 215,
  "name": "رستورانت تنین",
  "address": "Arbabzadeh ha street, Herat, Afghanistan",
  "phone": "+93799497474",
  "country-code": "AF",
  "country": "Afghanistan"
 },
 {
  "id": 216,
  "name": "Arman Cafe",
  "address": "Herat, Afghanistan",
  "phone": "",
  "country-code": "AF",
  "country": "Afghanistan"
 },
 {
  "id": 217,
  "name": "رستورات دیگچه و بقچه",
  "address": "16 Ghahreman Melli Blvd, Herat, Afghanistan",
  "phone": "+93700300900",
  "country-code": "AF",
  "country": "Afghanistan"
 },
 {
  "id": 218,
  "name": "رستورانت آش برگ باغچه",
  "address": "Herat, Afghanistan",
  "phone": "+93747425050",
  "country-code": "AF",
  "country": "Afghanistan"
 },
 {
  "id": 219,
  "name": "Baghe Behesht Family Restaurant",
  "address": "16 Ghahreman Melli Blvd, Herat, Afghanistan",
  "phone": "+93799208282",
  "country-code": "AF",
  "country": "Afghanistan"
 },
 {
  "id": 220,
  "name": "هرات کباب و پیتزا 99",
  "address": "IN front of Stadium, Herat, Afghanistan",
  "phone": "+93798677000",
  "country-code": "AF",
  "country": "Afghanistan"
 },
 {
  "id": 221,
  "name": "Mehrbano cafe and fastfast food",
  "address": "Roodaki Hwy, Herat, Afghanistan",
  "phone": "",
  "country-code": "AF",
  "country": "Afghanistan"
 },
 {
  "id": 222,
  "name": "1001 Nights Restaurant",
  "address": "Presidency of HRH, Khaja Ali Movafaq Rd, Herat, Afghanistan",
  "phone": "+93799071708",
  "country-code": "AF",
  "country": "Afghanistan"
 },
 {
  "id": 223,
  "name": "Holidays cafe and restaurant",
  "address": "Bagh -e- Azadi Ave, Herat, Afghanistan",
  "phone": "+93799240625",
  "country-code": "AF",
  "country": "Afghanistan"
 },
 {
  "id": 224,
  "name": "Hari Fast Food Ù‡Ø±ÛŒ ÙØ³Øª ÙÙˆØ¯",
  "address": "Ferdousi 1, Herat, Afghanistan",
  "phone": "+93795613030",
  "country-code": "AF",
  "country": "Afghanistan"
 },
 {
  "id": 225,
  "name": "Restaurant Shaghayegh",
  "address": "Mahtab Street., Herat, Afghanistan",
  "phone": "+93794891010",
  "country-code": "AF",
  "country": "Afghanistan"
 },
 {
  "id": 226,
  "name": "رستورانت خیمه",
  "address": "A77, Herat, Afghanistan",
  "phone": "+93799079675",
  "country-code": "AF",
  "country": "Afghanistan"
 },
 {
  "id": 227,
  "name": "ÙØ³Øª ÙÙˆØ¯ Ù…Ø±Ø³ÛŒ Merci Fast Food",
  "address": "District 6, Afghanistan",
  "phone": "+93744225555",
  "country-code": "AF",
  "country": "Afghanistan"
 },
 {
  "id": 228,
  "name": "Shame Heray Resturant",
  "address": "AH1, هرات،, Afghanistan",
  "phone": "+93792237777",
  "country-code": "AF",
  "country": "Afghanistan"
 },
 {
  "id": 229,
  "name": "رستوران ریحان",
  "address": "A77, Herat, Afghanistan",
  "phone": "",
  "country-code": "AF",
  "country": "Afghanistan"
 },
 {
  "id": 230,
  "name": "Milly Center",
  "address": "banki khoon، Jada, Martyr Mirvais Sadeq Rd, Herat 0093, Afghanistan",
  "phone": "+93704334224",
  "country-code": "AF",
  "country": "Afghanistan"
 },
 {
  "id": 231,
  "name": "Herat Mazda Center هرات مازدا سنتر",
  "address": "Herat, Afghanistan",
  "phone": "+93706101089",
  "country-code": "AF",
  "country": "Afghanistan"
 },
 {
  "id": 232,
  "name": "هرات بزنس سنتر",
  "address": "شهید صادق 4, Herat, Afghanistan",
  "phone": "+93799090452",
  "country-code": "AF",
  "country": "Afghanistan"
 },
 {
  "id": 233,
  "name": "ÙØ±ÙˆØ´Ú¯Ø§Ù‡ Ø²Ù†Ø¬ÛŒØ±Ù‡ Ø§ÛŒ Ø¨ÛŒÙ†Ø¸ÛŒØ±",
  "address": "Herat, Afghanistan",
  "phone": "+93794449996",
  "country-code": "AF",
  "country": "Afghanistan"
 },
 {
  "id": 234,
  "name": "Mujtaba market center",
  "address": "Shop#101 Golestan Super Market, Daneshjo Road, Herat City, Afghanistan",
  "phone": "",
  "country-code": "AF",
  "country": "Afghanistan"
 },
 {
  "id": 235,
  "name": "Meral Alam Business Center",
  "address": "بکر آباد مایل هروی ۹, Herat, Afghanistan",
  "phone": "+93797252306",
  "country-code": "AF",
  "country": "Afghanistan"
 },
 {
  "id": 236,
  "name": "Paris Plaza Ù¾Ø§Ø±ÛŒØ³ Ù¾Ù„Ø§Ø²Û",
  "address": "، جاده عیدگاه،, Herat, Afghanistan",
  "phone": "",
  "country-code": "AF",
  "country": "Afghanistan"
 },
 {
  "id": 237,
  "name": "Me \u0026 U Beauty Center",
  "address": "خیابان مهندس جلال, Herat, Afghanistan",
  "phone": "+93707428962",
  "country-code": "AF",
  "country": "Afghanistan"
 },
 {
  "id": 238,
  "name": "Asif clothes center",
  "address": "Herat, Afghanistan",
  "phone": "+93700693549",
  "country-code": "AF",
  "country": "Afghanistan"
 },
 {
  "id": 239,
  "name": "Itefaq Business Center",
  "address": "Herat, Afghanistan",
  "phone": "+93799496910",
  "country-code": "AF",
  "country": "Afghanistan"
 },
 {
  "id": 240,
  "name": "Kamran holesale center",
  "address": "Hafizi Plaza, Behzad Ave, Herat, Afghanistan",
  "phone": "+93793248888",
  "country-code": "AF",
  "country": "Afghanistan"
 },
 {
  "id": 241,
  "name": "Ø§Ù„Ø³Ø¹Ø§Ø¯Ø§Øª Ù¾ÛŒØ´Ù† ÙØ±ÙˆØ´ÛŒ Ø´Ø±Ú©Øª",
  "address": "قلعه اختیارالدین (ارگ تاریخی هرات)، جاده انصاری, Herat, Afghanistan",
  "phone": "+93728084000",
  "country-code": "AF",
  "country": "Afghanistan"
 },
 {
  "id": 242,
  "name": "Jamal Supermarket سوپرمارکت جمال",
  "address": "Kabul, Afghanistan",
  "phone": "+93799909624",
  "country-code": "AF",
  "country": "Afghanistan"
 },
 {
  "id": 243,
  "name": "Yaqin Plaza",
  "address": "Shop#75 Mili Center, Chawk Gulha, Herat City, Afghanistan",
  "phone": "",
  "country-code": "AF",
  "country": "Afghanistan"
 },
 {
  "id": 244,
  "name": "IBN Sina Market",
  "address": "AH1, Herat, Afghanistan",
  "phone": "",
  "country-code": "AF",
  "country": "Afghanistan"
 },
 {
  "id": 245,
  "name": "Maryam Shopping Center",
  "address": "AH1, Herat, Afghanistan",
  "phone": "",
  "country-code": "AF",
  "country": "Afghanistan"
 },
 {
  "id": 246,
  "name": "Rabi Shopping Center",
  "address": "Eidgah Ave, Herat, Afghanistan",
  "phone": "",
  "country-code": "AF",
  "country": "Afghanistan"
 },
 {
  "id": 247,
  "name": "Miral Business Center",
  "address": "Kabul 1003, Afghanistan",
  "phone": "+93786000001",
  "country-code": "AF",
  "country": "Afghanistan"
 },
 {
  "id": 248,
  "name": "Kasra Market",
  "address": "Ghahraman, Ghahreman Melli Blvd, Herat, Afghanistan",
  "phone": "+93777888000",
  "country-code": "AF",
  "country": "Afghanistan"
 },
 {
  "id": 249,
  "name": "Majid Mall",
  "address": "Eidgah Ave, Herat, Afghanistan",
  "phone": "",
  "country-code": "AF",
  "country": "Afghanistan"
 },
 {
  "id": 250,
  "name": "Spinghar Hotel - سپين غر هوټل",
  "address": "parking, Jalalabad, Afghanistan",
  "phone": "",
  "country-code": "AF",
  "country": "Afghanistan"
 },
 {
  "id": 251,
  "name": "Royal House Hotel And Restaurant",
  "address": "Jalalabad, Afghanistan",
  "phone": "+93777181066",
  "country-code": "AF",
  "country": "Afghanistan"
 },
 {
  "id": 252,
  "name": "White House Hotel",
  "address": "Jalalabad, Afghanistan",
  "phone": "",
  "country-code": "AF",
  "country": "Afghanistan"
 },
 {
  "id": 253,
  "name": "Emarat Wedding Hall تـــالار عروسی امارات",
  "address": "Jalalabad, Afghanistan",
  "phone": "",
  "country-code": "AF",
  "country": "Afghanistan"
 },
 {
  "id": 254,
  "name": "Shamshad Hotal \u0026 Resturant",
  "address": "city, Jalalabad, Afghanistan",
  "phone": "",
  "country-code": "AF",
  "country": "Afghanistan"
 },
 {
  "id": 255,
  "name": "Afghan Shahi",
  "address": "Jalalabad, Afghanistan",
  "phone": "+93783192047",
  "country-code": "AF",
  "country": "Afghanistan"
 },
 {
  "id": 256,
  "name": "Qari , Hotal ,Talasy Chawk",
  "address": "Behind Teaching University Hospital Jalalabad city Jalalabad, 2601, Afghanistan",
  "phone": "+93700376090",
  "country-code": "AF",
  "country": "Afghanistan"
 },
 {
  "id": 257,
  "name": "غوچک قلعه خان",
  "address": "Jalalabad Bypass Rd, Ada, Afghanistan",
  "phone": "",
  "country-code": "AF",
  "country": "Afghanistan"
 },
 {
  "id": 258,
  "name": "Sultan Hotel \u0026 Restaurant",
  "address": "AH1, Jalalabad, Afghanistan",
  "phone": "+93780003334",
  "country-code": "AF",
  "country": "Afghanistan"
 },
 {
  "id": 259,
  "name": "Almas Sham Hotel",
  "address": "Jalalabad - Konar Rd, Jalalabad, Afghanistan",
  "phone": "+93782002530",
  "country-code": "AF",
  "country": "Afghanistan"
 },
 {
  "id": 260,
  "name": "Ù…ØµØ·ÙÛŒ Ù‡ÙˆÙ¼Ù„",
  "address": "Jalalabad, Afghanistan",
  "phone": "",
  "country-code": "AF",
  "country": "Afghanistan"
 },
 {
  "id": 261,
  "name": "Khalij-e-Sharq Wedding Hall تالار عروسی خلیج شرق",
  "address": "Araban, Jalalabad, Afghanistan",
  "phone": "+93786635583",
  "country-code": "AF",
  "country": "Afghanistan"
 },
 {
  "id": 262,
  "name": "Spogmi Guest House",
  "address": "Unnamed Road, Jalalabad, Afghanistan",
  "phone": "",
  "country-code": "AF",
  "country": "Afghanistan"
 },
 {
  "id": 263,
  "name": "New Insaf Hotel",
  "address": "Bihsud Rd, Jalalabad, Afghanistan",
  "phone": "",
  "country-code": "AF",
  "country": "Afghanistan"
 },
 {
  "id": 264,
  "name": "Ø§Ù†ØµØ§Ù Ú†Ù‡Ø§Ø±Ø¯Ù‡ÙŠ Ù‡ÙˆÙ¼Ù„",
  "address": "Jalalabad, Afghanistan",
  "phone": "",
  "country-code": "AF",
  "country": "Afghanistan"
 },
 {
  "id": 265,
  "name": "Super Max Hotel and Restaurant",
  "address": "Jalalabad, Afghanistan",
  "phone": "",
  "country-code": "AF",
  "country": "Afghanistan"
 },
 {
  "id": 266,
  "name": "Waheed",
  "address": "Jalalabad, Afghanistan",
  "phone": "+93784040197",
  "country-code": "AF",
  "country": "Afghanistan"
 },
 {
  "id": 267,
  "name": "حاجی معین حجره",
  "address": "Jalalabad, Afghanistan",
  "phone": "",
  "country-code": "AF",
  "country": "Afghanistan"
 },
 {
  "id": 268,
  "name": "Hamza home",
  "address": "Jalalabad, Afghanistan",
  "phone": "",
  "country-code": "AF",
  "country": "Afghanistan"
 },
 {
  "id": 269,
  "name": "Akhunzada hotel",
  "address": "Jalalabad, Afghanistan",
  "phone": "",
  "country-code": "AF",
  "country": "Afghanistan"
 }
]