[
 {
  "id": 1,
  "name": "Hotel Costa Verde Inn",
  "address": "1 km oeste de centro comercial Paco, San Rafael, Escazu, San José, Escazú, 60111, Costa Rica",
  "phone": "+50622886762",
  "country-code": "CR",
  "country": "Costa Rica"
 },
 {
  "id": 2,
  "name": "Wyndham Garden San Jose Escazu",
  "address": "San José Province, San Rafael de Escazú, Costa Rica",
  "phone": "+50622082400",
  "country-code": "CR",
  "country": "Costa Rica"
 },
 {
  "id": 3,
  "name": "AC Hotel by Marriott San Jose Escazu",
  "address": "San José Province, San Rafael de Escazú, Costa Rica",
  "phone": "+50622894444",
  "country-code": "CR",
  "country": "Costa Rica"
 },
 {
  "id": 4,
  "name": "Tierra Mágica Bed and Breakfast \u0026 Art Studio",
  "address": "San José Province, San Rafael de Escazú, Costa Rica",
  "phone": "+50622896994",
  "country-code": "CR",
  "country": "Costa Rica"
 },
 {
  "id": 5,
  "name": "La Colina Inn",
  "address": "Calle 120 / entre Avenidas 34 y 36, San José Province, Escazu, 10201, Costa Rica",
  "phone": "120343610201",
  "country-code": "CR",
  "country": "Costa Rica"
 },
 {
  "id": 6,
  "name": "Aparthotel \u0026 Suites Villas del Rio",
  "address": "San José - Escazú, Autop. Próspero Fernández, San José, San Rafael, 02388, Costa Rica",
  "phone": "+50640319999",
  "country-code": "CR",
  "country": "Costa Rica"
 },
 {
  "id": 7,
  "name": "Residence Inn by Marriott San Jose Escazu",
  "address": "Avenida 2, San José Province, San Rafael de Escazú, Costa Rica",
  "phone": "+50625884300",
  "country-code": "CR",
  "country": "Costa Rica"
 },
 {
  "id": 8,
  "name": "Casa 41",
  "address": "3 Blocks South 2nd Cemetery, San José, Escazú, Costa Rica",
  "phone": "+50622284080",
  "country-code": "CR",
  "country": "Costa Rica"
 },
 {
  "id": 9,
  "name": "InterContinental Costa Rica at Multiplaza Mall, an IHG Hotel",
  "address": "Avenida Escazu Complex, Autop. Próspero Fernández, San José Province, Escazu, 10203, Costa Rica",
  "phone": "+50625884500",
  "country-code": "CR",
  "country": "Costa Rica"
 },
 {
  "id": 10,
  "name": "Out Of Bounds Hotel",
  "address": "In Front Of Multiplaza Shopping Center Escazu, San José Province, San José, 10202, Costa Rica",
  "phone": "+50622082100",
  "country-code": "CR",
  "country": "Costa Rica"
 },
 {
  "id": 11,
  "name": "Alta Hotel",
  "address": "Av. 48A, Hatillo 4, San José, 40703, Costa Rica",
  "phone": "6+648440703",
  "country-code": "CR",
  "country": "Costa Rica"
 },
 {
  "id": 12,
  "name": "Tara Resort Hotel, Spa \u0026 Casino",
  "address": "350m norte del Hospital Nacional de Niños, Avenidas 3 y 5, C. 20, San José, Costa Rica",
  "phone": "+50622228936",
  "country-code": "CR",
  "country": "Costa Rica"
 },
 {
  "id": 13,
  "name": "Courtyard by Marriott San Jose Escazu",
  "address": "CR 1973, Avenue 7 7, Heredia Province, Heredia, Costa Rica",
  "phone": "+50622602905",
  "country-code": "CR",
  "country": "Costa Rica"
 },
 {
  "id": 14,
  "name": "Trebol Amarillo Bed \u0026 Breakfast",
  "address": "3rd Avenue 9 \u0026 11, San José, 10101, Costa Rica",
  "phone": "391110101",
  "country-code": "CR",
  "country": "Costa Rica"
 },
 {
  "id": 15,
  "name": "Sheraton San Jose Hotel",
  "address": "Residencial Doña Claudia, #28, Heredia Province, Costa Rica",
  "phone": "+50622391303",
  "country-code": "CR",
  "country": "Costa Rica"
 },
 {
  "id": 16,
  "name": "Casa Reflejos",
  "address": "Calle 13, Otoya, San José Province, San José, 10101, Costa Rica",
  "phone": "+451310101",
  "country-code": "CR",
  "country": "Costa Rica"
 },
 {
  "id": 17,
  "name": "DoubleTree by Hilton Hotel Cariari San Jose - Costa Rica",
  "address": "Radial Francisco J. Orlich Plaza Los Mangos, Alajuela Province, Alajuela, 20109, Costa Rica",
  "phone": "+50624292700",
  "country-code": "CR",
  "country": "Costa Rica"
 },
 {
  "id": 18,
  "name": "Hostel Monte Campana Escazu",
  "address": "tarbaca, aserrí, San José, Rosario, Costa Rica",
  "phone": "+50622304941",
  "country-code": "CR",
  "country": "Costa Rica"
 },
 {
  "id": 19,
  "name": "Fogo",
  "address": "400m west of soccer field, Costa Rica, Alajuela, Costa Rica",
  "phone": "+50624310776",
  "country-code": "CR",
  "country": "Costa Rica"
 },
 {
  "id": 20,
  "name": "ALMA Glamping",
  "address": "In Front of ZooAve, Provincia de Alajuela, La Garita, 20113, Costa Rica",
  "phone": "+50624338382",
  "country-code": "CR",
  "country": "Costa Rica"
 },
 {
  "id": 21,
  "name": "Ester`s Place",
  "address": "Av. 6 38, San Francisco, San José, Costa Rica",
  "phone": "+50688893476",
  "country-code": "CR",
  "country": "Costa Rica"
 },
 {
  "id": 22,
  "name": "Costa Rica Marriott Hotel Hacienda Belen",
  "address": "Calle el comun, Rosales, Desamparados, Provincia de Alajuela, Alajuela, 20110, Costa Rica",
  "phone": "+50661749157",
  "country-code": "CR",
  "country": "Costa Rica"
 },
 {
  "id": 23,
  "name": "Wyndham San José Herradura",
  "address": "Avenida Escazu Complex Prospero Fernandez Highway, San José, Escazú, 10203, Costa Rica",
  "phone": "+50625884500",
  "country-code": "CR",
  "country": "Costa Rica"
 },
 {
  "id": 24,
  "name": "Hotel Portal Colonial",
  "address": "Diagonal a Mc Donald del Centro Comercial Cariari, Autop. Gral. Cañas, Heredia, 40101, Costa Rica",
  "phone": "+50622092300",
  "country-code": "CR",
  "country": "Costa Rica"
 },
 {
  "id": 25,
  "name": "Hostel Monte Campana Escazu",
  "address": "Bosques de Doña Claudia, Av. 48 Casa 22, Cariari, Heredia, San José, 40703, Costa Rica",
  "phone": "482240703",
  "country-code": "CR",
  "country": "Costa Rica"
 },
 {
  "id": 26,
  "name": "Hilton Garden Inn Santa Ana San Jose",
  "address": "Av. Central, El Carmen, San José, 10303, Costa Rica",
  "phone": "+50622225022",
  "country-code": "CR",
  "country": "Costa Rica"
 },
 {
  "id": 27,
  "name": "ALMA Glamping",
  "address": "Alajuela Province, Río Segundo, Costa Rica",
  "phone": "+50624411024",
  "country-code": "CR",
  "country": "Costa Rica"
 },
 {
  "id": 28,
  "name": "Hotel Barceló San José",
  "address": "Radial Francisco J. Orlich Plaza Los Mangos, Alajuela Province, Alajuela, 20109, Costa Rica",
  "phone": "+50624292500",
  "country-code": "CR",
  "country": "Costa Rica"
 },
 {
  "id": 29,
  "name": "Rincón del Valle Hotel \u0026 Suites",
  "address": "Casa 23, Bosques de Doña Claudia, Heredia Province, Cariari, 40703, Costa Rica",
  "phone": "+50684394242",
  "country-code": "CR",
  "country": "Costa Rica"
 },
 {
  "id": 30,
  "name": "Apartotel Don Francisco",
  "address": "hacienda el rodeo, el rodeo de ciudad colon de la iglesia catolica 100 mts norte a mano derecha, Rodeo, 21560, Costa Rica",
  "phone": "10021560",
  "country-code": "CR",
  "country": "Costa Rica"
 },
 {
  "id": 31,
  "name": "Hotel Casa Roland San Jose",
  "address": "Av. 4, Pitahaya, San José, Costa Rica",
  "phone": "+50622212928",
  "country-code": "CR",
  "country": "Costa Rica"
 },
 {
  "id": 32,
  "name": "Hotel Villa Los Candiles",
  "address": "San José Province, San Antonio, 10202, Costa Rica",
  "phone": "+50683244000",
  "country-code": "CR",
  "country": "Costa Rica"
 },
 {
  "id": 33,
  "name": "Salamandra Room",
  "address": "Plaza Irazú, Autop. Gral. Cañas Km 3, Robledal, San José Province, San José, 10107, Costa Rica",
  "phone": "+50621065100",
  "country-code": "CR",
  "country": "Costa Rica"
 },
 {
  "id": 34,
  "name": "Costa Rica Tennis Club Hotel",
  "address": "Calle Central, y Tercera, San José, 10604, Costa Rica",
  "phone": "+50620106000",
  "country-code": "CR",
  "country": "Costa Rica"
 },
 {
  "id": 35,
  "name": "Gran Hotel Costa Rica, Curio Collection by Hilton",
  "address": "Sobre, Autop. Gral. Cañas, Cariari, Heredia Province, San José, 40701, Costa Rica",
  "phone": "+50622392272",
  "country-code": "CR",
  "country": "Costa Rica"
 },
 {
  "id": 36,
  "name": "Hotel Isla Verde",
  "address": "Calle 56,San José, San José, 10108, Costa Rica",
  "phone": "+50660309668",
  "country-code": "CR",
  "country": "Costa Rica"
 },
 {
  "id": 37,
  "name": "Aranjuez Lofts",
  "address": "Calle Rosa Blanca Heredia, Santa Bárbara, Costa Rica",
  "phone": "+50622699555",
  "country-code": "CR",
  "country": "Costa Rica"
 },
 {
  "id": 38,
  "name": "Colours Oasis Resort LGTBQ+",
  "address": "Heredia Province, Heredia, Costa Rica",
  "phone": "+50622930909",
  "country-code": "CR",
  "country": "Costa Rica"
 },
 {
  "id": 39,
  "name": "Crowne Plaza San Jose Corobici Conf. Center",
  "address": "Av. 48A, Cariari, Heredia, Belén, 40703, Costa Rica",
  "phone": "+24840703",
  "country-code": "CR",
  "country": "Costa Rica"
 },
 {
  "id": 40,
  "name": "Palma Real",
  "address": "Cariari, Los Arcos, rotonda #1, #17, Heredia, 40701, Costa Rica",
  "phone": "11740701",
  "country-code": "CR",
  "country": "Costa Rica"
 },
 {
  "id": 41,
  "name": "Crowne Plaza San Jose Corobici Conf. Center",
  "address": "Airport Blvd, 1, Alajuela Province, Alajuela, 20109, Costa Rica",
  "phone": "+50624360000",
  "country-code": "CR",
  "country": "Costa Rica"
 },
 {
  "id": 42,
  "name": "Palma Real",
  "address": "Avenida de la Marina 12(Calle84 Access Rd. to Plaza Cariari--Take a RT. 450 mtrs.Mtrs we are on the L. before the Yellow Bridge over the River Ave. La Marina, #12 (Calle 84 San Antonio de Belen Heredia Cariari, Asuncion, de, 40307, Costa Rica",
  "phone": "1284450128440307",
  "country-code": "CR",
  "country": "Costa Rica"
 },
 {
  "id": 43,
  "name": "Aloft San Jose Hotel, Costa Rica",
  "address": "400 sur del Mc Donald's, C. Machete, San José Province, Santa Ana, 20090, Costa Rica",
  "phone": "40020090",
  "country-code": "CR",
  "country": "Costa Rica"
 },
 {
  "id": 44,
  "name": "Vista Canyon Inn",
  "address": "C. 54, Morenos, San José, Costa Rica",
  "phone": "+50625194100",
  "country-code": "CR",
  "country": "Costa Rica"
 },
 {
  "id": 45,
  "name": "Casa Jardin del Mango",
  "address": "Entrada, Calle 15, Cartago Province, San José, 2400, Costa Rica",
  "phone": "+50625867300",
  "country-code": "CR",
  "country": "Costa Rica"
 },
 {
  "id": 46,
  "name": "Holiday Inn Express San Jose Costa Rica Airport",
  "address": "Calle 5, El Carmen, San José Province, San José, 10101, Costa Rica",
  "phone": "+50625231000",
  "country-code": "CR",
  "country": "Costa Rica"
 },
 {
  "id": 47,
  "name": "Irazú Hotel \u0026 Studios",
  "address": "Av. 6, San Bosco, CR-P, San José, 10103, Costa Rica",
  "phone": "+50641101100",
  "country-code": "CR",
  "country": "Costa Rica"
 },
 {
  "id": 48,
  "name": "Cariari Country Club",
  "address": "150 metros norte de Restaurante Rostipollos, C. 48, San José, 10105, Costa Rica",
  "phone": "1504810105",
  "country-code": "CR",
  "country": "Costa Rica"
 },
 {
  "id": 49,
  "name": "Hotel Posada Canal Grande",
  "address": "P.º Colón, San Francisco, San José, 10108, Costa Rica",
  "phone": "+50625472000",
  "country-code": "CR",
  "country": "Costa Rica"
 },
 {
  "id": 50,
  "name": "Fleur De Lys Hotel",
  "address": "Contiguo a la Escuela, C. Santo Tomás, Heredia, Santo Domingo, 40302, Costa Rica",
  "phone": "+50622441414",
  "country-code": "CR",
  "country": "Costa Rica"
 },
 {
  "id": 51,
  "name": "Hotel Cypress",
  "address": "C. Luisa 100, Gral Cañas, San José, 10108, Costa Rica",
  "phone": "10010108",
  "country-code": "CR",
  "country": "Costa Rica"
 },
 {
  "id": 52,
  "name": "Hotel Don Ernesto de Hacienda La Chimba",
  "address": "La esquina de Calle 92 con Avenida 21, San José Province, San José, 10109, Costa Rica",
  "phone": "922110109",
  "country-code": "CR",
  "country": "Costa Rica"
 },
 {
  "id": 53,
  "name": "Casa Lima B\u0026B",
  "address": "500 mts. Este del Aeropuerto Intl. Juan Santamaria., Alajuela, 00215, Costa Rica",
  "phone": "50000215",
  "country-code": "CR",
  "country": "Costa Rica"
 },
 {
  "id": 54,
  "name": "Quality Hotel Real San Jose",
  "address": "Avenue 8 4-6, Heredia, Costa Rica",
  "phone": "+50622607781",
  "country-code": "CR",
  "country": "Costa Rica"
 },
 {
  "id": 55,
  "name": "Hotel Del Rey",
  "address": "Calle 30, San Bosco, San José, 10101, Costa Rica",
  "phone": "+50622553322",
  "country-code": "CR",
  "country": "Costa Rica"
 },
 {
  "id": 56,
  "name": "Adventure Inn Hotel",
  "address": "104, Av. 39, Santa Fé, San José, Costa Rica",
  "phone": "+50664690118",
  "country-code": "CR",
  "country": "Costa Rica"
 },
 {
  "id": 57,
  "name": "The Train Suites Escalante",
  "address": "Costa Rica, San José Province, San José, la favorita邮政编码: 10109",
  "phone": "+50671370680",
  "country-code": "CR",
  "country": "Costa Rica"
 },
 {
  "id": 58,
  "name": "BIN Bed\u0026Breakfast",
  "address": "Calle35, Av. 8, San José, 1011, Costa Rica",
  "phone": "+50622347850",
  "country-code": "CR",
  "country": "Costa Rica"
 },
 {
  "id": 59,
  "name": "Le Bergerac",
  "address": "Condominio Nota Escalante San José, Barrio Escalante, San Pedro, 10101, Costa Rica",
  "phone": "+50660424000",
  "country-code": "CR",
  "country": "Costa Rica"
 },
 {
  "id": 60,
  "name": "Hotel Grano De Oro",
  "address": "Av. 1, El Carmen, San José, 10101, Costa Rica",
  "phone": "+50622577800",
  "country-code": "CR",
  "country": "Costa Rica"
 },
 {
  "id": 61,
  "name": "Hotel Mango",
  "address": "Pozos, San José Province, Santa Ana, Costa Rica",
  "phone": "+50622046700",
  "country-code": "CR",
  "country": "Costa Rica"
 },
 {
  "id": 62,
  "name": "XIN Bed \u0026 Breakfast",
  "address": "50 meters east of Los Arcos, Ciudad Cariari, San José Province, San José, Costa Rica",
  "phone": "+50622392633",
  "country-code": "CR",
  "country": "Costa Rica"
 },
 {
  "id": 63,
  "name": "The Stay Inn",
  "address": "Ave 25 entre calle 100 y 102, San José, Costa Rica",
  "phone": "25100102",
  "country-code": "CR",
  "country": "Costa Rica"
 },
 {
  "id": 64,
  "name": "Suites Cristina Apart-Hotel`",
  "address": "Del Mini Super Rio Oro 1,7 km al sur y 350m oeste, San, San José, Río Oro, 10904, Costa Rica",
  "phone": "1735010904",
  "country-code": "CR",
  "country": "Costa Rica"
 },
 {
  "id": 65,
  "name": "Hotel Hojarascas",
  "address": "La Aurora, Heredia, Costa Rica",
  "phone": "",
  "country-code": "CR",
  "country": "Costa Rica"
 },
 {
  "id": 66,
  "name": "Hotel Parque Del Lago San Jose",
  "address": "40701, Heredia, Costa Rica",
  "phone": "+50640823300",
  "country-code": "CR",
  "country": "Costa Rica"
 },
 {
  "id": 67,
  "name": "Bougainvillea Hotel",
  "address": "Calle 13 entre Avenidas 2 Y 6, San José Province, San José, 10736, Costa Rica",
  "phone": "132610736",
  "country-code": "CR",
  "country": "Costa Rica"
 },
 {
  "id": 68,
  "name": "La Sabana Hotel, Suites and Apartments",
  "address": "Plaza Irazú, Robledal, San José, 10107, Costa Rica",
  "phone": "+50622909300",
  "country-code": "CR",
  "country": "Costa Rica"
 },
 {
  "id": 69,
  "name": "Park Inn by Radisson San Jose, Costa Rica",
  "address": "500m al Sur de la Terminal de Buses de Piedades de, San José Province, Santa Ana, Costa Rica",
  "phone": "+50622824089",
  "country-code": "CR",
  "country": "Costa Rica"
 },
 {
  "id": 70,
  "name": "Aurola Holiday Inn San José",
  "address": "Al Este Del Aeropuerto Internacional Juan Santamaria, 1 Km, San José Province, San José, 20109, Costa Rica",
  "phone": "+50624430043",
  "country-code": "CR",
  "country": "Costa Rica"
 },
 {
  "id": 71,
  "name": "Hotel Luisiana",
  "address": "Av. 9 5801, Américas, San José, 10108, Costa Rica",
  "phone": "9580110108",
  "country-code": "CR",
  "country": "Costa Rica"
 },
 {
  "id": 72,
  "name": "Casa Conde Hotel \u0026 Suites",
  "address": "Av. 05A San José Brasil, 10906, Costa Rica",
  "phone": "8174704634",
  "country-code": "CR",
  "country": "Costa Rica"
 },
 {
  "id": 73,
  "name": "KC Hotel San Jose",
  "address": "norte del ICE, Sabana Norte, Av. 9, San José, Costa Rica",
  "phone": "+50643509090",
  "country-code": "CR",
  "country": "Costa Rica"
 },
 {
  "id": 74,
  "name": "Hampton by Hilton San Jose Airport",
  "address": "norte del ICE, Sabana Norte, Av. 9, San José, Costa Rica",
  "phone": "+50643509090",
  "country-code": "CR",
  "country": "Costa Rica"
 },
 {
  "id": 75,
  "name": "Cariari Bed and Breakfast",
  "address": "Radial A, San José, Santa Ana, 10901, Costa Rica",
  "phone": "+50622053535",
  "country-code": "CR",
  "country": "Costa Rica"
 },
 {
  "id": 76,
  "name": "Hotel Puerta Del Sol",
  "address": "contiguo al Parque Metropolitano La Sabana, Sabana Norte, San José Province, San José, 10108, Costa Rica",
  "phone": "+50625436000",
  "country-code": "CR",
  "country": "Costa Rica"
 },
 {
  "id": 77,
  "name": "La Casa de Cariari Al Golf",
  "address": "contiguo al Parque Metropolitano La Sabana, Sabana Norte, San José Province, San José, 10108, Costa Rica",
  "phone": "+50625436000",
  "country-code": "CR",
  "country": "Costa Rica"
 },
 {
  "id": 78,
  "name": "Hotel La Riviera",
  "address": "El Triangulo, Boulevard Rorhmoser Rorhmoser, San José, 11109, Costa Rica",
  "phone": "+50622961880",
  "country-code": "CR",
  "country": "Costa Rica"
 },
 {
  "id": 79,
  "name": "Finca Rosa Blanca Coffee Farm And Inn",
  "address": "San José Province, Río Oro, Costa Rica",
  "phone": "+50683420404",
  "country-code": "CR",
  "country": "Costa Rica"
 },
 {
  "id": 80,
  "name": "Country Inn \u0026 Suites By Radisson, San Jose Aeropuerto, Costa Rica",
  "address": "avenida 104 calle 106 2 cuadras Oeste de la Embajada Estados Unidos San José, 10109, Costa Rica",
  "phone": "104106210109",
  "country-code": "CR",
  "country": "Costa Rica"
 },
 {
  "id": 81,
  "name": "Holiday Inn San Jose la Sabana, an IHG Hotel",
  "address": "San José, San Rafael, San José, Escazú, 10201, Costa Rica",
  "phone": "+50683836141",
  "country-code": "CR",
  "country": "Costa Rica"
 },
 {
  "id": 82,
  "name": "Radisson San Jose-Costa Rica",
  "address": "Av. Central, El Carmen, San José, Costa Rica",
  "phone": "+50621039000",
  "country-code": "CR",
  "country": "Costa Rica"
 },
 {
  "id": 83,
  "name": "Hotel Columbus",
  "address": "san josé San José 4965, 1000, Costa Rica",
  "phone": "49651000",
  "country-code": "CR",
  "country": "Costa Rica"
 },
 {
  "id": 84,
  "name": "Vista Bella Rooms",
  "address": "Santa Catalina, San José Province, San José, 10107, Costa Rica",
  "phone": "+50622316571",
  "country-code": "CR",
  "country": "Costa Rica"
 },
 {
  "id": 85,
  "name": "LOP Inn",
  "address": "San José Province, San Rafael de Escazú, Costa Rica",
  "phone": "+50622892272",
  "country-code": "CR",
  "country": "Costa Rica"
 },
 {
  "id": 86,
  "name": "Hotel Hacienda El Rodeo",
  "address": "San José Province, Santa Ana, Costa Rica",
  "phone": "+50622828280",
  "country-code": "CR",
  "country": "Costa Rica"
 },
 {
  "id": 87,
  "name": "Fairfield by Marriott San Jose Airport Alajuela",
  "address": "Avenida 2A, Trejos Montealegre, San José Province, San Rafael de Escazú, Costa Rica",
  "phone": "+50640311351",
  "country-code": "CR",
  "country": "Costa Rica"
 },
 {
  "id": 88,
  "name": "Hotel Cacts",
  "address": "City Place, San José Province, Santa Ana, 10901, Costa Rica",
  "phone": "+50640374242",
  "country-code": "CR",
  "country": "Costa Rica"
 },
 {
  "id": 89,
  "name": "AC Hotel by Marriott San José",
  "address": "Calle 66, Las Vegas, San José, Costa Rica",
  "phone": "+50622961001",
  "country-code": "CR",
  "country": "Costa Rica"
 },
 {
  "id": 90,
  "name": "Alameda Cariari Boutique Hotel",
  "address": "Tanque Snaaex, Escazú, 10202, Costa Rica",
  "phone": "+50622697787",
  "country-code": "CR",
  "country": "Costa Rica"
 },
 {
  "id": 91,
  "name": "City Express San José Costa Rica",
  "address": "de, Bello Horizonte, San José, Escazú, 10203, Costa Rica",
  "phone": "+50670130351",
  "country-code": "CR",
  "country": "Costa Rica"
 },
 {
  "id": 92,
  "name": "Hotel Balmoral",
  "address": "de, Bello Horizonte, San José, Escazú, 10203, Costa Rica",
  "phone": "+50670130351",
  "country-code": "CR",
  "country": "Costa Rica"
 },
 {
  "id": 93,
  "name": "Hotel Casa Antigua",
  "address": "Avenida Roble 2B y, Trejos Montealegre, San José, San Rafael, 10203, Costa Rica",
  "phone": "+50688157562",
  "country-code": "CR",
  "country": "Costa Rica"
 },
 {
  "id": 94,
  "name": "Hotel Pibi Boreal",
  "address": "Residencial, Diag. 23A, Robledal, San José, 10107, Costa Rica",
  "phone": "+50622202034",
  "country-code": "CR",
  "country": "Costa Rica"
 },
 {
  "id": 95,
  "name": "Hotel sabana Inn",
  "address": "Autop. Gral. Cañas, Heredia, San José, 71880, Costa Rica",
  "phone": "+50622099800",
  "country-code": "CR",
  "country": "Costa Rica"
 },
 {
  "id": 96,
  "name": "Sportsmens Lodge",
  "address": "700 Meters West From Bridgestone/Firestone, Heredia Province, Heredia, 40703, Costa Rica",
  "phone": "70040703",
  "country-code": "CR",
  "country": "Costa Rica"
 },
 {
  "id": 97,
  "name": "Hotel Colinas AltaVista",
  "address": "Tanque Snaaex, Escazú, 10202, Costa Rica",
  "phone": "+50622697787",
  "country-code": "CR",
  "country": "Costa Rica"
 },
 {
  "id": 98,
  "name": "Hotel Martino Resort \u0026 Spa",
  "address": "San Antonio de Belen, Cariari, San José, 40703, Costa Rica",
  "phone": "+50622091000",
  "country-code": "CR",
  "country": "Costa Rica"
 },
 {
  "id": 99,
  "name": "Courtyard by Marriott San Jose Airport Alajuela",
  "address": "BELLO HORIZONTE, San José, Escazú, 10202, Costa Rica",
  "phone": "+50686792000",
  "country-code": "CR",
  "country": "Costa Rica"
 },
 {
  "id": 100,
  "name": "Trapp Family Country Inn",
  "address": "350 Metros Oeste Multiplaza, 27, San José Province, San José, 10203, Costa Rica",
  "phone": "3502710203",
  "country-code": "CR",
  "country": "Costa Rica"
 },
 {
  "id": 101,
  "name": "El Novillo Alegre Escazú",
  "address": "frente al BCR, Escazu Centro, Centro Comercial plaza, San José, Escazú, Costa Rica",
  "phone": "+50640348754",
  "country-code": "CR",
  "country": "Costa Rica"
 },
 {
  "id": 102,
  "name": "La Posada de las Brujas",
  "address": "San Rafael, San José, Escazu, 10203, Costa Rica",
  "phone": "+50622884995",
  "country-code": "CR",
  "country": "Costa Rica"
 },
 {
  "id": 103,
  "name": "Sin Domicilio Fijo",
  "address": "San José Province, Escazu, Costa Rica",
  "phone": "+50622885807",
  "country-code": "CR",
  "country": "Costa Rica"
 },
 {
  "id": 104,
  "name": "Pollos Malé",
  "address": "San José Province, Escazu, Costa Rica",
  "phone": "+50622281645",
  "country-code": "CR",
  "country": "Costa Rica"
 },
 {
  "id": 105,
  "name": "Casa Frida Kahlo Restaurante Escazú",
  "address": "Calle 132, entre Avenidas 32 y 34, CC Plaza Ciclón, local 9, San José, Escazú (Centro), 10201, Costa Rica",
  "phone": "1323234910201",
  "country-code": "CR",
  "country": "Costa Rica"
 },
 {
  "id": 106,
  "name": "P\u0026P Pupusas",
  "address": "y, Av 28 105, San José Province, Escazu, Costa Rica",
  "phone": "+50622280623",
  "country-code": "CR",
  "country": "Costa Rica"
 },
 {
  "id": 107,
  "name": "T.G.I. Friday's Escazú",
  "address": "Av. 32, San José, Escazú, Costa Rica",
  "phone": "+50622892545",
  "country-code": "CR",
  "country": "Costa Rica"
 },
 {
  "id": 108,
  "name": "La Casona De Laly",
  "address": "Maynard Plaza, San José Province, Escazu, Costa Rica",
  "phone": "+50688437637",
  "country-code": "CR",
  "country": "Costa Rica"
 },
 {
  "id": 109,
  "name": "Cevichera El Pibe Escazu",
  "address": "Calle Leon Cortes, Palma De Mallorca, San José Province, Escazu, Costa Rica",
  "phone": "+50640357076",
  "country-code": "CR",
  "country": "Costa Rica"
 },
 {
  "id": 110,
  "name": "Sushi \u0026 Wok",
  "address": "Carr. Vieja a Escazú, Palermo, San José, Escazú, Costa Rica",
  "phone": "",
  "country-code": "CR",
  "country": "Costa Rica"
 },
 {
  "id": 111,
  "name": "The Pub",
  "address": "Av. 32 134, San José, Escazú, Costa Rica",
  "phone": "+50622899461",
  "country-code": "CR",
  "country": "Costa Rica"
 },
 {
  "id": 112,
  "name": "Restaurante Donde Jairo",
  "address": "Food Court, Multiplaza, San José Province, Escazu, Costa Rica",
  "phone": "+50640529507",
  "country-code": "CR",
  "country": "Costa Rica"
 },
 {
  "id": 113,
  "name": "Casa Mia Bistro",
  "address": "San José, San Antonio, Costa Rica",
  "phone": "+50689255387",
  "country-code": "CR",
  "country": "Costa Rica"
 },
 {
  "id": 114,
  "name": "Soda La Amistad",
  "address": "310, San José Province, San Rafael de Escazú, Costa Rica",
  "phone": "+50670097765",
  "country-code": "CR",
  "country": "Costa Rica"
 },
 {
  "id": 115,
  "name": "Q'Tacos",
  "address": "San José Province, San Rafael de Escazú, Costa Rica",
  "phone": "+50621006531",
  "country-code": "CR",
  "country": "Costa Rica"
 },
 {
  "id": 116,
  "name": "La Querencia",
  "address": "Plaza del Valle, 105, San José, San Rafael, Costa Rica",
  "phone": "+50622895750",
  "country-code": "CR",
  "country": "Costa Rica"
 },
 {
  "id": 117,
  "name": "La Fonda Mexicana",
  "address": "Segundo Piso Centro Comercial Escazù Village, San José, San Rafael, 10203, Costa Rica",
  "phone": "+50622088902",
  "country-code": "CR",
  "country": "Costa Rica"
 },
 {
  "id": 118,
  "name": "El Rincón De Las Delicias",
  "address": "Pl. Los Laureles, San José, Escazú, Costa Rica",
  "phone": "+50640529517",
  "country-code": "CR",
  "country": "Costa Rica"
 },
 {
  "id": 119,
  "name": "Taj Mahal - An Ethnic Indian Restaurant, Escazu, Estd 2002",
  "address": "Trejos Montealegre, San José Province, San Rafael de Escazú, Costa Rica",
  "phone": "+50664251098",
  "country-code": "CR",
  "country": "Costa Rica"
 },
 {
  "id": 120,
  "name": "La Salvadita del Granjero",
  "address": "Dentro del Hotel Intercontinental Costa Rica, San José, Escazú, Costa Rica",
  "phone": "+50622082100",
  "country-code": "CR",
  "country": "Costa Rica"
 },
 {
  "id": 121,
  "name": "P\u0026P Pupusas",
  "address": "Centro Comercial Plaza Ciclón, San José Province, Escazu, Costa Rica",
  "phone": "+50622893432",
  "country-code": "CR",
  "country": "Costa Rica"
 },
 {
  "id": 122,
  "name": "Tap House - Avenida Escazú",
  "address": "San José Province, Escazu, Costa Rica",
  "phone": "+50622909595",
  "country-code": "CR",
  "country": "Costa Rica"
 },
 {
  "id": 123,
  "name": "T.G.I. Friday's Escazú",
  "address": "Calle 118 105, Trejos Montealegre, San José, San Rafael, Costa Rica",
  "phone": "+50622178787",
  "country-code": "CR",
  "country": "Costa Rica"
 },
 {
  "id": 124,
  "name": "La Casona De Laly",
  "address": "Av. 30, San José, Escazú, Costa Rica",
  "phone": "",
  "country-code": "CR",
  "country": "Costa Rica"
 },
 {
  "id": 125,
  "name": "Pizza Picola Pub",
  "address": "Plaza Amara, 3er. piso, Guachipelin, San José Province, San Rafael de Escazú, Costa Rica",
  "phone": "+50622190000",
  "country-code": "CR",
  "country": "Costa Rica"
 },
 {
  "id": 126,
  "name": "La Cascada",
  "address": "Manuel Zavaleta, San José, Escazú, Costa Rica",
  "phone": "+50622282784",
  "country-code": "CR",
  "country": "Costa Rica"
 },
 {
  "id": 127,
  "name": "Tsunami Sushi",
  "address": "Plaza del Valle, 105, Maynard, San José Province, San Rafael de Escazú, 10203, Costa Rica",
  "phone": "10510203",
  "country-code": "CR",
  "country": "Costa Rica"
 },
 {
  "id": 128,
  "name": "Cevichera El Pibe Escazu",
  "address": "Centro Comercial Plaza JUSO local #1, frente al Automercado, Carretera a Escazú Escazú, 10203, Costa Rica",
  "phone": "+50622589999",
  "country-code": "CR",
  "country": "Costa Rica"
 },
 {
  "id": 129,
  "name": "Gallo Rojo",
  "address": "San José Province, San Rafael de Escazú, Costa Rica",
  "phone": "+50622882740",
  "country-code": "CR",
  "country": "Costa Rica"
 },
 {
  "id": 130,
  "name": "Sushi \u0026 Wok",
  "address": "CC PLAZA REAL, San José, Escazú, Costa Rica",
  "phone": "+50622895785",
  "country-code": "CR",
  "country": "Costa Rica"
 },
 {
  "id": 131,
  "name": "Tacobar Escazú",
  "address": "Plaza Tempo San Rafael, Escazú, El Mestizo Barra #5, San José Province, Escazu, 10203, Costa Rica",
  "phone": "+50688610491",
  "country-code": "CR",
  "country": "Costa Rica"
 },
 {
  "id": 132,
  "name": "Black Tap Escazu",
  "address": "San José Province, San Rafael de Escazú, Costa Rica",
  "phone": "+50625884300",
  "country-code": "CR",
  "country": "Costa Rica"
 },
 {
  "id": 133,
  "name": "Restaurante Donde Jairo",
  "address": "Plaza Comercial, Plaza San Rafael, local 12, San José, Escazú, Costa Rica",
  "phone": "+50687738484",
  "country-code": "CR",
  "country": "Costa Rica"
 },
 {
  "id": 134,
  "name": "Gracia",
  "address": "San José Province, Escazu, Costa Rica",
  "phone": "+50661762524",
  "country-code": "CR",
  "country": "Costa Rica"
 },
 {
  "id": 135,
  "name": "The Pub",
  "address": "Carr. John F Kennedy, Maynard, San José, Escazú, Costa Rica",
  "phone": "+50685868878",
  "country-code": "CR",
  "country": "Costa Rica"
 },
 {
  "id": 136,
  "name": "Johnny Rockets",
  "address": "C. 134, San José, Escazú, 10201, Costa Rica",
  "phone": "13410201",
  "country-code": "CR",
  "country": "Costa Rica"
 },
 {
  "id": 137,
  "name": "nacionsushi",
  "address": "Plaza san Rafael Local #17, San José, Escazú, 10203, Costa Rica",
  "phone": "+50640800520",
  "country-code": "CR",
  "country": "Costa Rica"
 },
 {
  "id": 138,
  "name": "Señor Bowl Avenida Escazu",
  "address": "San José Province, San Rafael de Escazú, Costa Rica",
  "phone": "+50622895285",
  "country-code": "CR",
  "country": "Costa Rica"
 },
 {
  "id": 139,
  "name": "La Catrina Restaurante",
  "address": "310, Guachipelin, San José Province, San Rafael de Escazú, Costa Rica",
  "phone": "+50622285600",
  "country-code": "CR",
  "country": "Costa Rica"
 },
 {
  "id": 140,
  "name": "Tequila, Tacos y Mariachi",
  "address": "50 norte del Vivero Exótica Sobre calle Malinche, Trejos Montealegre, San José, Escazú, 10203, Costa Rica",
  "phone": "+50622896703",
  "country-code": "CR",
  "country": "Costa Rica"
 },
 {
  "id": 141,
  "name": "Huateque Escazú",
  "address": "Entrada a Escazú, sobre avenida 2A y calle , Trejos Montealegre Escazú, 105, San José, Costa Rica",
  "phone": "+50622893428",
  "country-code": "CR",
  "country": "Costa Rica"
 },
 {
  "id": 142,
  "name": "Avogarden",
  "address": "Centro Comercial La Paco, San José, Escazú, 10203, Costa Rica",
  "phone": "+50683037955",
  "country-code": "CR",
  "country": "Costa Rica"
 },
 {
  "id": 143,
  "name": "Casa Mia Bistro",
  "address": "Tempo El mestizo San José Escazú, 00000, Costa Rica",
  "phone": "+50687144141",
  "country-code": "CR",
  "country": "Costa Rica"
 },
 {
  "id": 144,
  "name": "Soda La Amistad",
  "address": "105, San José, Escazú, Costa Rica",
  "phone": "+50622884772",
  "country-code": "CR",
  "country": "Costa Rica"
 },
 {
  "id": 145,
  "name": "Finito Escazu",
  "address": "Maynard Plaza, San José Province, Escazu, 10201, Costa Rica",
  "phone": "+50686658555",
  "country-code": "CR",
  "country": "Costa Rica"
 },
 {
  "id": 146,
  "name": "Pizza Hut Escazú",
  "address": "San José Province, Escazu, Costa Rica",
  "phone": "+50622886420",
  "country-code": "CR",
  "country": "Costa Rica"
 },
 {
  "id": 147,
  "name": "Al Molino de Jackie",
  "address": "San José Province, Escazú centro, Costa Rica",
  "phone": "+50663055457",
  "country-code": "CR",
  "country": "Costa Rica"
 },
 {
  "id": 148,
  "name": "Zonna Gastro Bar",
  "address": "200 metros al Sur del Centro Comercial Distrito Cuatro San José, Guachipelin, San José Province, San Rafael de Escazú, Costa Rica",
  "phone": "+50647050248",
  "country-code": "CR",
  "country": "Costa Rica"
 },
 {
  "id": 149,
  "name": "La Hacienda",
  "address": "Centro Comercial Trejos Montealegre, Palermo, San José Province, San Rafael de Escazú, 10203, Costa Rica",
  "phone": "+50622890908",
  "country-code": "CR",
  "country": "Costa Rica"
 },
 {
  "id": 150,
  "name": "Don Wu • Escazú Village",
  "address": "Metro Plaza, San José Province, Escazu, Costa Rica",
  "phone": "+50640303525",
  "country-code": "CR",
  "country": "Costa Rica"
 },
 {
  "id": 151,
  "name": "La Fonda Mexicana",
  "address": "Al lado de Pollos Campero en el centro comercial segundo local planta baja, San José, Escazú, Costa Rica",
  "phone": "+50622895938",
  "country-code": "CR",
  "country": "Costa Rica"
 },
 {
  "id": 152,
  "name": "Rafaela Mercado Urbano",
  "address": "Carr. John F Kennedy, San José, Escazú, Costa Rica",
  "phone": "+50622898094",
  "country-code": "CR",
  "country": "Costa Rica"
 },
 {
  "id": 153,
  "name": "El Ávila Bistro",
  "address": "San José Province, Escazu, Costa Rica",
  "phone": "+50622895980",
  "country-code": "CR",
  "country": "Costa Rica"
 },
 {
  "id": 154,
  "name": "Kotoy Japanese Fusion Escazu",
  "address": "C. Multiplaza, San José, Escazú, Costa Rica",
  "phone": "+50622015937",
  "country-code": "CR",
  "country": "Costa Rica"
 },
 {
  "id": 155,
  "name": "Wingz Escazu",
  "address": "Av 24 y, C. 138, San José, Escazú, Costa Rica",
  "phone": "+50640347504",
  "country-code": "CR",
  "country": "Costa Rica"
 },
 {
  "id": 156,
  "name": "Sabor Caribe Escazú",
  "address": "10102, San José, Escazú, 10102, Costa Rica",
  "phone": "1010210102",
  "country-code": "CR",
  "country": "Costa Rica"
 },
 {
  "id": 157,
  "name": "Chamo's Food",
  "address": "Plaza Tempo, San José, Escazú, Costa Rica",
  "phone": "+50622282710",
  "country-code": "CR",
  "country": "Costa Rica"
 },
 {
  "id": 158,
  "name": "Siete 60 Fusión",
  "address": "Stripz Plaza Maynard, San Jose, Escazú, 10201, San José, Escazú, 10203, Costa Rica",
  "phone": "1020110203",
  "country-code": "CR",
  "country": "Costa Rica"
 },
 {
  "id": 159,
  "name": "ChamoTico Food Escazu",
  "address": "Av. 26, San José, Escazú, Costa Rica",
  "phone": "+50640357118",
  "country-code": "CR",
  "country": "Costa Rica"
 },
 {
  "id": 160,
  "name": "Pizza Olivera",
  "address": "Escazu, Guachipilin, plaza amara, local 103, San José, Escazú, 1023, Costa Rica",
  "phone": "+50640316248",
  "country-code": "CR",
  "country": "Costa Rica"
 },
 {
  "id": 161,
  "name": "Poke",
  "address": "Frente a Plaza Del Río, San José, Escazú, Costa Rica",
  "phone": "+50687227423",
  "country-code": "CR",
  "country": "Costa Rica"
 },
 {
  "id": 162,
  "name": "Delicias del Maíz Jr (Escazu)",
  "address": "San José Province, Escazu, Costa Rica",
  "phone": "+50622852579",
  "country-code": "CR",
  "country": "Costa Rica"
 },
 {
  "id": 163,
  "name": "Tintos \u0026 Blancos",
  "address": "Plaza Tempo, Los Laureles, San José, Escazú, 10203, Costa Rica",
  "phone": "+50660041000",
  "country-code": "CR",
  "country": "Costa Rica"
 },
 {
  "id": 164,
  "name": "Al Carbón Escazú",
  "address": "San José Province, Escazu, Costa Rica",
  "phone": "",
  "country-code": "CR",
  "country": "Costa Rica"
 },
 {
  "id": 165,
  "name": "ibèrik Restaurant",
  "address": "Costa Rica, San José Province, Escazu, CR Village",
  "phone": "+50622088724",
  "country-code": "CR",
  "country": "Costa Rica"
 },
 {
  "id": 166,
  "name": "Hooligan's Escazú",
  "address": "310, San José Province, San Rafael de Escazú, Costa Rica",
  "phone": "+50622889880",
  "country-code": "CR",
  "country": "Costa Rica"
 },
 {
  "id": 167,
  "name": "Comidas la Mona liza",
  "address": "Maynard, San José Province, San Rafael de Escazú, Costa Rica",
  "phone": "+50622894533",
  "country-code": "CR",
  "country": "Costa Rica"
 },
 {
  "id": 168,
  "name": "Soda Gran Familia",
  "address": "Carr. Vieja a Escazú, Tena, San José, San Rafael, Costa Rica",
  "phone": "+50622909595",
  "country-code": "CR",
  "country": "Costa Rica"
 },
 {
  "id": 169,
  "name": "Soda Gil",
  "address": "San José Province, Escazu, Costa Rica",
  "phone": "",
  "country-code": "CR",
  "country": "Costa Rica"
 },
 {
  "id": 170,
  "name": "El café de Magui",
  "address": "Plaza Tempo, San José, Escazú, Costa Rica",
  "phone": "+50688791747",
  "country-code": "CR",
  "country": "Costa Rica"
 },
 {
  "id": 171,
  "name": "Stripz Escazú",
  "address": "Palma de Mallorca, San José, Escazú, Costa Rica",
  "phone": "+50640356561",
  "country-code": "CR",
  "country": "Costa Rica"
 },
 {
  "id": 172,
  "name": "Illig Biergarten Escazú",
  "address": "105, Santa Teresa, San José, Escazú, Costa Rica",
  "phone": "+50622883856",
  "country-code": "CR",
  "country": "Costa Rica"
 },
 {
  "id": 173,
  "name": "KFC",
  "address": "Av. 32, San José, Escazú, Costa Rica",
  "phone": "+50622893015",
  "country-code": "CR",
  "country": "Costa Rica"
 },
 {
  "id": 174,
  "name": "Paellas Ibáñez",
  "address": "Puente de los Anonos, Los Anonos, San José, Escazú, 10201, Costa Rica",
  "phone": "+50622454444",
  "country-code": "CR",
  "country": "Costa Rica"
 },
 {
  "id": 175,
  "name": "Matsuri",
  "address": "50 metros Oeste, Plaza Monte, San José, Escazú, 10201, Costa Rica",
  "phone": "+50621013241",
  "country-code": "CR",
  "country": "Costa Rica"
 },
 {
  "id": 176,
  "name": "Raw Co Juicery \u0026 Food",
  "address": "AE208 Torre Parqueos, Avenida Escazú, San José Province, San Rafael de Escazú, Costa Rica",
  "phone": "",
  "country-code": "CR",
  "country": "Costa Rica"
 },
 {
  "id": 177,
  "name": "Séptimo Sentido Gourmet",
  "address": "Centro Comercial Paco, local 1 Frente al BAC Credomatic, San José Province, Escazu, 10201, Costa Rica",
  "phone": "+50647036214",
  "country-code": "CR",
  "country": "Costa Rica"
 },
 {
  "id": 178,
  "name": "Filippo Pizza Bar",
  "address": "Escazu Village at, Av. 1, Trejos Montealegre, San José Province, San Rafael de Escazú, 10203, Costa Rica",
  "phone": "+50640015404",
  "country-code": "CR",
  "country": "Costa Rica"
 },
 {
  "id": 179,
  "name": "Paco Meralgo",
  "address": "San José Province, Escazu, Costa Rica",
  "phone": "+50622883062",
  "country-code": "CR",
  "country": "Costa Rica"
 },
 {
  "id": 180,
  "name": "Burger King Escazú",
  "address": "Plaza Natura, Guachipelín, Escazú Carretera vieja a Santa Ana, San José, Escazú, Costa Rica",
  "phone": "+50670033901",
  "country-code": "CR",
  "country": "Costa Rica"
 },
 {
  "id": 181,
  "name": "Go-Fish",
  "address": "Av. Central, Trejos Montealegre, San José, San Rafael, San José, Escazú, 10201, Costa Rica",
  "phone": "+50622088764",
  "country-code": "CR",
  "country": "Costa Rica"
 },
 {
  "id": 182,
  "name": "Ready Pizza Escazú",
  "address": "San José Province, Escazu, Costa Rica",
  "phone": "+50688115263",
  "country-code": "CR",
  "country": "Costa Rica"
 },
 {
  "id": 183,
  "name": "TAQUERIA PATTY ESCAZU",
  "address": "Calle 132, entre Avenidas 32 y 34, CC Plaza Ciclón, local 9, San José, Escazú (Centro), 10201, Costa Rica",
  "phone": "1323234910201",
  "country-code": "CR",
  "country": "Costa Rica"
 },
 {
  "id": 184,
  "name": "506 Restaurant",
  "address": "frente al BCR, Escazu Centro, Centro Comercial plaza, San José, Escazú, Costa Rica",
  "phone": "+50640348754",
  "country-code": "CR",
  "country": "Costa Rica"
 },
 {
  "id": 185,
  "name": "Battuto Pasta Artesanal",
  "address": "Centro Comercial THE BOX, San José, Escazú, Costa Rica",
  "phone": "+50688273030",
  "country-code": "CR",
  "country": "Costa Rica"
 },
 {
  "id": 186,
  "name": "Purafrutika Escazú",
  "address": "Centro Comercial Plaza Real Guachipelin, contiguo a Mc Donald´s, Guachipelin, San José, San Rafael, Costa Rica",
  "phone": "+50622287928",
  "country-code": "CR",
  "country": "Costa Rica"
 },
 {
  "id": 187,
  "name": "Papa John's Pizza",
  "address": "Palermo, San José Province, Escazu, Costa Rica",
  "phone": "+50622280906",
  "country-code": "CR",
  "country": "Costa Rica"
 },
 {
  "id": 188,
  "name": "La Estrella de Plata",
  "address": "100 S. de Saretto, carretera hacia, Los Anonos, San José, Escazú, Costa Rica",
  "phone": "+50622887386",
  "country-code": "CR",
  "country": "Costa Rica"
 },
 {
  "id": 189,
  "name": "Go Chicken",
  "address": "San José Province, Escazu, Costa Rica",
  "phone": "+50622885807",
  "country-code": "CR",
  "country": "Costa Rica"
 },
 {
  "id": 190,
  "name": "Incredibowl",
  "address": "Maynard Plaza, San José Province, Escazu, Costa Rica",
  "phone": "+50688437637",
  "country-code": "CR",
  "country": "Costa Rica"
 },
 {
  "id": 191,
  "name": "Sbarro Escazú",
  "address": "Del Bac 350 mts norte, contiguo a Zen Designs, Costa Rica, San Rafael, Costa Rica",
  "phone": "+50622895254",
  "country-code": "CR",
  "country": "Costa Rica"
 },
 {
  "id": 192,
  "name": "Pane E Vino",
  "address": "Av. 32, San José, Escazú, Costa Rica",
  "phone": "+50622892545",
  "country-code": "CR",
  "country": "Costa Rica"
 },
 {
  "id": 193,
  "name": "Rosti Escazu",
  "address": "Avenida Escazú, San José Province, Escazu, Costa Rica",
  "phone": "+50622088763",
  "country-code": "CR",
  "country": "Costa Rica"
 },
 {
  "id": 194,
  "name": "Pocket Food and Drinks",
  "address": "C. 134, San José, Escazú, Costa Rica",
  "phone": "+50640810376",
  "country-code": "CR",
  "country": "Costa Rica"
 },
 {
  "id": 195,
  "name": "Pimento Costa Rica",
  "address": "San José Province, Escazu, Costa Rica",
  "phone": "",
  "country-code": "CR",
  "country": "Costa Rica"
 },
 {
  "id": 196,
  "name": "Pizza Hut Escazú Centro",
  "address": "The Box Plaza, San Rafael Escazú, San José Province, Escazu, 10203, Costa Rica",
  "phone": "+50640824282",
  "country-code": "CR",
  "country": "Costa Rica"
 },
 {
  "id": 197,
  "name": "Subway",
  "address": "Altos de las Palomas, C. Vieja, San José, Escazú, 10203, Costa Rica",
  "phone": "+50622280980",
  "country-code": "CR",
  "country": "Costa Rica"
 },
 {
  "id": 198,
  "name": "Sale e Pepe",
  "address": "00000, San José, San Rafael, Costa Rica",
  "phone": "+50622280770",
  "country-code": "CR",
  "country": "Costa Rica"
 },
 {
  "id": 199,
  "name": "p",
  "address": "San José Province, Escazu, Costa Rica",
  "phone": "",
  "country-code": "CR",
  "country": "Costa Rica"
 },
 {
  "id": 200,
  "name": "Cocina Ecléctica",
  "address": "Centro Comercial La Paco, San José Province, San Rafael de Escazú, 10203, Costa Rica",
  "phone": "+50640327837",
  "country-code": "CR",
  "country": "Costa Rica"
 },
 {
  "id": 201,
  "name": "Plaza Escazú",
  "address": "Edificio Porras, Manuel Zavaleta, San José, Escazú, Costa Rica",
  "phone": "",
  "country-code": "CR",
  "country": "Costa Rica"
 },
 {
  "id": 202,
  "name": "Multiplaza Escazú",
  "address": "Carr. John F Kennedy, Maynard, San José, San Rafael, Costa Rica",
  "phone": "+50660116008",
  "country-code": "CR",
  "country": "Costa Rica"
 },
 {
  "id": 203,
  "name": "Avenida Escazu",
  "address": "San José Province, Escazu, Costa Rica",
  "phone": "+50689923665",
  "country-code": "CR",
  "country": "Costa Rica"
 },
 {
  "id": 204,
  "name": "The East Mall",
  "address": "Calle Matapalo San Rafael San José Escazú 469, 4050, Costa Rica",
  "phone": "+50689229564",
  "country-code": "CR",
  "country": "Costa Rica"
 },
 {
  "id": 205,
  "name": "Centro Comercial Galería Escazú",
  "address": "10203, Escazú, 10203, Costa Rica",
  "phone": "1020310203",
  "country-code": "CR",
  "country": "Costa Rica"
 },
 {
  "id": 206,
  "name": "Maynard Plaza",
  "address": "Av. Central, Trejos Montealegre, San José, San Rafael, Costa Rica",
  "phone": "+50625199670",
  "country-code": "CR",
  "country": "Costa Rica"
 },
 {
  "id": 207,
  "name": "Plaza Montescazú",
  "address": "Trans. 120, Palma De Mallorca, San José, Escazú, Costa Rica",
  "phone": "",
  "country-code": "CR",
  "country": "Costa Rica"
 },
 {
  "id": 208,
  "name": "Plaza Milú",
  "address": "Autop. Próspero Fernández, San José, Escazú, Costa Rica",
  "phone": "+50622016025",
  "country-code": "CR",
  "country": "Costa Rica"
 },
 {
  "id": 209,
  "name": "Escazú Village",
  "address": "Avenida 2 102, San José Province, San Rafael de Escazú, Costa Rica",
  "phone": "+50622880101",
  "country-code": "CR",
  "country": "Costa Rica"
 },
 {
  "id": 210,
  "name": "Centro Comercial Boulevard",
  "address": "San José Province, Escazu, Costa Rica",
  "phone": "+50688288383",
  "country-code": "CR",
  "country": "Costa Rica"
 },
 {
  "id": 211,
  "name": "Los Laureles",
  "address": "C. 6 201, San José, Santa Ana, Costa Rica",
  "phone": "+50622035684",
  "country-code": "CR",
  "country": "Costa Rica"
 },
 {
  "id": 212,
  "name": "Plaza Rose",
  "address": "Av. 10, Barrio Chino, San José, Costa Rica",
  "phone": "+50622213666",
  "country-code": "CR",
  "country": "Costa Rica"
 },
 {
  "id": 213,
  "name": "La Rambla",
  "address": "Geroma, San José Province, San José, Costa Rica",
  "phone": "",
  "country-code": "CR",
  "country": "Costa Rica"
 },
 {
  "id": 214,
  "name": "Metro Plaza",
  "address": "Rio Oro, San José Province, Santa Ana, Costa Rica",
  "phone": "+50622210876",
  "country-code": "CR",
  "country": "Costa Rica"
 },
 {
  "id": 215,
  "name": "Plaza Cabadi",
  "address": "C. Quintanilla, San José, 10903, Costa Rica",
  "phone": "+50685143473",
  "country-code": "CR",
  "country": "Costa Rica"
 },
 {
  "id": 216,
  "name": "Atlantis Plaza",
  "address": "San José, Pozos, Costa Rica",
  "phone": "+50689977593",
  "country-code": "CR",
  "country": "Costa Rica"
 },
 {
  "id": 217,
  "name": "Makalo Swimwear",
  "address": "Quintas Don Lalo, Entrada de, San José, Santa Ana, 10901, Costa Rica",
  "phone": "+50622823600",
  "country-code": "CR",
  "country": "Costa Rica"
 },
 {
  "id": 218,
  "name": "Oasis Escazú Oficina de Ventas",
  "address": "Radial Sta. Ana - San Rafael - Belén, San José, Pozos, Costa Rica",
  "phone": "+50640337609",
  "country-code": "CR",
  "country": "Costa Rica"
 },
 {
  "id": 219,
  "name": "7 Bancas shopping center",
  "address": "Ctra. Braulio Carrillo, Tournón, San José, San Francisco, Costa Rica",
  "phone": "+50622554576",
  "country-code": "CR",
  "country": "Costa Rica"
 },
 {
  "id": 220,
  "name": "Centro Comercial La Paco",
  "address": "de, Mall, Zona Centro, cuarta planta, San Rafael Abajo, San José, Desamparados, 10311, Costa Rica",
  "phone": "+50622752211",
  "country-code": "CR",
  "country": "Costa Rica"
 },
 {
  "id": 221,
  "name": "Amara",
  "address": "Semaforo 75 oeste Costa Rica, Circunvalación, San José, Costa Rica",
  "phone": "+50622319994",
  "country-code": "CR",
  "country": "Costa Rica"
 },
 {
  "id": 222,
  "name": "Golden Plaza",
  "address": "Trans. 24, Bolivar, San José, Costa Rica",
  "phone": "",
  "country-code": "CR",
  "country": "Costa Rica"
 },
 {
  "id": 223,
  "name": "Centro Comercial Plaza Country",
  "address": "Diagonal a Forum 2, 147, San José, Pozos, Costa Rica",
  "phone": "+50622825011",
  "country-code": "CR",
  "country": "Costa Rica"
 },
 {
  "id": 224,
  "name": "Plaza Cabadi",
  "address": "P.º Colón 38, Mántica, San José, Costa Rica",
  "phone": "",
  "country-code": "CR",
  "country": "Costa Rica"
 },
 {
  "id": 225,
  "name": "PRISMA BUSINESS CENTER",
  "address": "Av. 37, Geroma, San José, Costa Rica",
  "phone": "",
  "country-code": "CR",
  "country": "Costa Rica"
 },
 {
  "id": 226,
  "name": "Atlantis Plaza",
  "address": "San José, Santa Ana, 150mts oeste del Maxi Pali, San José, Santa Ana, 10901, Costa Rica",
  "phone": "15010901",
  "country-code": "CR",
  "country": "Costa Rica"
 },
 {
  "id": 227,
  "name": "Plaza Luko Trejos Montealegre",
  "address": "San José Province, Santa Ana, Costa Rica",
  "phone": "",
  "country-code": "CR",
  "country": "Costa Rica"
 },
 {
  "id": 228,
  "name": "Fuentes del Obelisco Plaza",
  "address": "San José, Río Oro, Costa Rica",
  "phone": "",
  "country-code": "CR",
  "country": "Costa Rica"
 },
 {
  "id": 229,
  "name": "Plaza MANARA",
  "address": "San José, Pozos, Costa Rica",
  "phone": "",
  "country-code": "CR",
  "country": "Costa Rica"
 },
 {
  "id": 230,
  "name": "Itskatzú plaza",
  "address": "105, San José, Alajuelita, Costa Rica",
  "phone": "",
  "country-code": "CR",
  "country": "Costa Rica"
 },
 {
  "id": 231,
  "name": "Tattoo 506 Escazú",
  "address": "27, San José Province, Río Oro, Costa Rica",
  "phone": "+50688207865",
  "country-code": "CR",
  "country": "Costa Rica"
 },
 {
  "id": 232,
  "name": "Centro Comercial El Ángel",
  "address": "P.º Colón, Coca Cola, San José, Costa Rica",
  "phone": "+50622212029",
  "country-code": "CR",
  "country": "Costa Rica"
 },
 {
  "id": 233,
  "name": "Plaza Rubí Escazú",
  "address": "Hatillo 2, San José Province, San José, Costa Rica",
  "phone": "+50622548860",
  "country-code": "CR",
  "country": "Costa Rica"
 },
 {
  "id": 234,
  "name": "Plaza Colonial",
  "address": "110, Hatillo No 4, San José Province, San José, Costa Rica",
  "phone": "",
  "country-code": "CR",
  "country": "Costa Rica"
 },
 {
  "id": 235,
  "name": "Plaza Natura",
  "address": "Favorita Sur, San José Province, San José, Costa Rica",
  "phone": "+50622918181",
  "country-code": "CR",
  "country": "Costa Rica"
 },
 {
  "id": 236,
  "name": "Plaza Montescazu",
  "address": "Bv. Ernesto Rohrmoser, Rohrmoser, San José, Costa Rica",
  "phone": "",
  "country-code": "CR",
  "country": "Costa Rica"
 },
 {
  "id": 237,
  "name": "Combai Urban Market",
  "address": "San José Province, Alajuelita, Costa Rica",
  "phone": "+50688736765",
  "country-code": "CR",
  "country": "Costa Rica"
 },
 {
  "id": 238,
  "name": "Plaza JUSO",
  "address": "Av 3, San José, Santa Ana, 10901, Av. 3, San José, Santa Ana, Costa Rica",
  "phone": "",
  "country-code": "CR",
  "country": "Costa Rica"
 },
 {
  "id": 239,
  "name": "Centro Comercial Guachipelín",
  "address": "Bv. Ernesto Rohrmoser, Asunción, San José, Costa Rica",
  "phone": "",
  "country-code": "CR",
  "country": "Costa Rica"
 },
 {
  "id": 240,
  "name": "Centro Comercial Del Lago",
  "address": "Unnamed Road, San José, Costa Rica",
  "phone": "",
  "country-code": "CR",
  "country": "Costa Rica"
 },
 {
  "id": 241,
  "name": "Distrito 4",
  "address": "San José Province, Santa Ana, Costa Rica",
  "phone": "+50684845454",
  "country-code": "CR",
  "country": "Costa Rica"
 },
 {
  "id": 242,
  "name": "Plaza Tempo",
  "address": "Autop. Próspero Fernández, San José, Costa Rica",
  "phone": "",
  "country-code": "CR",
  "country": "Costa Rica"
 },
 {
  "id": 243,
  "name": "Centro Gala",
  "address": "C. 84, Asunción, San José, Costa Rica",
  "phone": "",
  "country-code": "CR",
  "country": "Costa Rica"
 },
 {
  "id": 244,
  "name": "Plaza El 27 - Distrito 3",
  "address": "Asuncion, San José Province, San José, Costa Rica",
  "phone": "",
  "country-code": "CR",
  "country": "Costa Rica"
 },
 {
  "id": 245,
  "name": "Plaza Premium La Cuesta",
  "address": "Radial Sta. Ana - San Rafael - Belén, San José, Santa Ana, Costa Rica",
  "phone": "+50640355000",
  "country-code": "CR",
  "country": "Costa Rica"
 },
 {
  "id": 246,
  "name": "Momentum Escazú",
  "address": "San José Province, San Rafael de Escazú, Costa Rica",
  "phone": "+50671973652",
  "country-code": "CR",
  "country": "Costa Rica"
 },
 {
  "id": 247,
  "name": "Plaza Loma Real",
  "address": "Bv. Ernesto Rohrmoser, Asunción, San José, Costa Rica",
  "phone": "",
  "country-code": "CR",
  "country": "Costa Rica"
 },
 {
  "id": 248,
  "name": "TX Plaza",
  "address": "Palma De Mallorca, San José Province, San Rafael de Escazú, Costa Rica",
  "phone": "",
  "country-code": "CR",
  "country": "Costa Rica"
 },
 {
  "id": 249,
  "name": "THE BOX CR",
  "address": "105, Maynard, San José, Costa Rica",
  "phone": "+50622220000",
  "country-code": "CR",
  "country": "Costa Rica"
 },
 {
  "id": 250,
  "name": "Plaza Flores Shopping Center",
  "address": "Avenida Escazú, San José, San Rafael, Costa Rica",
  "phone": "+50625199625",
  "country-code": "CR",
  "country": "Costa Rica"
 },
 {
  "id": 251,
  "name": "Super Salon Plaza Maynard",
  "address": "100 Oeste de los Bomberos de Pavas, 104, San José, Costa Rica",
  "phone": "+50622908989",
  "country-code": "CR",
  "country": "Costa Rica"
 },
 {
  "id": 252,
  "name": "Plaza 17",
  "address": "San José Province, San Rafael de Escazú, Costa Rica",
  "phone": "",
  "country-code": "CR",
  "country": "Costa Rica"
 },
 {
  "id": 253,
  "name": "Ishmael Barberia \u0026 Salón",
  "address": "San José Province, San Rafael de Escazú, Costa Rica",
  "phone": "+50684061331",
  "country-code": "CR",
  "country": "Costa Rica"
 },
 {
  "id": 254,
  "name": "Plaza Brujas",
  "address": "Zona Industrial, San José Province, San José, Costa Rica",
  "phone": "",
  "country-code": "CR",
  "country": "Costa Rica"
 },
 {
  "id": 255,
  "name": "Comercial del Río",
  "address": "Plaza Itskatzu, Escazú, 27, San José, San Rafael, Costa Rica",
  "phone": "+50622892450",
  "country-code": "CR",
  "country": "Costa Rica"
 },
 {
  "id": 256,
  "name": "Bodegas Rocazul",
  "address": "Bv. de Rohrmoser, Geroma, San José, Costa Rica",
  "phone": "+50622882483",
  "country-code": "CR",
  "country": "Costa Rica"
 },
 {
  "id": 257,
  "name": "Centro Comercial Calle Real Guachipelin",
  "address": "Plaza, San José, Escazú, San Rafael, Maynard, San José, Escazú, 10203, Costa Rica",
  "phone": "+50621019743",
  "country-code": "CR",
  "country": "Costa Rica"
 },
 {
  "id": 258,
  "name": "Ópticas Münkel",
  "address": "Guachipelin, San José, Escazú, Costa Rica",
  "phone": "",
  "country-code": "CR",
  "country": "Costa Rica"
 },
 {
  "id": 259,
  "name": "Ver xilo",
  "address": "310, Guachipelin, San José Province, San Rafael de Escazú, Costa Rica",
  "phone": "+50622881382",
  "country-code": "CR",
  "country": "Costa Rica"
 },
 {
  "id": 260,
  "name": "Centro Comercial Plaza La Amistad",
  "address": "San José Province, San Rafael de Escazú, Costa Rica",
  "phone": "+50622893259",
  "country-code": "CR",
  "country": "Costa Rica"
 },
 {
  "id": 261,
  "name": "Sastrería Arce",
  "address": "Centro Comercial Plaza del Río, San José, San Rafael Escazú, 10203, Costa Rica",
  "phone": "+50621002587",
  "country-code": "CR",
  "country": "Costa Rica"
 },
 {
  "id": 262,
  "name": "Edificio Bareta",
  "address": "Maynard, San José Province, San Rafael de Escazú, Costa Rica",
  "phone": "",
  "country-code": "CR",
  "country": "Costa Rica"
 },
 {
  "id": 263,
  "name": "Comercial plaza del río",
  "address": "C. Mango, Guachipelin, San José, San Rafael, Costa Rica",
  "phone": "",
  "country-code": "CR",
  "country": "Costa Rica"
 },
 {
  "id": 264,
  "name": "Life Photo",
  "address": "San José Province, Escazu, Costa Rica",
  "phone": "+50684326684",
  "country-code": "CR",
  "country": "Costa Rica"
 },
 {
  "id": 265,
  "name": "Plaza Simon",
  "address": "San José Province, San Rafael de Escazú, Costa Rica",
  "phone": "",
  "country-code": "CR",
  "country": "Costa Rica"
 },
 {
  "id": 266,
  "name": "Panorama Mall",
  "address": "Plaza San Rafael, San José, San Rafael, Costa Rica",
  "phone": "+50640345812",
  "country-code": "CR",
  "country": "Costa Rica"
 },
 {
  "id": 267,
  "name": "Plaza Verona",
  "address": "Guachipelin, San José, San Rafael, Costa Rica",
  "phone": "",
  "country-code": "CR",
  "country": "Costa Rica"
 },
 {
  "id": 268,
  "name": "El Cruce",
  "address": "310, San José, San Rafael, Costa Rica",
  "phone": "",
  "country-code": "CR",
  "country": "Costa Rica"
 },
 {
  "id": 269,
  "name": "Centro de uñas Yesse y Gaudy - Nail Center",
  "address": "Autop. Próspero Fernández, San José, San Rafael, Costa Rica",
  "phone": "+50640525930",
  "country-code": "CR",
  "country": "Costa Rica"
 },
 {
  "id": 270,
  "name": "Mema Plaza",
  "address": "Frente a Auto Mercado, San Rafael, Costa Rica",
  "phone": "+50683531759",
  "country-code": "CR",
  "country": "Costa Rica"
 },
 {
  "id": 271,
  "name": "Plaza Amatista",
  "address": "Ruta 27. Costado sur de la rampa de descenso de salida de Guachipelín, Calle Lindora, Guachipelin, San José, Escazú, 10203, Costa Rica",
  "phone": "+50688102727",
  "country-code": "CR",
  "country": "Costa Rica"
 },
 {
  "id": 272,
  "name": "Galerías Rohrmoser",
  "address": "Guachipelin, San José, San Rafael, Costa Rica",
  "phone": "+50627953232",
  "country-code": "CR",
  "country": "Costa Rica"
 },
 {
  "id": 273,
  "name": "City Place Santa Ana",
  "address": "Autop. Próspero Fernández, San José, San Rafael, Costa Rica",
  "phone": "+50625055353",
  "country-code": "CR",
  "country": "Costa Rica"
 },
 {
  "id": 274,
  "name": "Plaza Brujas",
  "address": "Trejos Montealegre, San José Province, San Rafael de Escazú, Costa Rica",
  "phone": "",
  "country-code": "CR",
  "country": "Costa Rica"
 },
 {
  "id": 275,
  "name": "Parqueo Plaza Mayor",
  "address": "Trejos Montealegre, San José Province, San Rafael de Escazú, Costa Rica",
  "phone": "",
  "country-code": "CR",
  "country": "Costa Rica"
 },
 {
  "id": 276,
  "name": "Plaza Pavas",
  "address": "310, Guachipelin, San José Province, San Rafael de Escazú, Costa Rica",
  "phone": "+50622284747",
  "country-code": "CR",
  "country": "Costa Rica"
 },
 {
  "id": 277,
  "name": "Plaza Comercial Vefesa",
  "address": "Maynard, San José Province, San Rafael de Escazú, Costa Rica",
  "phone": "",
  "country-code": "CR",
  "country": "Costa Rica"
 },
 {
  "id": 278,
  "name": "Plaza Nunciatura",
  "address": "San José Province, San Rafael de Escazú, Costa Rica",
  "phone": "",
  "country-code": "CR",
  "country": "Costa Rica"
 },
 {
  "id": 279,
  "name": "Plaza El Encuentro Alajuelita",
  "address": "Autopista ruta, segunda salida después del peaje frente a Multiplaza Escazú, Autop. Próspero Fernández 27, San José, San Rafael, Costa Rica",
  "phone": "+50641121260",
  "country-code": "CR",
  "country": "Costa Rica"
 },
 {
  "id": 280,
  "name": "Santa Ana Town Center",
  "address": "Carr. John F Kennedy, San José, San Rafael, Costa Rica",
  "phone": "+50622280781",
  "country-code": "CR",
  "country": "Costa Rica"
 },
 {
  "id": 281,
  "name": "Pop Party Center Pavas",
  "address": "100 metros al sur del cruce de, San José Province, San Rafael de Escazú, 1250, Costa Rica",
  "phone": "+50640525470",
  "country-code": "CR",
  "country": "Costa Rica"
 },
 {
  "id": 282,
  "name": "Hatillo",
  "address": "Estacion Rubi, C. Matapalo, San José, San Rafael, Costa Rica",
  "phone": "",
  "country-code": "CR",
  "country": "Costa Rica"
 },
 {
  "id": 283,
  "name": "Rio de Oro Shopping Center",
  "address": "105, Trejos Montealegre, San José, San Rafael, Costa Rica",
  "phone": "",
  "country-code": "CR",
  "country": "Costa Rica"
 },
 {
  "id": 284,
  "name": "Rofas Plaza Mall",
  "address": "Autop. Próspero Fernández, San José, San Rafael, Costa Rica",
  "phone": "",
  "country-code": "CR",
  "country": "Costa Rica"
 },
 {
  "id": 285,
  "name": "Centro Comercial Plaza América",
  "address": "Centro Comercial San Rafael Frente a la CNFL San José, San Rafael, 10203, Costa Rica",
  "phone": "+50672159261",
  "country-code": "CR",
  "country": "Costa Rica"
 },
 {
  "id": 286,
  "name": "Plaza Comercial San Josecito",
  "address": "C. 124, San José, San Rafael, Costa Rica",
  "phone": "+50622899193",
  "country-code": "CR",
  "country": "Costa Rica"
 },
 {
  "id": 287,
  "name": "Centro Comercial Santa Ana",
  "address": "Trejos Montealegre, San José Province, San Rafael de Escazú, Costa Rica",
  "phone": "",
  "country-code": "CR",
  "country": "Costa Rica"
 },
 {
  "id": 288,
  "name": "Plaza Uruca",
  "address": "Guachipelin, San José, San Rafael, Costa Rica",
  "phone": "+50689551010",
  "country-code": "CR",
  "country": "Costa Rica"
 },
 {
  "id": 289,
  "name": "Plaza Loreto",
  "address": "Calle Leon Cortes, Palma De Mallorca, San José Province, San Rafael de Escazú, Costa Rica",
  "phone": "+50622285338",
  "country-code": "CR",
  "country": "Costa Rica"
 },
 {
  "id": 290,
  "name": "Plaza Comercial Santa Ana IPB",
  "address": "Manuel Zavaleta, San José, Escazú, Costa Rica",
  "phone": "+50622289173",
  "country-code": "CR",
  "country": "Costa Rica"
 },
 {
  "id": 291,
  "name": "Torre Colon Paseo Colon",
  "address": "San José Province, San Rafael de Escazú, Costa Rica",
  "phone": "",
  "country-code": "CR",
  "country": "Costa Rica"
 },
 {
  "id": 292,
  "name": "Plaza Ventura",
  "address": "Carr. John F Kennedy, San José, San Rafael, Costa Rica",
  "phone": "+50622822100",
  "country-code": "CR",
  "country": "Costa Rica"
 },
 {
  "id": 293,
  "name": "Plaza Pozos",
  "address": "Escazú, Guachipelin Prisma business center, San José Province, San Rafael de Escazú, 1200, Costa Rica",
  "phone": "",
  "country-code": "CR",
  "country": "Costa Rica"
 },
 {
  "id": 294,
  "name": "Momentum Lindora",
  "address": "Escazú, Guachipelin, San José, San Rafael, Costa Rica",
  "phone": "+50622885926",
  "country-code": "CR",
  "country": "Costa Rica"
 },
 {
  "id": 295,
  "name": "Plaza Nova",
  "address": "San José Province, San Rafael de Escazú, Costa Rica",
  "phone": "+50622883651",
  "country-code": "CR",
  "country": "Costa Rica"
 },
 {
  "id": 296,
  "name": "Mall Santa Ana (antes Santa Ana 2000)",
  "address": "San José Province, San Rafael de Escazú, Costa Rica",
  "phone": "",
  "country-code": "CR",
  "country": "Costa Rica"
 },
 {
  "id": 297,
  "name": "Bodega Local comercial",
  "address": "San José Province, San Rafael de Escazú, Costa Rica",
  "phone": "+50622289357",
  "country-code": "CR",
  "country": "Costa Rica"
 },
 {
  "id": 298,
  "name": "Tournon Mall",
  "address": "Del Centro comercial La Paco 175 m este, San Rafael, Costa Rica",
  "phone": "+50689963030",
  "country-code": "CR",
  "country": "Costa Rica"
 },
 {
  "id": 299,
  "name": "Plaza Río Oro",
  "address": "Plaza Florencia, San José Province, Escazu, 10201, Costa Rica",
  "phone": "+50647036437",
  "country-code": "CR",
  "country": "Costa Rica"
 },
 {
  "id": 300,
  "name": "Ecoplaza Villa Real",
  "address": "Calle Leon Cortes, Palma De Mallorca, San José Province, San Rafael de Escazú, Costa Rica",
  "phone": "+50622285338",
  "country-code": "CR",
  "country": "Costa Rica"
 },
 {
  "id": 301,
  "name": "Costa Rican Vacations Travel Agency",
  "address": "De la Distribuidora Santa Barbára 1 km sur y 100 m Oeste 1247-1250 San José, San José Province, Escazu, 10203, Costa Rica",
  "phone": "11001247125010203",
  "country-code": "CR",
  "country": "Costa Rica"
 },
 {
  "id": 302,
  "name": "Mariposario Butterfly Kingdom Costa Rica",
  "address": "Calle 7, El Carmen, San José Province, San José, 10101, Costa Rica",
  "phone": "+65710101",
  "country-code": "CR",
  "country": "Costa Rica"
 },
 {
  "id": 303,
  "name": "Pre-Columbian Gold Museum",
  "address": "ruta 108 calle 11 50 m sur iglesia de San Fransisco de Goicoechea San Francisco, Goicochea, San José, Costa Rica",
  "phone": "+50622222937",
  "country-code": "CR",
  "country": "Costa Rica"
 },
 {
  "id": 304,
  "name": "Museo del Jade",
  "address": "Av 9, Bajos de La Union, San José, Costa Rica",
  "phone": "+50622584929",
  "country-code": "CR",
  "country": "Costa Rica"
 },
 {
  "id": 305,
  "name": "La Sabana Park",
  "address": "Av. 12, La Salle, San José, Costa Rica",
  "phone": "+50622321306",
  "country-code": "CR",
  "country": "Costa Rica"
 },
 {
  "id": 306,
  "name": "Children's Museum",
  "address": "2km oeste del Hospital México Avenida 59, San José, Costa Rica",
  "phone": "+50622429200",
  "country-code": "CR",
  "country": "Costa Rica"
 },
 {
  "id": 307,
  "name": "Plaza de la Cultura",
  "address": "Av. de las Américas, Sabana, San José, Costa Rica",
  "phone": "+50625490700",
  "country-code": "CR",
  "country": "Costa Rica"
 },
 {
  "id": 308,
  "name": "Parque Diversiones",
  "address": "y 13 bis, Av. Central, San José Province, San José, Costa Rica",
  "phone": "+50625216610",
  "country-code": "CR",
  "country": "Costa Rica"
 },
 {
  "id": 309,
  "name": "Natural Science Museum La Salle",
  "address": "Bajos de la Plaza de la Cultura. Avenida Central. Calle 5 San José Centro San José CR 10104, Av. Central, San José, Costa Rica",
  "phone": "+50622434202",
  "country-code": "CR",
  "country": "Costa Rica"
 },
 {
  "id": 310,
  "name": "Spirogyra Butterfly Garden",
  "address": "Av. Central, Catedral, San José, Costa Rica",
  "phone": "+50622434202",
  "country-code": "CR",
  "country": "Costa Rica"
 },
 {
  "id": 311,
  "name": "Templo de la Música",
  "address": "La Balsa, Route 702, 2 km north of La Balsa School, Alajuela, Costa Rica",
  "phone": "+50685355382",
  "country-code": "CR",
  "country": "Costa Rica"
 },
 {
  "id": 312,
  "name": "Museum of Costa Rican Art",
  "address": "Heredia Province, San Antonio, Costa Rica",
  "phone": "+50624410655",
  "country-code": "CR",
  "country": "Costa Rica"
 },
 {
  "id": 313,
  "name": "El Brujo Tours",
  "address": "Blue Falls of Costa Rica, 6 km norte de Toro Amarillo de, Alajuela Province, Valverde Vega, Costa Rica",
  "phone": "+50683997476",
  "country-code": "CR",
  "country": "Costa Rica"
 },
 {
  "id": 314,
  "name": "National Museum of Costa Rica",
  "address": "Carr. John F Kennedy, San José, Escazú, Costa Rica",
  "phone": "+50622896882",
  "country-code": "CR",
  "country": "Costa Rica"
 },
 {
  "id": 315,
  "name": "MADC",
  "address": "Eminent Building, San Rafael, Escazu, San José, 10203, Costa Rica",
  "phone": "+50622289933",
  "country-code": "CR",
  "country": "Costa Rica"
 },
 {
  "id": 316,
  "name": "Refugio Animal de Costa Rica",
  "address": "Provincia de Alajuela, Atenas, Costa Rica",
  "phone": "",
  "country-code": "CR",
  "country": "Costa Rica"
 },
 {
  "id": 317,
  "name": "Fossil Land",
  "address": "21203, Provincia de Alajuela, Valverde Vega, Costa Rica",
  "phone": "+50688870310",
  "country-code": "CR",
  "country": "Costa Rica"
 },
 {
  "id": 318,
  "name": "CENAC",
  "address": "250 metros ruinas de, Ujarrás, Costa Rica",
  "phone": "",
  "country-code": "CR",
  "country": "Costa Rica"
 },
 {
  "id": 319,
  "name": "Morazán Park",
  "address": "Naranjo, Provincia de Alajuela, Costa Rica",
  "phone": "+50641040500",
  "country-code": "CR",
  "country": "Costa Rica"
 },
 {
  "id": 320,
  "name": "Rescate Wildlife Rescue Center",
  "address": "Costado norte del Parque Alberto Manuel Brenes., Av 1, Alajuela Province, San Ramon, Costa Rica",
  "phone": "+50624477137",
  "country-code": "CR",
  "country": "Costa Rica"
 },
 {
  "id": 321,
  "name": "La Paz Waterfall Gardens Nature Park",
  "address": "Heredia Province, San Rafael, Costa Rica",
  "phone": "+50622677200",
  "country-code": "CR",
  "country": "Costa Rica"
 },
 {
  "id": 322,
  "name": "Costa Rican Center of Science and Culture",
  "address": "Cartago Province, Ujarrás, Costa Rica",
  "phone": "",
  "country-code": "CR",
  "country": "Costa Rica"
 },
 {
  "id": 323,
  "name": "Mariposario Alas del Destino Butterfly Garden",
  "address": "Cartago Province, San Diego, Costa Rica",
  "phone": "+50686544949",
  "country-code": "CR",
  "country": "Costa Rica"
 },
 {
  "id": 324,
  "name": "Simón Bolívar Zoo and Botanical Garden",
  "address": "C. Juntas, Provincia de Alajuela, Turrúcares, Costa Rica",
  "phone": "+50688926771",
  "country-code": "CR",
  "country": "Costa Rica"
 },
 {
  "id": 325,
  "name": "Mariposario La Casa de la Morpho Azul - Tours de Mariposas",
  "address": "Av. 1, Provincia de Alajuela, Alajuela, Costa Rica",
  "phone": "+50624414775",
  "country-code": "CR",
  "country": "Costa Rica"
 },
 {
  "id": 326,
  "name": "Parque Nacional Volcán Poás",
  "address": "Avenida Escazú, Local No. 106, San José, San Rafael, 10203, Costa Rica",
  "phone": "10610203",
  "country-code": "CR",
  "country": "Costa Rica"
 },
 {
  "id": 327,
  "name": "Plaza de la Democracia y de la Abolición del Ejército",
  "address": "sala antano, 200m norte de las Ruinas,sobre el sendero los Tigres, Av. 3, Provincia de Cartago, Cartago, Costa Rica",
  "phone": "+50625911374",
  "country-code": "CR",
  "country": "Costa Rica"
 },
 {
  "id": 328,
  "name": "Parque España",
  "address": "Centro Comercial Trejos Montealegre, Frente al, San José, San Rafael, Costa Rica",
  "phone": "+5068008000722",
  "country-code": "CR",
  "country": "Costa Rica"
 },
 {
  "id": 329,
  "name": "Galería Namú",
  "address": "San José - Escazú, Autop. Próspero Fernández, San José, San Rafael, 02388, Costa Rica",
  "phone": "+50640319999",
  "country-code": "CR",
  "country": "Costa Rica"
 },
 {
  "id": 330,
  "name": "Avenida Escazu",
  "address": "Off of Route 112 near downtown San Josecito, Heredia, San Josecito, Costa Rica",
  "phone": "+50622684041",
  "country-code": "CR",
  "country": "Costa Rica"
 },
 {
  "id": 331,
  "name": "Parque Central de San José",
  "address": "C. 0, Provincia de Cartago, Cartago, Costa Rica",
  "phone": "",
  "country-code": "CR",
  "country": "Costa Rica"
 },
 {
  "id": 332,
  "name": "Amphitheater Villa",
  "address": "San Rafael Escazu, San José, San Jose, Costa Rica",
  "phone": "+50684291818",
  "country-code": "CR",
  "country": "Costa Rica"
 },
 {
  "id": 333,
  "name": "Doka Estate Costa Rica Coffee Tour \u0026 Plantation",
  "address": "Escazú, Plaza Colonial, Oficentro El Faro, San José, Costa Rica",
  "phone": "+50684407999",
  "country-code": "CR",
  "country": "Costa Rica"
 },
 {
  "id": 334,
  "name": "Cerros de Escazú",
  "address": "350 Metros Oeste Multiplaza, 27 San José, 10203, Costa Rica",
  "phone": "3502710203",
  "country-code": "CR",
  "country": "Costa Rica"
 },
 {
  "id": 335,
  "name": "Braulio Carrillo National Park",
  "address": "Calle 17 Ave. 2 y 4 #225 25 MTS sur de la esquina Sureste del Museo Nacional San José, 10101, Costa Rica",
  "phone": "17242252510101",
  "country-code": "CR",
  "country": "Costa Rica"
 },
 {
  "id": 336,
  "name": "Los Chorros Municipal Recreative Park",
  "address": "del Monte de la Cruz, Heredia, Costa Rica",
  "phone": "+50622741997",
  "country-code": "CR",
  "country": "Costa Rica"
 },
 {
  "id": 337,
  "name": "Multiplaza Escazú",
  "address": "126, Provincia de Alajuela, Costa Rica",
  "phone": "+50624822720",
  "country-code": "CR",
  "country": "Costa Rica"
 },
 {
  "id": 338,
  "name": "Dave \u0026 Dave's Costa Rica Nature Park",
  "address": "El Toledo Coffee Tour, Altos de, Alajuela Province, San Isidro, 20504, Costa Rica",
  "phone": "+50687111221",
  "country-code": "CR",
  "country": "Costa Rica"
 },
 {
  "id": 339,
  "name": "Senderos Colón",
  "address": "Av. Central, Trejos Montealegre, San José, San Rafael, Costa Rica",
  "phone": "+50625199670",
  "country-code": "CR",
  "country": "Costa Rica"
 },
 {
  "id": 340,
  "name": "Jungle Safari Mini Golf",
  "address": "Alajuela Province, Grecia, Costa Rica",
  "phone": "+50622005109",
  "country-code": "CR",
  "country": "Costa Rica"
 },
 {
  "id": 341,
  "name": "Juan Santamaría Park",
  "address": "Heredia, Montecito, Costa Rica",
  "phone": "+50622676401",
  "country-code": "CR",
  "country": "Costa Rica"
 },
 {
  "id": 342,
  "name": "Jardín Botánico Lankester",
  "address": "C. 110 / Calle El Pedrero 33, Tejarcillos, San José, Escazú, 10201, Costa Rica",
  "phone": "1103310201",
  "country-code": "CR",
  "country": "Costa Rica"
 },
 {
  "id": 343,
  "name": "Tesoro Escondido Waterfall",
  "address": "4km norte del Sanatorio Durán, Oreamuno, Provincia de Cartago, Costa Rica",
  "phone": "+50622004422",
  "country-code": "CR",
  "country": "Costa Rica"
 },
 {
  "id": 344,
  "name": "Ambiental Río Loro Park",
  "address": "San José Province, Escazu, Costa Rica",
  "phone": "",
  "country-code": "CR",
  "country": "Costa Rica"
 },
 {
  "id": 345,
  "name": "La Carpintera Canopy Tour",
  "address": "Ruta 32, junto al Parque Nacional Braulio Carrillo. A 45 mins de San José, Route 32, next to Braulio Carrillo National Park, 45 mins from San José, downtown, Limón, Guápiles, Costa Rica",
  "phone": "32453245",
  "country-code": "CR",
  "country": "Costa Rica"
 },
 {
  "id": 346,
  "name": "Jardín Else Kientzler",
  "address": "Alajuela Province, Valverde Vega, Costa Rica",
  "phone": "",
  "country-code": "CR",
  "country": "Costa Rica"
 },
 {
  "id": 347,
  "name": "Canopy Adventure Volcan Barva",
  "address": "Provincia de Cartago, Lecheria San Gerardo, Costa Rica",
  "phone": "+50622005025",
  "country-code": "CR",
  "country": "Costa Rica"
 },
 {
  "id": 348,
  "name": "Minas del Aguacate",
  "address": "104-3009, San José Province, Costa Rica",
  "phone": "+50688201892",
  "country-code": "CR",
  "country": "Costa Rica"
 },
 {
  "id": 349,
  "name": "Organic Strawberry Tour Costa Rica",
  "address": "6 km norte de la iglesia Alajuela, Bajos del Toro, Costa Rica",
  "phone": "+50683997476",
  "country-code": "CR",
  "country": "Costa Rica"
 },
 {
  "id": 350,
  "name": "Botanical Orchid Garden La Garita",
  "address": "Heredia, Barva, Costa Rica",
  "phone": "+50622601619",
  "country-code": "CR",
  "country": "Costa Rica"
 },
 {
  "id": 351,
  "name": "Granja Burros de Portal",
  "address": "Sanatorio Dr. Carlos Durán, 219,, Provincia de Cartago, Costa Rica",
  "phone": "+50622403016",
  "country-code": "CR",
  "country": "Costa Rica"
 },
 {
  "id": 352,
  "name": "Dreamer House",
  "address": "249, Limón, Guápiles, Costa Rica",
  "phone": "+50627631258",
  "country-code": "CR",
  "country": "Costa Rica"
 },
 {
  "id": 353,
  "name": "Mirador de Orosi",
  "address": "Avenida 2, C. 5, Catedral, San José, Costa Rica",
  "phone": "+50620101100",
  "country-code": "CR",
  "country": "Costa Rica"
 },
 {
  "id": 354,
  "name": "Hacienda y Beneficio La Chimba",
  "address": "Alajuela Province, Sabanilla, Costa Rica",
  "phone": "+50624822166",
  "country-code": "CR",
  "country": "Costa Rica"
 },
 {
  "id": 355,
  "name": "Escazu",
  "address": "Horquetas, Heredia, Sarapiquí, Costa Rica",
  "phone": "+50688918589",
  "country-code": "CR",
  "country": "Costa Rica"
 },
 {
  "id": 356,
  "name": "Antigua Aduana",
  "address": "C. 23, Barrio Escalante, San José, 10101, Costa Rica",
  "phone": "+342310101",
  "country-code": "CR",
  "country": "Costa Rica"
 },
 {
  "id": 357,
  "name": "Pura Vida Gardens And Waterfall",
  "address": "C. 29, Barrio Escalante, San José, 10101, Costa Rica",
  "phone": "",
  "country-code": "CR",
  "country": "Costa Rica"
 },
 {
  "id": 358,
  "name": "Basílica de Nuestra Señora de los Ángeles - Basilica of Our Lady of the Angels",
  "address": "320, Provincia de Puntarenas, Costa Rica",
  "phone": "+50626451001",
  "country-code": "CR",
  "country": "Costa Rica"
 },
 {
  "id": 359,
  "name": "Frogs Heaven",
  "address": "C. 1, Provincia de Cartago, Cartago, Costa Rica",
  "phone": "+50625510465",
  "country-code": "CR",
  "country": "Costa Rica"
 },
 {
  "id": 360,
  "name": "Parque Francia",
  "address": "Cartago Province, Ujarrás, Costa Rica",
  "phone": "",
  "country-code": "CR",
  "country": "Costa Rica"
 },
 {
  "id": 361,
  "name": "Laguna de Fraijanes Recreational Park",
  "address": "Del Mini Super Rio Oro 1,7 km al sur y 350m oeste, San José, Santa Ana, 1000, Costa Rica",
  "phone": "173501000",
  "country-code": "CR",
  "country": "Costa Rica"
 },
 {
  "id": 362,
  "name": "Blue Day Family Club",
  "address": "224, Provincia de Cartago, Costa Rica",
  "phone": "",
  "country-code": "CR",
  "country": "Costa Rica"
 },
 {
  "id": 363,
  "name": "National Theater of Costa Rica",
  "address": "Cartago Province, Cachí, Costa Rica",
  "phone": "+50689557779",
  "country-code": "CR",
  "country": "Costa Rica"
 },
 {
  "id": 364,
  "name": "Museum of Popular Culture",
  "address": "Poasito 100 norte de veterinaria San José, Provincia de Alajuela, Alajuela, Costa Rica",
  "phone": "+50688997425",
  "country-code": "CR",
  "country": "Costa Rica"
 },
 {
  "id": 365,
  "name": "Costa Rica Tours",
  "address": "1km sureste del Rest La Fiesta del Maíz Alajuela Alajuela CR 20113, Provincia de Alajuela, Alajuela, Costa Rica",
  "phone": "+50624878095",
  "country-code": "CR",
  "country": "Costa Rica"
 },
 {
  "id": 366,
  "name": "Catarata de Toro",
  "address": "Calle Las Lavadoras, Heredia, San Roque, Costa Rica",
  "phone": "+50683991158",
  "country-code": "CR",
  "country": "Costa Rica"
 },
 {
  "id": 367,
  "name": "Carlos Durán Sanitarium Viewpoint",
  "address": "Alajuela Province, San Mateo, Costa Rica",
  "phone": "",
  "country-code": "CR",
  "country": "Costa Rica"
 },
 {
  "id": 368,
  "name": "Escazú",
  "address": "Heredia, Barva, Costa Rica",
  "phone": "+50622660782",
  "country-code": "CR",
  "country": "Costa Rica"
 },
 {
  "id": 369,
  "name": "Irazú Volcano National Park",
  "address": "La Carpintera, San Rafael, Provincia de Cartago, Tres Rios, Costa Rica",
  "phone": "+50622783355",
  "country-code": "CR",
  "country": "Costa Rica"
 },
 {
  "id": 370,
  "name": "Parque Nacional Juan Castro Blanco",
  "address": "Finca La Evita, 800m Norte del Estadio Eliécer Pérez, Sarchi, Costa Rica",
  "phone": "+50624542070",
  "country-code": "CR",
  "country": "Costa Rica"
 },
 {
  "id": 371,
  "name": "Britt Coffee Tour",
  "address": "Rio Loro Cartago, Provincia de, Provincia de Cartago, Cartago, 30104, Costa Rica",
  "phone": "+50625371200108",
  "country-code": "CR",
  "country": "Costa Rica"
 },
 {
  "id": 372,
  "name": "Rainforest Adventures Braulio Carrillo",
  "address": "708, Alajuela Province, Bajos del Toro, Costa Rica",
  "phone": "+50688968017",
  "country-code": "CR",
  "country": "Costa Rica"
 },
 {
  "id": 373,
  "name": "Irazu Volcano national park - Prusia sector",
  "address": "Calle 8, Paso De La Vaca, San José Province, San José, Costa Rica",
  "phone": "+50622225981",
  "country-code": "CR",
  "country": "Costa Rica"
 },
 {
  "id": 374,
  "name": "Biesanz Woodworks",
  "address": "Centro Comercial, Via Lindora, Radial Sta. Ana - San Rafael - Belén, San José, Pozos, 10903, Costa Rica",
  "phone": "+50622820522",
  "country-code": "CR",
  "country": "Costa Rica"
 },
 {
  "id": 375,
  "name": "Monte de la Cruz",
  "address": "North of the cemetery, 200 meters, Heredia Province, La Virgen, Costa Rica",
  "phone": "+50627610801",
  "country-code": "CR",
  "country": "Costa Rica"
 },
 {
  "id": 376,
  "name": "Grecia Forest Reserve - Children's Forest",
  "address": "Hacienda Pampa y Cielo, Mora, Cd Colón, Costa Rica",
  "phone": "+50689664114",
  "country-code": "CR",
  "country": "Costa Rica"
 },
 {
  "id": 377,
  "name": "Escazú Village",
  "address": "Autop. Próspero Fernández, San José, Escazú, Costa Rica",
  "phone": "+50622016025",
  "country-code": "CR",
  "country": "Costa Rica"
 },
 {
  "id": 378,
  "name": "El Toledo Coffee Tour",
  "address": "Quebrada Gonzalez, Carr. San Jose Limon KM 2, Heredia Province, Costa Rica",
  "phone": "+50625226500",
  "country-code": "CR",
  "country": "Costa Rica"
 },
 {
  "id": 379,
  "name": "La Paz Waterfall",
  "address": "Cartago Province, Cartago, Costa Rica",
  "phone": "+50625117939",
  "country-code": "CR",
  "country": "Costa Rica"
 },
 {
  "id": 380,
  "name": "Chietón Morén Museo y Mercadito de Artesanías",
  "address": "Av. 1, Provincia de Alajuela, Alajuela, Costa Rica",
  "phone": "",
  "country-code": "CR",
  "country": "Costa Rica"
 },
 {
  "id": 381,
  "name": "Grand Casino Escazú",
  "address": "Ruta 722, Provincia de Alajuela, Costa Rica",
  "phone": "+50670958913",
  "country-code": "CR",
  "country": "Costa Rica"
 },
 {
  "id": 382,
  "name": "Jazz Café",
  "address": "129, Provincia de Alajuela, Alajuela, Costa Rica",
  "phone": "+50624496623",
  "country-code": "CR",
  "country": "Costa Rica"
 },
 {
  "id": 383,
  "name": "Toucan Rescue Ranch",
  "address": "Calle Central Alfredo Volio, Merced, San José Province, San José, Costa Rica",
  "phone": "+50686336721",
  "country-code": "CR",
  "country": "Costa Rica"
 },
 {
  "id": 384,
  "name": "Wyndham Garden San Jose Escazu",
  "address": "Avenida 2 102, San José Province, San Rafael de Escazú, Costa Rica",
  "phone": "+50622880101",
  "country-code": "CR",
  "country": "Costa Rica"
 },
 {
  "id": 385,
  "name": "Museo Histórico Cultural Juan Santamaría",
  "address": "Parque España, Av 5A, El Carmen, San José, 10101, Costa Rica",
  "phone": "+69510101",
  "country-code": "CR",
  "country": "Costa Rica"
 },
 {
  "id": 386,
  "name": "Starbucks",
  "address": "Av. 7, El Carmen, San José, 10101, Costa Rica",
  "phone": "+50688009252",
  "country-code": "CR",
  "country": "Costa Rica"
 },
 {
  "id": 387,
  "name": "Cartago Municipal Museum",
  "address": "Del quisco del Parque Morazán 300 metros norte y 175 metros noreste, Amón, San José, 10101, Costa Rica",
  "phone": "+930017510101",
  "country-code": "CR",
  "country": "Costa Rica"
 },
 {
  "id": 388,
  "name": "Ruins of Cartago",
  "address": "Av. Central, Bella Vista, San José, Costa Rica",
  "phone": "",
  "country-code": "CR",
  "country": "Costa Rica"
 },
 {
  "id": 389,
  "name": "Pronatura Park",
  "address": "4 Kms despúes del Automercado Alajuela Las Vueltas de la Guacima, 20105, Costa Rica",
  "phone": "+50687432924",
  "country-code": "CR",
  "country": "Costa Rica"
 },
 {
  "id": 390,
  "name": "Walmart",
  "address": "Parque Nacional Volcán Poas, Provincia de Alajuela, Valverde Vega, Costa Rica",
  "phone": "+50624822165",
  "country-code": "CR",
  "country": "Costa Rica"
 },
 {
  "id": 391,
  "name": "Centro Recreativo Bosque de la Hoja",
  "address": "barrio el jardín norte, Venecia, Costa Rica",
  "phone": "+50687731450",
  "country-code": "CR",
  "country": "Costa Rica"
 },
 {
  "id": 392,
  "name": "San Ramon Regional Museum",
  "address": "Alajuela Province, Sarapiqui, Costa Rica",
  "phone": "+50624822720",
  "country-code": "CR",
  "country": "Costa Rica"
 },
 {
  "id": 393,
  "name": "Costa Rica Animal Rescue Center",
  "address": "2.3 km al este del cruce de Manolo's, ruta 3, hacia el B° San José, Provincia de Alajuela, Alajuela, Costa Rica",
  "phone": "+50624338989",
  "country-code": "CR",
  "country": "Costa Rica"
 },
 {
  "id": 394,
  "name": "Espíritu Santo Coffee Tour",
  "address": "Calle 7, El Carmen, San José Province, San José, 10101, Costa Rica",
  "phone": "",
  "country-code": "CR",
  "country": "Costa Rica"
 },
 {
  "id": 395,
  "name": "Get your birds",
  "address": "San José Province, Patarra, Costa Rica",
  "phone": "+50622766060",
  "country-code": "CR",
  "country": "Costa Rica"
 },
 {
  "id": 396,
  "name": "Museo Leone de Ujarrás",
  "address": "Av. 3, Calle 15. Costado Oeste de la Biblioteca Nacional. Antigua Fanal San José CR, San José, Costa Rica",
  "phone": "+50622577202",
  "country-code": "CR",
  "country": "Costa Rica"
 },
 {
  "id": 397,
  "name": "Top Travel Costa Rica",
  "address": "El Carmen, San José, 10101, Costa Rica",
  "phone": "+50622553190",
  "country-code": "CR",
  "country": "Costa Rica"
 }
]