[
 {
  "id": 1,
  "name": "New Bern Mall",
  "address": "Sauteurs (Main Street, Sauteurs, Grenada",
  "phone": "+14734429239",
  "country-code": "GD",
  "country": "Grenada"
 },
 {
  "id": 2,
  "name": "North Grenville Municipal Centre",
  "address": "The Lime, Grenada",
  "phone": "+14734399070",
  "country-code": "GD",
  "country": "Grenada"
 },
 {
  "id": 3,
  "name": "GenLeT Electric",
  "address": "Gladstone Rd, Grenville, Grenada",
  "phone": "+14734449239",
  "country-code": "GD",
  "country": "Grenada"
 },
 {
  "id": 4,
  "name": "TRAVAUX EXTÉRIEURS LD EXTERIOR WORKS",
  "address": "Grenville, Grenada",
  "phone": "+14734208672",
  "country-code": "GD",
  "country": "Grenada"
 },
 {
  "id": 5,
  "name": "Mount Edgecombe Boutique Hotel, Grenada",
  "address": "Jean Anglais, St George's, Grenada",
  "phone": "+14734390888",
  "country-code": "GD",
  "country": "Grenada"
 },
 {
  "id": 6,
  "name": "Radisson Grenada Beach Resort",
  "address": "Mt. Nesbit, Gouyave St. Johns, Gouyave, Grenada",
  "phone": "+14734152273",
  "country-code": "GD",
  "country": "Grenada"
 },
 {
  "id": 7,
  "name": "Rnm The Clubhouse, Grenada",
  "address": "Concord, Grenada",
  "phone": "+14735369782",
  "country-code": "GD",
  "country": "Grenada"
 },
 {
  "id": 8,
  "name": "Megan's Bay Cottages",
  "address": "Nettle Point, Victoria, Grenada",
  "phone": "+14734223712",
  "country-code": "GD",
  "country": "Grenada"
 },
 {
  "id": 9,
  "name": "Coyaba Beach Resort",
  "address": "Grand Anse Beach, Grand Anse, The Lime, Grenada",
  "phone": "+14732300180",
  "country-code": "GD",
  "country": "Grenada"
 },
 {
  "id": 10,
  "name": "Almost Paradise Cottages \u0026 Restaurant",
  "address": "Grand Anse Beach, Grand Anse, Grenada",
  "phone": "+14734440095",
  "country-code": "GD",
  "country": "Grenada"
 },
 {
  "id": 11,
  "name": "La Sagesse Boutique Hotel, Restaurant and Beach Bar",
  "address": "14 Prospect Road, Sauteurs, Grenada",
  "phone": "+14734050608",
  "country-code": "GD",
  "country": "Grenada"
 },
 {
  "id": 12,
  "name": "Bay House",
  "address": "La Sagesse Beach Rd, St. David's, Grenada",
  "phone": "+14734446458",
  "country-code": "GD",
  "country": "Grenada"
 },
 {
  "id": 13,
  "name": "Silversands Grenada",
  "address": "The Lime, Grenada",
  "phone": "+14734444129",
  "country-code": "GD",
  "country": "Grenada"
 },
 {
  "id": 14,
  "name": "Allamanda Beach Resort",
  "address": "Grand Anse Main Rd, St George's, Grenada",
  "phone": "8335943230",
  "country-code": "GD",
  "country": "Grenada"
 },
 {
  "id": 15,
  "name": "Spice Island Beach Resort",
  "address": "Grand Anse Main Rd, The Lime, Grenada",
  "phone": "+14734151953",
  "country-code": "GD",
  "country": "Grenada"
 },
 {
  "id": 16,
  "name": "Mitchell's guesthouse",
  "address": "St George's, Grenada",
  "phone": "",
  "country-code": "GD",
  "country": "Grenada"
 },
 {
  "id": 17,
  "name": "Atma Island Living",
  "address": "Lagoon Rd, St George's, Grenada",
  "phone": "+14734403675",
  "country-code": "GD",
  "country": "Grenada"
 },
 {
  "id": 18,
  "name": "Two Bays Beach Villa, Apartment, and Studios",
  "address": "Point Salines, St George's, Grenada",
  "phone": "+14734393993",
  "country-code": "GD",
  "country": "Grenada"
 },
 {
  "id": 19,
  "name": "Big Sky Lodge",
  "address": "Grand Bras, Grenada",
  "phone": "+14734211509",
  "country-code": "GD",
  "country": "Grenada"
 },
 {
  "id": 20,
  "name": "473 Grenada Boutique Resort",
  "address": "Morne Rouge, Grenada",
  "phone": "+14734390001",
  "country-code": "GD",
  "country": "Grenada"
 },
 {
  "id": 21,
  "name": "Laluna Boutique Hotel and Villas",
  "address": "Grand Anse, St George's, Grenada",
  "phone": "+14734350000",
  "country-code": "GD",
  "country": "Grenada"
 },
 {
  "id": 22,
  "name": "Springle's Quiet Place",
  "address": "Golf Course, Belmont, Grenada",
  "phone": "+14734041569",
  "country-code": "GD",
  "country": "Grenada"
 },
 {
  "id": 23,
  "name": "The Relax Inn",
  "address": "Marian, Grenada",
  "phone": "+14734190075",
  "country-code": "GD",
  "country": "Grenada"
 },
 {
  "id": 24,
  "name": "Bougainvillea Apartments",
  "address": "Grand Bras, Grenville, Grenada",
  "phone": "+14734427714",
  "country-code": "GD",
  "country": "Grenada"
 },
 {
  "id": 25,
  "name": "Limetree Hotel \u0026 Spa",
  "address": "Golf Course, St George's, Grenada",
  "phone": "+14734491012",
  "country-code": "GD",
  "country": "Grenada"
 },
 {
  "id": 26,
  "name": "Springle's Quiet Place",
  "address": "Lance Aux Epines, St George's, Grenada",
  "phone": "+14734444312",
  "country-code": "GD",
  "country": "Grenada"
 },
 {
  "id": 27,
  "name": "Big Sky Lodge",
  "address": "Westerhall, St George's, Grenada",
  "phone": "+14734202878",
  "country-code": "GD",
  "country": "Grenada"
 },
 {
  "id": 28,
  "name": "Woburn Villas",
  "address": "Belmont, Grenada",
  "phone": "+14735375298",
  "country-code": "GD",
  "country": "Grenada"
 },
 {
  "id": 29,
  "name": "Valley Breeze Guest House",
  "address": "Belmont, Grenada",
  "phone": "+14734187729",
  "country-code": "GD",
  "country": "Grenada"
 },
 {
  "id": 30,
  "name": "Willi's Apartment",
  "address": "Lowthers Ln, St George's, Grenada",
  "phone": "+14734067585",
  "country-code": "GD",
  "country": "Grenada"
 },
 {
  "id": 31,
  "name": "Carriacou Grand View Hotel",
  "address": "Lagoon Rd, St George's, Grenada",
  "phone": "",
  "country-code": "GD",
  "country": "Grenada"
 },
 {
  "id": 32,
  "name": "Sandals Grenada",
  "address": "GreenzCove Apartments Mt. Parnassus, St.George's, Grenada",
  "phone": "+14734590147",
  "country-code": "GD",
  "country": "Grenada"
 },
 {
  "id": 33,
  "name": "Seaview Lodge",
  "address": "00, Grenada, Grenada",
  "phone": "",
  "country-code": "GD",
  "country": "Grenada"
 },
 {
  "id": 34,
  "name": "Green Roof Inn",
  "address": "Grey Stones, St George's, Grenada",
  "phone": "+14734204213",
  "country-code": "GD",
  "country": "Grenada"
 },
 {
  "id": 35,
  "name": "Petite Anse Hotel \u0026 Restaurant",
  "address": "Independence Avenue, Grenada, St George's, Grenada",
  "phone": "+14734091580",
  "country-code": "GD",
  "country": "Grenada"
 },
 {
  "id": 36,
  "name": "Crayfish Bay Organic Cocoa Estate and Chocolate Makers \u0026 Self Catering Cottages",
  "address": "Sauteurs (Main Street, Sauteurs, Grenada",
  "phone": "+14734050433",
  "country-code": "GD",
  "country": "Grenada"
 },
 {
  "id": 37,
  "name": "Twelve Degrees North",
  "address": "Falledge, Grenada",
  "phone": "+14734031579",
  "country-code": "GD",
  "country": "Grenada"
 },
 {
  "id": 38,
  "name": "Armadillo Guesthouse \u0026 Restaurant",
  "address": "Sauteurs, Grenada",
  "phone": "+14734420330",
  "country-code": "GD",
  "country": "Grenada"
 },
 {
  "id": 39,
  "name": "Sea Breeze Hotel Grenada",
  "address": "Falledge, Belmont, Grenada",
  "phone": "+14734391412",
  "country-code": "GD",
  "country": "Grenada"
 },
 {
  "id": 40,
  "name": "Belair Plantation",
  "address": "Melville Street, St George's, Grenada",
  "phone": "+14734357007",
  "country-code": "GD",
  "country": "Grenada"
 },
 {
  "id": 41,
  "name": "Going North",
  "address": "Corinth, Grenada",
  "phone": "+14734446305",
  "country-code": "GD",
  "country": "Grenada"
 },
 {
  "id": 42,
  "name": "Grand Anse Beach Palace",
  "address": "Sauteurs (Main Street), Sauteurs, Grenada",
  "phone": "+14734197865",
  "country-code": "GD",
  "country": "Grenada"
 },
 {
  "id": 43,
  "name": "Regis Palms Suites \u0026 Villas",
  "address": "Mt. Rodney, Sauteurs, Grenada",
  "phone": "+14734175250",
  "country-code": "GD",
  "country": "Grenada"
 },
 {
  "id": 44,
  "name": "Deyna's City Inn",
  "address": "Lance aux Epines, Grenada",
  "phone": "",
  "country-code": "GD",
  "country": "Grenada"
 },
 {
  "id": 45,
  "name": "Ocean Spray Guest House",
  "address": "Prospect Road, Sauteurs, Grenada",
  "phone": "+14734425252",
  "country-code": "GD",
  "country": "Grenada"
 },
 {
  "id": 46,
  "name": "Cosy Hut",
  "address": "Grand Anse Main Rd, Grand Anse, Grenada",
  "phone": "+14734390809",
  "country-code": "GD",
  "country": "Grenada"
 },
 {
  "id": 47,
  "name": "Barry's Country Retreat",
  "address": "Mt Nesbit Detour, Gouyave, Grenada",
  "phone": "",
  "country-code": "GD",
  "country": "Grenada"
 },
 {
  "id": 48,
  "name": "Caribbean Cottage Club",
  "address": "Waltham, Grenada",
  "phone": "+14734421897",
  "country-code": "GD",
  "country": "Grenada"
 },
 {
  "id": 49,
  "name": "Treetops Villa",
  "address": "SeaView Carriacou, Hillsborough, Grenada",
  "phone": "+14734436399",
  "country-code": "GD",
  "country": "Grenada"
 },
 {
  "id": 50,
  "name": "GreenzCove Apartments",
  "address": "Mount Nesbit , St Johns, Gouyave, Grenada",
  "phone": "+14734371726",
  "country-code": "GD",
  "country": "Grenada"
 },
 {
  "id": 51,
  "name": "Tropicana Inn",
  "address": "Pink Gin Beach, St George's, Grenada",
  "phone": "8887263257",
  "country-code": "GD",
  "country": "Grenada"
 },
 {
  "id": 52,
  "name": "Raddison Beach Resort",
  "address": "Beausejour, Hillsborough, Grenada",
  "phone": "+14734438659",
  "country-code": "GD",
  "country": "Grenada"
 },
 {
  "id": 53,
  "name": "Seaview Apartments and Wellness Center",
  "address": "St.Benoit Street, Gouyave, Grenada",
  "phone": "+14734370235",
  "country-code": "GD",
  "country": "Grenada"
 },
 {
  "id": 54,
  "name": "Havenheights",
  "address": "Grand Bras, Grenville, Grenada",
  "phone": "+14734425375",
  "country-code": "GD",
  "country": "Grenada"
 },
 {
  "id": 55,
  "name": "Caribbean Affordable Charter",
  "address": "Lowthers Ln, St George's, Grenada",
  "phone": "+14734067585",
  "country-code": "GD",
  "country": "Grenada"
 },
 {
  "id": 56,
  "name": "Little Palace BNB - \"A Home Away from Home\"",
  "address": "In Avenue, Tempe (Jumbie), St George's, Grenada",
  "phone": "+14734040175",
  "country-code": "GD",
  "country": "Grenada"
 },
 {
  "id": 57,
  "name": "Grenada Gold Guest House",
  "address": "Heron Ln, Lance aux Epines, Grenada",
  "phone": "",
  "country-code": "GD",
  "country": "Grenada"
 },
 {
  "id": 58,
  "name": "Evergreen B\u0026B",
  "address": "Mount Cassell Land Settlement, Grenada",
  "phone": "+14734447277",
  "country-code": "GD",
  "country": "Grenada"
 },
 {
  "id": 59,
  "name": "Blue Point Villa",
  "address": "Upper Woburn, St George's, Grenada",
  "phone": "",
  "country-code": "GD",
  "country": "Grenada"
 },
 {
  "id": 60,
  "name": "Essence Hide Away",
  "address": "In Avenue, Tempe (Jumbie), St George's, Grenada",
  "phone": "+14734040175",
  "country-code": "GD",
  "country": "Grenada"
 },
 {
  "id": 61,
  "name": "Rainbow Inn",
  "address": "Mount Cassell Land Settlement, Grenada",
  "phone": "+14734447277",
  "country-code": "GD",
  "country": "Grenada"
 },
 {
  "id": 62,
  "name": "Capt. Harris Suites",
  "address": "True Blue, Grenada",
  "phone": "+14734566237",
  "country-code": "GD",
  "country": "Grenada"
 },
 {
  "id": 63,
  "name": "Laluna, Grenada, a Member of Design Hotels",
  "address": "New Westerhall Point, Petit Calivigny, Grenada",
  "phone": "+14734582473",
  "country-code": "GD",
  "country": "Grenada"
 },
 {
  "id": 64,
  "name": "Pinquin Cottage",
  "address": "Portici Beach, St George's, Grenada",
  "phone": "+14734390001",
  "country-code": "GD",
  "country": "Grenada"
 },
 {
  "id": 65,
  "name": "Rainbow Inn",
  "address": "Crochu St Andrew Cabier, Mount Cassell Land Settlement, Grenada",
  "phone": "+442071837547",
  "country-code": "GD",
  "country": "Grenada"
 },
 {
  "id": 66,
  "name": "Tamernique Apartments",
  "address": "Bathway, St. Patricks, Grenada",
  "phone": "+14734037050",
  "country-code": "GD",
  "country": "Grenada"
 },
 {
  "id": 67,
  "name": "St George's",
  "address": "H A Blaze Street, St George's, Grenada",
  "phone": "+14734193235",
  "country-code": "GD",
  "country": "Grenada"
 },
 {
  "id": 68,
  "name": "Silver View Apartments",
  "address": "Grand Anse Beach, The Lime, Grenada",
  "phone": "+14734444258",
  "country-code": "GD",
  "country": "Grenada"
 },
 {
  "id": 69,
  "name": "Kelly's Hot Spot",
  "address": "Boykes Lane, Gouyave, Grenada",
  "phone": "",
  "country-code": "GD",
  "country": "Grenada"
 },
 {
  "id": 70,
  "name": "Margo's family kitchen",
  "address": "Upper Depradine St, Gouyave, Grenada",
  "phone": "+14734152675",
  "country-code": "GD",
  "country": "Grenada"
 },
 {
  "id": 71,
  "name": "UNCLE G's Grill",
  "address": "Gouyave, Grenada",
  "phone": "+14734176310",
  "country-code": "GD",
  "country": "Grenada"
 },
 {
  "id": 72,
  "name": "Grill fish",
  "address": "Central Depradine St, Gouyave, Grenada",
  "phone": "",
  "country-code": "GD",
  "country": "Grenada"
 },
 {
  "id": 73,
  "name": "DEN'S CRAVINGS Restaurant and Bar",
  "address": "Gouyave, Grenada",
  "phone": "+14734448322",
  "country-code": "GD",
  "country": "Grenada"
 },
 {
  "id": 74,
  "name": "BarCode",
  "address": "Central Depradine St, Gouyave, Grenada",
  "phone": "+14734371270",
  "country-code": "GD",
  "country": "Grenada"
 },
 {
  "id": 75,
  "name": "The New Stepping Delight",
  "address": "Central Depradine St, Gouyave, Grenada",
  "phone": "+14734144972",
  "country-code": "GD",
  "country": "Grenada"
 },
 {
  "id": 76,
  "name": "Grenada Gourmet Burgers",
  "address": "Market square, Gouyave Estate Hill, St John's, Grenada",
  "phone": "+14734561229",
  "country-code": "GD",
  "country": "Grenada"
 },
 {
  "id": 77,
  "name": "\"Morin's Happy Corner\"",
  "address": "CornetsWalk, Gouyave, Grenada",
  "phone": "",
  "country-code": "GD",
  "country": "Grenada"
 },
 {
  "id": 78,
  "name": "The Restaurant at Megan's Bay Cottages",
  "address": "Willis, Grenada",
  "phone": "",
  "country-code": "GD",
  "country": "Grenada"
 },
 {
  "id": 79,
  "name": "Tweleve Tables Gnd",
  "address": "Maurice Bishop Highway, Grand Anse,, St George's, Grenada",
  "phone": "+14734445161",
  "country-code": "GD",
  "country": "Grenada"
 },
 {
  "id": 80,
  "name": "Eve's Cove aka \"D Cove\"",
  "address": "Telescope Main Rd, Dunfermline, Grenada",
  "phone": "+14734170498",
  "country-code": "GD",
  "country": "Grenada"
 },
 {
  "id": 81,
  "name": "Flavours of Belmont",
  "address": "Exit 473 Maurice Bishop Highway, Grand Anse, St George's, Grenada",
  "phone": "",
  "country-code": "GD",
  "country": "Grenada"
 },
 {
  "id": 82,
  "name": "CHRSHAY Take Away Meals",
  "address": "Melville Street, St George's, Grenada",
  "phone": "+14734142676",
  "country-code": "GD",
  "country": "Grenada"
 },
 {
  "id": 83,
  "name": "Boundru",
  "address": "Eastern Main rd.(La Tante), St Davids, Grenada",
  "phone": "+14734570503",
  "country-code": "GD",
  "country": "Grenada"
 },
 {
  "id": 84,
  "name": "La Bella's Restaurant \u0026 bar",
  "address": "Tempe Rd, Grenada, Tempe Rd, Grenada",
  "phone": "+14734153333",
  "country-code": "GD",
  "country": "Grenada"
 },
 {
  "id": 85,
  "name": "A Taste of Difference - The Spot",
  "address": "384X+24M JUNCTION, La Tante, St Davids, Grenada",
  "phone": "+14734045534",
  "country-code": "GD",
  "country": "Grenada"
 },
 {
  "id": 86,
  "name": "A Taste of Difference - The Spot",
  "address": "Crochu Cafè, St. Andrew's, Grenada",
  "phone": "+14735373553",
  "country-code": "GD",
  "country": "Grenada"
 },
 {
  "id": 87,
  "name": "Varsity",
  "address": "Old Airport Road, Pearls, Grenada",
  "phone": "+14734066266",
  "country-code": "GD",
  "country": "Grenada"
 },
 {
  "id": 88,
  "name": "My Place for Roti and Doubles",
  "address": "Prospect Road, Sauteurs, Grenada",
  "phone": "+14734425252",
  "country-code": "GD",
  "country": "Grenada"
 },
 {
  "id": 89,
  "name": "Flavors",
  "address": "La tante, Junction, St Davids, Grenada",
  "phone": "+14734218698",
  "country-code": "GD",
  "country": "Grenada"
 },
 {
  "id": 90,
  "name": "Good Food",
  "address": "Tivoli St. Andrew, Tivoli, Grenada",
  "phone": "+14734578757",
  "country-code": "GD",
  "country": "Grenada"
 },
 {
  "id": 91,
  "name": "East 95 Restaurant \u0026 Bar",
  "address": "Grenvilll St Andrew's, Grenada",
  "phone": "+14734424821",
  "country-code": "GD",
  "country": "Grenada"
 },
 {
  "id": 92,
  "name": "Cassie's Eats \u0026 Drinks Services",
  "address": "Frequente Industrial Park Road, The Lime, Grenada, Frequente Industrial Park Rd, The Lime, Grenada",
  "phone": "",
  "country-code": "GD",
  "country": "Grenada"
 },
 {
  "id": 93,
  "name": "Kathy’s Soul Food",
  "address": "Queen's St, Victoria, Grenada",
  "phone": "+14734372380",
  "country-code": "GD",
  "country": "Grenada"
 },
 {
  "id": 94,
  "name": "Booie Hot Spot...",
  "address": "True Blue, St George's, Grenada",
  "phone": "+14734438783",
  "country-code": "GD",
  "country": "Grenada"
 },
 {
  "id": 95,
  "name": "Wraps",
  "address": "Grand Etang Road, St George's, Grenada",
  "phone": "+14734357058",
  "country-code": "GD",
  "country": "Grenada"
 },
 {
  "id": 96,
  "name": "Jannet house by IMI",
  "address": "Grenada Golf \u0026 Country Club Golf Course Belmont, St George's, Grenada",
  "phone": "+14734224348",
  "country-code": "GD",
  "country": "Grenada"
 },
 {
  "id": 97,
  "name": "Romell's hot pot \u0026 gril",
  "address": "Sauteurs (Main Street), Sauteurs, Grenada",
  "phone": "+14734063884",
  "country-code": "GD",
  "country": "Grenada"
 },
 {
  "id": 98,
  "name": "BLAST",
  "address": "Salisbury Rd, Grenville, Grenada",
  "phone": "",
  "country-code": "GD",
  "country": "Grenada"
 },
 {
  "id": 99,
  "name": "All Friends Restaurant \u0026 Bar",
  "address": "Clarks Court Bay Rd, Woodlands, Grenada, Grenada, Clarks Court Bay Rd, Ruth Howard, Grenada",
  "phone": "+14734156708",
  "country-code": "GD",
  "country": "Grenada"
 },
 {
  "id": 100,
  "name": "By the Sea",
  "address": "ETHRH WEF, GQWERGQER, Grenada",
  "phone": "",
  "country-code": "GD",
  "country": "Grenada"
 },
 {
  "id": 101,
  "name": "Mr. H Grilled and Chill",
  "address": "Fontenoy, St George's, Grenada",
  "phone": "+14735372080",
  "country-code": "GD",
  "country": "Grenada"
 },
 {
  "id": 102,
  "name": "VJ'S CHILL SPOT",
  "address": "Wall Street, La Mode, Grenada",
  "phone": "+14734498597",
  "country-code": "GD",
  "country": "Grenada"
 },
 {
  "id": 103,
  "name": "Alma's Kitchen",
  "address": "The bay, St George's, Grenada",
  "phone": "+14734195765",
  "country-code": "GD",
  "country": "Grenada"
 },
 {
  "id": 104,
  "name": "Going North",
  "address": "Birch Grove, Saint Andrew's, Grenada",
  "phone": "+14734385872",
  "country-code": "GD",
  "country": "Grenada"
 },
 {
  "id": 105,
  "name": "The Melting Pot",
  "address": "La Fortune Sauteurs Grenada, La Fortune, Sauteurs, Grenada",
  "phone": "+14429224",
  "country-code": "GD",
  "country": "Grenada"
 },
 {
  "id": 106,
  "name": "BP Bar ń Grill (Big Parish)",
  "address": "Dunfermline, St.Andrews, Grenada",
  "phone": "+14734059524",
  "country-code": "GD",
  "country": "Grenada"
 },
 {
  "id": 107,
  "name": "New Thriving Restaurant",
  "address": "Grand Mal, Grenada",
  "phone": "",
  "country-code": "GD",
  "country": "Grenada"
 },
 {
  "id": 108,
  "name": "Lous bar",
  "address": "Sauteurs, Grenada",
  "phone": "",
  "country-code": "GD",
  "country": "Grenada"
 },
 {
  "id": 109,
  "name": "jacpot city restaurnt",
  "address": "By headz mini shop, Rose Hill, St.patrick's, Grenada",
  "phone": "+14734160192",
  "country-code": "GD",
  "country": "Grenada"
 },
 {
  "id": 110,
  "name": "Jana caniga",
  "address": "St George's, Grenada",
  "phone": "+14734357263",
  "country-code": "GD",
  "country": "Grenada"
 },
 {
  "id": 111,
  "name": "Chefscafe",
  "address": "Tivoli, Grenada",
  "phone": "",
  "country-code": "GD",
  "country": "Grenada"
 },
 {
  "id": 112,
  "name": "Wild Orchid",
  "address": "Telescope Main Rd, Dunfermline, Grenada",
  "phone": "+14734056714",
  "country-code": "GD",
  "country": "Grenada"
 },
 {
  "id": 113,
  "name": "Kevo’s Roadside Kitchen",
  "address": "Unnamed Road, River Sallee, Grenada",
  "phone": "+14735377016",
  "country-code": "GD",
  "country": "Grenada"
 },
 {
  "id": 114,
  "name": "Armadillo Guesthouse \u0026 Restaurant",
  "address": "Tivoli St Andrews, Grenville, Grenada",
  "phone": "+14734157866",
  "country-code": "GD",
  "country": "Grenada"
 },
 {
  "id": 115,
  "name": "Shirmme's Place",
  "address": "Soubise, Grenada",
  "phone": "",
  "country-code": "GD",
  "country": "Grenada"
 },
 {
  "id": 116,
  "name": "Dre's Flavors",
  "address": "Lagoon Rd St Georges Grenada, Lagoon Rd, St George's, Grenada",
  "phone": "+14734400364",
  "country-code": "GD",
  "country": "Grenada"
 },
 {
  "id": 117,
  "name": "Chillaxing Cafe",
  "address": "Pearls St Andrews, Moya, Grenada",
  "phone": "+14734380234",
  "country-code": "GD",
  "country": "Grenada"
 },
 {
  "id": 118,
  "name": "Ruth'sGourmetKitchen",
  "address": "(Western Main Rd (Happy Hill, St George's, Grenada",
  "phone": "+14734573837",
  "country-code": "GD",
  "country": "Grenada"
 },
 {
  "id": 119,
  "name": "Ginger Takeaway Eatery",
  "address": "Seaton Browne St, Grenville, Grenada",
  "phone": "",
  "country-code": "GD",
  "country": "Grenada"
 },
 {
  "id": 120,
  "name": "Cruiser's Reef Restaurant \u0026 Bar",
  "address": "SANCHEEZ HILLBROUGH, Grenada",
  "phone": "+14734439322",
  "country-code": "GD",
  "country": "Grenada"
 },
 {
  "id": 121,
  "name": "Savvy's Tasty Delights",
  "address": "Clarke's Court Bay Marina \u0026 Boatyard Woburn, La Mode, Grenada",
  "phone": "+14732320832",
  "country-code": "GD",
  "country": "Grenada"
 },
 {
  "id": 122,
  "name": "Gilbert's Cafe",
  "address": "Cannel Rd, St Andrew's, Grenada",
  "phone": "",
  "country-code": "GD",
  "country": "Grenada"
 },
 {
  "id": 123,
  "name": "Funky chicken",
  "address": "Telescope, St. Andrew's, Grenada",
  "phone": "+14734056714",
  "country-code": "GD",
  "country": "Grenada"
 },
 {
  "id": 124,
  "name": "My. Rich",
  "address": "St. Andrew, Soubise, Grenada",
  "phone": "+14734191451",
  "country-code": "GD",
  "country": "Grenada"
 },
 {
  "id": 125,
  "name": "Soul food",
  "address": "Mount Craven, Sauteurs, Grenada",
  "phone": "+14735338076",
  "country-code": "GD",
  "country": "Grenada"
 },
 {
  "id": 126,
  "name": "Bathway Pizza",
  "address": "Mt. Rodney, Sauteurs, Grenada",
  "phone": "+14734175250",
  "country-code": "GD",
  "country": "Grenada"
 },
 {
  "id": 127,
  "name": "Calypso Private Eco Island",
  "address": "Mt Sealy, Soubise, Grenville, Grenada",
  "phone": "+14734038806",
  "country-code": "GD",
  "country": "Grenada"
 },
 {
  "id": 128,
  "name": "Cross Roads bar",
  "address": "Morne Longue, Grenada",
  "phone": "",
  "country-code": "GD",
  "country": "Grenada"
 },
 {
  "id": 129,
  "name": "Rama bar",
  "address": "sauteurs, st patricks, Grenada",
  "phone": "+14734562267",
  "country-code": "GD",
  "country": "Grenada"
 },
 {
  "id": 130,
  "name": "Caliph_six",
  "address": "Seaton Browne St, Grenville, Grenada",
  "phone": "",
  "country-code": "GD",
  "country": "Grenada"
 },
 {
  "id": 131,
  "name": "Victory Bar and Restaurant",
  "address": "Sandell St, Grenville, Grenada",
  "phone": "+14734383939",
  "country-code": "GD",
  "country": "Grenada"
 },
 {
  "id": 132,
  "name": "Tasty Nutmeg Bar",
  "address": "Grenville, Grenada, Grenville, Grenada",
  "phone": "",
  "country-code": "GD",
  "country": "Grenada"
 },
 {
  "id": 133,
  "name": "JamRock Grill",
  "address": "Eastern Main Rd, Mount Cassell Land Settlement, Grenada",
  "phone": "+14735377955",
  "country-code": "GD",
  "country": "Grenada"
 },
 {
  "id": 134,
  "name": "The Heights",
  "address": "(Western Main Rd (Happy Hill, Molinere, Grenada",
  "phone": "+14734492518",
  "country-code": "GD",
  "country": "Grenada"
 },
 {
  "id": 135,
  "name": "Mellow's Entertainment Complex",
  "address": "Mount Rose, Grenada",
  "phone": "",
  "country-code": "GD",
  "country": "Grenada"
 },
 {
  "id": 136,
  "name": "TROLL",
  "address": "Grand Mal, Grenada",
  "phone": "+14734186229",
  "country-code": "GD",
  "country": "Grenada"
 },
 {
  "id": 137,
  "name": "Brenda Frederick",
  "address": "Sauteurs (Main Street), Sauteurs, Grenada",
  "phone": "+14734197865",
  "country-code": "GD",
  "country": "Grenada"
 },
 {
  "id": 138,
  "name": "Jahwahs Entertainment Venue",
  "address": "Simon, Grenada",
  "phone": "+14734373663",
  "country-code": "GD",
  "country": "Grenada"
 },
 {
  "id": 139,
  "name": "Real Time Bar Grill \u0026 Convenient Store",
  "address": "Grand Mal, Grenada",
  "phone": "+14735331516",
  "country-code": "GD",
  "country": "Grenada"
 },
 {
  "id": 140,
  "name": "Shevandy's Restaurant And Bar",
  "address": "Ben Jones Street, Grenville, Grenada",
  "phone": "",
  "country-code": "GD",
  "country": "Grenada"
 },
 {
  "id": 141,
  "name": "Fairways by Red Crab",
  "address": "Crochu main road, Crochu, Grenada",
  "phone": "+14735369016",
  "country-code": "GD",
  "country": "Grenada"
 },
 {
  "id": 142,
  "name": "D Bakes Shop (Sauteurs)",
  "address": "Gladstone Rd, Grenville, Grenada",
  "phone": "+14734422828",
  "country-code": "GD",
  "country": "Grenada"
 },
 {
  "id": 143,
  "name": "BB's Crabback",
  "address": "Concord, St. Johns, Jacqlin,Concord, St. Johns, Grenada",
  "phone": "+14734231109",
  "country-code": "GD",
  "country": "Grenada"
 },
 {
  "id": 144,
  "name": "Last One Chicken \u0026 Chips",
  "address": "Sendall Street, Grenville, Grenada",
  "phone": "+14734188011",
  "country-code": "GD",
  "country": "Grenada"
 },
 {
  "id": 145,
  "name": "Dodgy Dock Restaurant Grenada",
  "address": "Grenville, Grenada, Ben Jones Street, Grenville, Grenada",
  "phone": "+14734206357",
  "country-code": "GD",
  "country": "Grenada"
 },
 {
  "id": 146,
  "name": "Cocoa Pod Bar",
  "address": "Beausejour Bay, ST.GEORGE, Grenada",
  "phone": "+14735347418",
  "country-code": "GD",
  "country": "Grenada"
 },
 {
  "id": 147,
  "name": "El Lugar Frio",
  "address": "Mount Cassell Land Settlement, Grenada",
  "phone": "+14734107265",
  "country-code": "GD",
  "country": "Grenada"
 },
 {
  "id": 148,
  "name": "Clive's restaurant",
  "address": "Grenville, Grenada",
  "phone": "",
  "country-code": "GD",
  "country": "Grenada"
 },
 {
  "id": 149,
  "name": "KFC",
  "address": "Morne Longue, Grenada",
  "phone": "",
  "country-code": "GD",
  "country": "Grenada"
 },
 {
  "id": 150,
  "name": "Trini Bites",
  "address": "Gladstone Rd, Grenville, Grenada",
  "phone": "+14734424672",
  "country-code": "GD",
  "country": "Grenada"
 },
 {
  "id": 151,
  "name": "N.M. Breeze Cafe!",
  "address": "Sauteurs (Main Street, Sauteurs, Grenada",
  "phone": "+14734409239",
  "country-code": "GD",
  "country": "Grenada"
 },
 {
  "id": 152,
  "name": "Petite Anse Hotel \u0026 Restaurant",
  "address": "Sauteurs (Main Street), Sauteurs, Grenada",
  "phone": "+14734421842",
  "country-code": "GD",
  "country": "Grenada"
 },
 {
  "id": 153,
  "name": "Shipwreck Café",
  "address": "Sauteurs (Main Street), Sauteurs, Grenada",
  "phone": "+14734421842",
  "country-code": "GD",
  "country": "Grenada"
 },
 {
  "id": 154,
  "name": "Sparks BAR and Snack",
  "address": "Concord Mountain, Grenada",
  "phone": "",
  "country-code": "GD",
  "country": "Grenada"
 },
 {
  "id": 155,
  "name": "Bruce Street Commercial Complex",
  "address": "Grenville, Grenada",
  "phone": "+14734208672",
  "country-code": "GD",
  "country": "Grenada"
 },
 {
  "id": 156,
  "name": "M\u0026H Shopping Plaza",
  "address": "Grenville Street, St George's, Grenada",
  "phone": "+14734176218",
  "country-code": "GD",
  "country": "Grenada"
 },
 {
  "id": 157,
  "name": "Grenada Online Shopping Mall",
  "address": "Central Depradine St, Gouyave, Grenada",
  "phone": "+14734448503",
  "country-code": "GD",
  "country": "Grenada"
 },
 {
  "id": 158,
  "name": "Grand Anse Shopping Center",
  "address": "Sauteurs (Main Street, Sauteurs, Grenada",
  "phone": "+14734429239",
  "country-code": "GD",
  "country": "Grenada"
 },
 {
  "id": 159,
  "name": "Kalico Shopping Centre",
  "address": "The Lime, Grenada",
  "phone": "+14734399070",
  "country-code": "GD",
  "country": "Grenada"
 },
 {
  "id": 160,
  "name": "Esplanade Shopping Complex",
  "address": "Melville Street, St George's, Grenada",
  "phone": "+14734358372",
  "country-code": "GD",
  "country": "Grenada"
 },
 {
  "id": 161,
  "name": "Le Marquis Shopping Complex",
  "address": "269R+9HM a b. B, The Lime, Grenada",
  "phone": "+14734390901",
  "country-code": "GD",
  "country": "Grenada"
 },
 {
  "id": 162,
  "name": "Excel Plaza",
  "address": "Le Marquis shopping complex, Grand Anse Main Rd, Saint George, Grenada, Grenada",
  "phone": "",
  "country-code": "GD",
  "country": "Grenada"
 },
 {
  "id": 163,
  "name": "Spiceland Mall",
  "address": "Melville Street, St George's, Grenada",
  "phone": "+14734358372",
  "country-code": "GD",
  "country": "Grenada"
 },
 {
  "id": 164,
  "name": "J \u0026 A Supermarket",
  "address": "Grand Anse Shopping Center Grand Anse, The Lime, Grenada",
  "phone": "+14734092222",
  "country-code": "GD",
  "country": "Grenada"
 },
 {
  "id": 165,
  "name": "Kalico Gouyave",
  "address": "True Blue Bay Resort, Old Mill Road, True Blue, Grenada",
  "phone": "+14734441126",
  "country-code": "GD",
  "country": "Grenada"
 },
 {
  "id": 166,
  "name": "Kalico Shopping Centre",
  "address": "At Spice Island Beach Resort, Grand Anse Beach, St. Georges, Grenada",
  "phone": "+14734441126",
  "country-code": "GD",
  "country": "Grenada"
 },
 {
  "id": 167,
  "name": "All Class Shopping Centre",
  "address": "True Blue, Grenada",
  "phone": "+14734441573",
  "country-code": "GD",
  "country": "Grenada"
 },
 {
  "id": 168,
  "name": "Kalico shopping center",
  "address": "Grand Anse Shopping Center, The Lime, Grenada",
  "phone": "+14734391755",
  "country-code": "GD",
  "country": "Grenada"
 },
 {
  "id": 169,
  "name": "S. KUMAR PLAZA",
  "address": "Grand Anse Shopping Center, St George's, Grenada",
  "phone": "+14735342669",
  "country-code": "GD",
  "country": "Grenada"
 },
 {
  "id": 170,
  "name": "Plaza de Sauteurs",
  "address": "Grand Anse Shopping Center, St George's, Grenada",
  "phone": "+14734153666",
  "country-code": "GD",
  "country": "Grenada"
 },
 {
  "id": 171,
  "name": "The Closet",
  "address": "Grand Anse Beach, Mount Cinnamon, Grand Anse, Grenada",
  "phone": "+14734146229",
  "country-code": "GD",
  "country": "Grenada"
 },
 {
  "id": 172,
  "name": "S. Kumar",
  "address": "Excel Plaza, Grand Anse, Grenada",
  "phone": "+14734399355",
  "country-code": "GD",
  "country": "Grenada"
 },
 {
  "id": 173,
  "name": "The Vanity Spot",
  "address": "Belmont Rd., St George's, Grenada",
  "phone": "+14734353423",
  "country-code": "GD",
  "country": "Grenada"
 },
 {
  "id": 174,
  "name": "Art Fabrik",
  "address": "Horizon Plaza, St John's Street, St George's, Grenada",
  "phone": "+14735353208",
  "country-code": "GD",
  "country": "Grenada"
 },
 {
  "id": 175,
  "name": "Rnm The Clubhouse, Grenada",
  "address": "Gore Street, St George's, Grenada",
  "phone": "+14734358269",
  "country-code": "GD",
  "country": "Grenada"
 },
 {
  "id": 176,
  "name": "Food Fair",
  "address": "Grand Anse, St George's, Grenada",
  "phone": "",
  "country-code": "GD",
  "country": "Grenada"
 },
 {
  "id": 177,
  "name": "HD Tech Grenada",
  "address": "Tempe Road, Saint George, Grenada, Tempe Rd, Grenada",
  "phone": "+14734400071",
  "country-code": "GD",
  "country": "Grenada"
 },
 {
  "id": 178,
  "name": "St. Patrick's Tyre Centre",
  "address": "Grenville, Grenada",
  "phone": "+14734402117",
  "country-code": "GD",
  "country": "Grenada"
 },
 {
  "id": 179,
  "name": "Broados Tyre Centre",
  "address": "Beaton, Grenada",
  "phone": "+14031507",
  "country-code": "GD",
  "country": "Grenada"
 },
 {
  "id": 180,
  "name": "Kool Nursery",
  "address": "Grand Anse, St George's, Grenada",
  "phone": "+14734187115",
  "country-code": "GD",
  "country": "Grenada"
 },
 {
  "id": 181,
  "name": "Lehigh Valley Mall",
  "address": "Excel Plaza, Grand Anse Main Rd, The Lime, Grenada",
  "phone": "+14735376411",
  "country-code": "GD",
  "country": "Grenada"
 },
 {
  "id": 182,
  "name": "Hillside Village Shopping Center",
  "address": "Belmont Rd., St George's, Grenada",
  "phone": "+14734403419",
  "country-code": "GD",
  "country": "Grenada"
 },
 {
  "id": 183,
  "name": "Cherry Creek Shopping Center",
  "address": "Birch Grove, Grenada",
  "phone": "",
  "country-code": "GD",
  "country": "Grenada"
 },
 {
  "id": 184,
  "name": "The Mall at Green Hills",
  "address": "Morne Jaloux, St George's, Grenada",
  "phone": "+14734435483",
  "country-code": "GD",
  "country": "Grenada"
 },
 {
  "id": 185,
  "name": "Old Westerhall Community Center",
  "address": "Seaton James St, Grenville, Grenada",
  "phone": "+14734424800",
  "country-code": "GD",
  "country": "Grenada"
 },
 {
  "id": 186,
  "name": "Home Plus Solutions",
  "address": "Mt Tout, St George's, Grenada",
  "phone": "+14734496819",
  "country-code": "GD",
  "country": "Grenada"
 },
 {
  "id": 187,
  "name": "L.A law tyre shop",
  "address": "Grand Anse, The Lime, Grenada",
  "phone": "+14734092222",
  "country-code": "GD",
  "country": "Grenada"
 },
 {
  "id": 188,
  "name": "Grenada Co-Operative Nutmeg Association Grenville",
  "address": "Excel Plaza, Grand Anse, Grenada, The Lime, Grenada",
  "phone": "+14734393353",
  "country-code": "GD",
  "country": "Grenada"
 },
 {
  "id": 189,
  "name": "The Streets at Southpoint",
  "address": "Plains, Morne Fendue, Grenada",
  "phone": "+14734420226",
  "country-code": "GD",
  "country": "Grenada"
 },
 {
  "id": 190,
  "name": "Elite Nail Supplies",
  "address": "Mt. Nesbit, Gouyave St. Johns, Gouyave, Grenada",
  "phone": "+14734152273",
  "country-code": "GD",
  "country": "Grenada"
 },
 {
  "id": 191,
  "name": "Innovative Computer Café",
  "address": "Grand Anse, The Lime, Grenada",
  "phone": "+14734444573",
  "country-code": "GD",
  "country": "Grenada"
 },
 {
  "id": 192,
  "name": "Del Monte Shopping Center",
  "address": "Young Street, St George's, Grenada",
  "phone": "+14734075110",
  "country-code": "GD",
  "country": "Grenada"
 },
 {
  "id": 193,
  "name": "Salon Success Grenada",
  "address": "Concord, Grenada",
  "phone": "",
  "country-code": "GD",
  "country": "Grenada"
 },
 {
  "id": 194,
  "name": "Coldwell Banker Grenada",
  "address": "Sauteurs, Grenada",
  "phone": "",
  "country-code": "GD",
  "country": "Grenada"
 },
 {
  "id": 195,
  "name": "Nahshon Jeremiah Arts",
  "address": "Grenville Street, St George's, Grenada",
  "phone": "",
  "country-code": "GD",
  "country": "Grenada"
 },
 {
  "id": 196,
  "name": "Communal Co-operative Credit Union",
  "address": "Grand Anse Valley Rd, The Lime, Grenada",
  "phone": "+14734357447",
  "country-code": "GD",
  "country": "Grenada"
 },
 {
  "id": 197,
  "name": "Rick's Café",
  "address": "Grand Anse Shopping Center (Foodfair Complex, The Lime, Grenada",
  "phone": "+14734212334",
  "country-code": "GD",
  "country": "Grenada"
 },
 {
  "id": 198,
  "name": "Aquanauts Grenada",
  "address": "Melville Street, St George's, Grenada",
  "phone": "+14734407447",
  "country-code": "GD",
  "country": "Grenada"
 },
 {
  "id": 199,
  "name": "Dive Grenada",
  "address": "Sauteurs (Main Street, Sauteurs, Grenada",
  "phone": "",
  "country-code": "GD",
  "country": "Grenada"
 },
 {
  "id": 200,
  "name": "Mitchell's Health And Wellness Pharmacy ltd",
  "address": "Marigot, Grenada",
  "phone": "+14734370299",
  "country-code": "GD",
  "country": "Grenada"
 },
 {
  "id": 201,
  "name": "Aquanauts Grenada",
  "address": "Gladstone Rd, Grenville, Grenada",
  "phone": "+14734449239",
  "country-code": "GD",
  "country": "Grenada"
 },
 {
  "id": 202,
  "name": "Founders Library",
  "address": "The Lime, Grenada",
  "phone": "",
  "country-code": "GD",
  "country": "Grenada"
 },
 {
  "id": 203,
  "name": "Morne Gazo Visitors Center",
  "address": "Gouyave, Grenada",
  "phone": "+14734449556",
  "country-code": "GD",
  "country": "Grenada"
 },
 {
  "id": 204,
  "name": "Annandale Waterfall \u0026 Forest Park",
  "address": "Mount Carmel, Grenada",
  "phone": "",
  "country-code": "GD",
  "country": "Grenada"
 },
 {
  "id": 205,
  "name": "Concord Falls",
  "address": "Woolwich Road, St George's, Grenada",
  "phone": "+14734408395",
  "country-code": "GD",
  "country": "Grenada"
 },
 {
  "id": 206,
  "name": "Belmont Estate",
  "address": "Tivoli, Grenada",
  "phone": "+14734427109",
  "country-code": "GD",
  "country": "Grenada"
 },
 {
  "id": 207,
  "name": "Quarantine Point",
  "address": "Palm Tree Gardens, Red Gate, Grenada",
  "phone": "+14734090310",
  "country-code": "GD",
  "country": "Grenada"
 },
 {
  "id": 208,
  "name": "River Sallee Boiling Springs",
  "address": "The Tower, St. Paul's, St George's, Grenada",
  "phone": "+14734403243",
  "country-code": "GD",
  "country": "Grenada"
 },
 {
  "id": 209,
  "name": "Hyde Park Tropical Garden",
  "address": "St Patrick's, Grenada",
  "phone": "+14734429524",
  "country-code": "GD",
  "country": "Grenada"
 },
 {
  "id": 210,
  "name": "Mt Carmel Falls",
  "address": "The Lime, Grenada",
  "phone": "",
  "country-code": "GD",
  "country": "Grenada"
 },
 {
  "id": 211,
  "name": "The Tower Estate",
  "address": "Morne Docteur, Grenada",
  "phone": "8885715524",
  "country-code": "GD",
  "country": "Grenada"
 },
 {
  "id": 212,
  "name": "Palm Tree Gardens",
  "address": "River Sallee, Grenada",
  "phone": "",
  "country-code": "GD",
  "country": "Grenada"
 },
 {
  "id": 213,
  "name": "Levera National Park",
  "address": "Melville Street, St George's, Grenada",
  "phone": "+14734441613",
  "country-code": "GD",
  "country": "Grenada"
 },
 {
  "id": 214,
  "name": "Clarke's Court Rum",
  "address": "Magazine Beach Point Salines, St George's, Grenada",
  "phone": "+14734443333",
  "country-code": "GD",
  "country": "Grenada"
 },
 {
  "id": 215,
  "name": "Tyrell Bay Beach",
  "address": "Young Street, St George's 00000, Grenada",
  "phone": "+14734352958",
  "country-code": "GD",
  "country": "Grenada"
 },
 {
  "id": 216,
  "name": "Savvy Sailing Charters Grenada",
  "address": "Morne Rouge, St George's, Grenada",
  "phone": "+14734393648",
  "country-code": "GD",
  "country": "Grenada"
 },
 {
  "id": 217,
  "name": "Blessed Sacrament Church",
  "address": "Mt. Nesbit, Gouyave St. Johns, Gouyave, Grenada",
  "phone": "+14734152273",
  "country-code": "GD",
  "country": "Grenada"
 },
 {
  "id": 218,
  "name": "Fort Matthew",
  "address": "Young Street, St George's, Grenada",
  "phone": "+14734403725",
  "country-code": "GD",
  "country": "Grenada"
 },
 {
  "id": 219,
  "name": "Rumboat Retreat",
  "address": "St. Paul's, St George's, Grenada",
  "phone": "+14734402613",
  "country-code": "GD",
  "country": "Grenada"
 },
 {
  "id": 220,
  "name": "Mount Qua Qua",
  "address": "Grand Anse, St George's, Grenada",
  "phone": "+14734032543",
  "country-code": "GD",
  "country": "Grenada"
 },
 {
  "id": 221,
  "name": "La Sagesse Beach",
  "address": "Lagoon Rd, St George's, Grenada",
  "phone": "+14734057800",
  "country-code": "GD",
  "country": "Grenada"
 },
 {
  "id": 222,
  "name": "Morne Rouge Beach",
  "address": "The Lime, Grenada",
  "phone": "+14734072338",
  "country-code": "GD",
  "country": "Grenada"
 },
 {
  "id": 223,
  "name": "Best Of Grenada",
  "address": "Burns Point, St George's, Grenada",
  "phone": "+14734402279",
  "country-code": "GD",
  "country": "Grenada"
 },
 {
  "id": 224,
  "name": "Parc a Boeuf Beach",
  "address": "Grenada 4, True Blue Road, 9 km, St George's, Grenada",
  "phone": "+14734499263",
  "country-code": "GD",
  "country": "Grenada"
 },
 {
  "id": 225,
  "name": "Eco Dive, Grenada Blue",
  "address": "past the Police Station, Upper Hermitage, Mt Rose, Grenada",
  "phone": "+14734420050",
  "country-code": "GD",
  "country": "Grenada"
 },
 {
  "id": 226,
  "name": "Le Phare Bleu",
  "address": "Petite Calivigny Bay, Egmont, Grenada",
  "phone": "+14734442400",
  "country-code": "GD",
  "country": "Grenada"
 },
 {
  "id": 227,
  "name": "Morne Rouge",
  "address": "Melville Street, St George's, Grenada",
  "phone": "+14734407878",
  "country-code": "GD",
  "country": "Grenada"
 },
 {
  "id": 228,
  "name": "Grenada Chocolate Company, Factory \u0026 Bonbon Shop",
  "address": "The Carenage, St George's, Grenada",
  "phone": "",
  "country-code": "GD",
  "country": "Grenada"
 },
 {
  "id": 229,
  "name": "Mount Carmel",
  "address": "Grand Anse Beach, St George's, Grenada",
  "phone": "+14734158665",
  "country-code": "GD",
  "country": "Grenada"
 },
 {
  "id": 230,
  "name": "Basket N' Things Gnd",
  "address": "Becke Moui, Grenada",
  "phone": "+14734435477",
  "country-code": "GD",
  "country": "Grenada"
 },
 {
  "id": 231,
  "name": "Lance aux Epines",
  "address": "Grand Anse Beach, Mount Cinnamon, Grand Anse, Grenada",
  "phone": "+14734146229",
  "country-code": "GD",
  "country": "Grenada"
 },
 {
  "id": 232,
  "name": "St George's",
  "address": "Grand Anse Main Rd, The Lime, Grenada",
  "phone": "+14734567534",
  "country-code": "GD",
  "country": "Grenada"
 },
 {
  "id": 233,
  "name": "Grenada Seafaris",
  "address": "Mount Nesbit , St Johns, Gouyave, Grenada",
  "phone": "+14734371726",
  "country-code": "GD",
  "country": "Grenada"
 },
 {
  "id": 234,
  "name": "Sauteurs",
  "address": "Unnamed Road, L'Appelle, Grenada",
  "phone": "",
  "country-code": "GD",
  "country": "Grenada"
 },
 {
  "id": 235,
  "name": "Sunnyside Garden",
  "address": "Young Street, St George's, Grenada",
  "phone": "+14734402310",
  "country-code": "GD",
  "country": "Grenada"
 },
 {
  "id": 236,
  "name": "Mabouya Island",
  "address": "St George's, Grenada",
  "phone": "",
  "country-code": "GD",
  "country": "Grenada"
 },
 {
  "id": 237,
  "name": "Fort James",
  "address": "26HV+4RM Blessed Sacrament Church, The Lime, Grenada",
  "phone": "+14734442238",
  "country-code": "GD",
  "country": "Grenada"
 },
 {
  "id": 238,
  "name": "The Lime",
  "address": "Paterson Street, Argyle, Grenada",
  "phone": "+14734438288",
  "country-code": "GD",
  "country": "Grenada"
 },
 {
  "id": 239,
  "name": "Saint George",
  "address": "Beaulieu, Grenada, Spice Basket, St George's, Grenada",
  "phone": "+14734492626",
  "country-code": "GD",
  "country": "Grenada"
 },
 {
  "id": 240,
  "name": "Crochu",
  "address": "Grand Etang Road, St George's, Grenada",
  "phone": "+14734172761",
  "country-code": "GD",
  "country": "Grenada"
 },
 {
  "id": 241,
  "name": "Petit Calivigny",
  "address": "Calivigny Gardens Rd, St George's, Grenada",
  "phone": "+14734406272",
  "country-code": "GD",
  "country": "Grenada"
 },
 {
  "id": 242,
  "name": "Art and Soul Art Gallery Bookstore",
  "address": "Diamond, Victoria, Grenada",
  "phone": "+14734371839",
  "country-code": "GD",
  "country": "Grenada"
 },
 {
  "id": 243,
  "name": "Saint Patrick",
  "address": "St George's, Grenada",
  "phone": "+14734402999",
  "country-code": "GD",
  "country": "Grenada"
 },
 {
  "id": 244,
  "name": "Saint David",
  "address": "Richmond Hill, Grenada",
  "phone": "+14734427310",
  "country-code": "GD",
  "country": "Grenada"
 },
 {
  "id": 245,
  "name": "Creative House Do It Best (Hardware \u0026 HomeGoods Store)",
  "address": "Argyle, Grenada",
  "phone": "+14734030986",
  "country-code": "GD",
  "country": "Grenada"
 },
 {
  "id": 246,
  "name": "Saint Andrew",
  "address": "Woodlands Main Road, Woodlands, Saint George, Grenada, Woodlands Main Rd, Ruth Howard, Grenada",
  "phone": "+14734445363",
  "country-code": "GD",
  "country": "Grenada"
 },
 {
  "id": 247,
  "name": "Courts Grenada Ltd.",
  "address": "Epping Forest, Grenada",
  "phone": "+14734432604",
  "country-code": "GD",
  "country": "Grenada"
 },
 {
  "id": 248,
  "name": "K.F.C.",
  "address": "Sauteurs, Grenada",
  "phone": "8885715524",
  "country-code": "GD",
  "country": "Grenada"
 },
 {
  "id": 249,
  "name": "Ashton",
  "address": "St Margaret, St Andrew's, Grenada",
  "phone": "+14734424187",
  "country-code": "GD",
  "country": "Grenada"
 },
 {
  "id": 250,
  "name": "Castara",
  "address": "L'anse Aux Epines Stretch, Lance aux Epines, Grenada",
  "phone": "+14732322337",
  "country-code": "GD",
  "country": "Grenada"
 },
 {
  "id": 251,
  "name": "North Bay Inn",
  "address": "Sauteurs (Main Street), Sauteurs, Grenada",
  "phone": "+14734409239",
  "country-code": "GD",
  "country": "Grenada"
 },
 {
  "id": 252,
  "name": "Almost Paradise Cottages \u0026 Restaurant",
  "address": "Sauteurs (Main Street, Sauteurs, Grenada",
  "phone": "+14734050433",
  "country-code": "GD",
  "country": "Grenada"
 },
 {
  "id": 253,
  "name": "Atma Island Living",
  "address": "Concord, Grenada",
  "phone": "+14735369782",
  "country-code": "GD",
  "country": "Grenada"
 },
 {
  "id": 254,
  "name": "Mount Edgecombe Boutique Hotel, Grenada",
  "address": "Bathway, St. Patricks, Grenada",
  "phone": "+14734037050",
  "country-code": "GD",
  "country": "Grenada"
 },
 {
  "id": 255,
  "name": "Megan's Bay Cottages",
  "address": "Sauteurs, Grenada",
  "phone": "+14734420330",
  "country-code": "GD",
  "country": "Grenada"
 },
 {
  "id": 256,
  "name": "Petite Anse Hotel \u0026 Restaurant",
  "address": "14 Prospect Road, Sauteurs, Grenada",
  "phone": "+14734050608",
  "country-code": "GD",
  "country": "Grenada"
 },
 {
  "id": 257,
  "name": "Ocean Spray Guest House",
  "address": "Mt. Rodney, Sauteurs, Grenada",
  "phone": "+14734175250",
  "country-code": "GD",
  "country": "Grenada"
 },
 {
  "id": 258,
  "name": "Spice Island Beach Resort",
  "address": "Prospect Road, Sauteurs, Grenada",
  "phone": "+14734425252",
  "country-code": "GD",
  "country": "Grenada"
 },
 {
  "id": 259,
  "name": "Barry's Country Retreat",
  "address": "Grand Anse Beach, The Lime, Grenada",
  "phone": "+14734444258",
  "country-code": "GD",
  "country": "Grenada"
 },
 {
  "id": 260,
  "name": "Armadillo Guesthouse \u0026 Restaurant",
  "address": "Nettle Point, Victoria, Grenada",
  "phone": "+14734223712",
  "country-code": "GD",
  "country": "Grenada"
 },
 {
  "id": 261,
  "name": "Rnm The Clubhouse, Grenada",
  "address": "Grand Bras, Grenada",
  "phone": "+14734211509",
  "country-code": "GD",
  "country": "Grenada"
 },
 {
  "id": 262,
  "name": "Valley Breeze Guest House",
  "address": "Grand Bras, Grenville, Grenada",
  "phone": "+14734427714",
  "country-code": "GD",
  "country": "Grenada"
 },
 {
  "id": 263,
  "name": "Going North",
  "address": "Grand Bras, Grenada",
  "phone": "+14734211509",
  "country-code": "GD",
  "country": "Grenada"
 },
 {
  "id": 264,
  "name": "Cottage",
  "address": "Grand Bras, Grenville, Grenada",
  "phone": "+14734427714",
  "country-code": "GD",
  "country": "Grenada"
 },
 {
  "id": 265,
  "name": "Point Salines Hotel",
  "address": "Mt Nesbit Detour, Gouyave, Grenada",
  "phone": "",
  "country-code": "GD",
  "country": "Grenada"
 },
 {
  "id": 266,
  "name": "Treetops Villa",
  "address": "Waltham, Grenada",
  "phone": "+14734421897",
  "country-code": "GD",
  "country": "Grenada"
 },
 {
  "id": 267,
  "name": "Seaview Lodge",
  "address": "Sauteurs (Main Street), Sauteurs, Grenada",
  "phone": "+14734197865",
  "country-code": "GD",
  "country": "Grenada"
 },
 {
  "id": 268,
  "name": "Rainbow Inn",
  "address": "Morne Longue, Grenada",
  "phone": "+14734099936",
  "country-code": "GD",
  "country": "Grenada"
 },
 {
  "id": 269,
  "name": "Rainbow Inn",
  "address": "10 Hwy Point Salines, St George's, Grenada",
  "phone": "+14734444123",
  "country-code": "GD",
  "country": "Grenada"
 },
 {
  "id": 270,
  "name": "Rainbow Inn",
  "address": "Grand Bras, Grenville, Grenada",
  "phone": "+14734425375",
  "country-code": "GD",
  "country": "Grenada"
 },
 {
  "id": 271,
  "name": "Rainbow Inn",
  "address": "Mt. Nesbit, Gouyave St. Johns, Gouyave, Grenada",
  "phone": "+14734152273",
  "country-code": "GD",
  "country": "Grenada"
 },
 {
  "id": 272,
  "name": "Going North",
  "address": "sauteurs, st patricks, Grenada",
  "phone": "+14734562267",
  "country-code": "GD",
  "country": "Grenada"
 },
 {
  "id": 273,
  "name": "Flavors",
  "address": "Sauteurs (Main Street), Sauteurs, Grenada",
  "phone": "+14734421842",
  "country-code": "GD",
  "country": "Grenada"
 },
 {
  "id": 274,
  "name": "Helena's Ocean View Restaurant",
  "address": "Sauteurs (Main Street, Sauteurs, Grenada",
  "phone": "+14734409239",
  "country-code": "GD",
  "country": "Grenada"
 },
 {
  "id": 275,
  "name": "Rama bar",
  "address": "Sauteurs, Grenada",
  "phone": "",
  "country-code": "GD",
  "country": "Grenada"
 },
 {
  "id": 276,
  "name": "jacpot city restaurnt",
  "address": "La Fortune Sauteurs Grenada, La Fortune, Sauteurs, Grenada",
  "phone": "+14429224",
  "country-code": "GD",
  "country": "Grenada"
 },
 {
  "id": 277,
  "name": "The Heights",
  "address": "Sauteurs (Main Street), Sauteurs, Grenada",
  "phone": "+14734063884",
  "country-code": "GD",
  "country": "Grenada"
 },
 {
  "id": 278,
  "name": "A Taste of Difference - The Spot",
  "address": "Mount Craven, Sauteurs, Grenada",
  "phone": "+14735338076",
  "country-code": "GD",
  "country": "Grenada"
 },
 {
  "id": 279,
  "name": "Armadillo Guesthouse \u0026 Restaurant",
  "address": "Mt. Rodney, Sauteurs, Grenada",
  "phone": "+14734175250",
  "country-code": "GD",
  "country": "Grenada"
 },
 {
  "id": 280,
  "name": "Shirmme's Place",
  "address": "Sauteurs (Main Street), Sauteurs, Grenada",
  "phone": "+14734197865",
  "country-code": "GD",
  "country": "Grenada"
 },
 {
  "id": 281,
  "name": "Petite Anse Hotel \u0026 Restaurant",
  "address": "St.Peters Street, Gouyave, Grenada",
  "phone": "",
  "country-code": "GD",
  "country": "Grenada"
 },
 {
  "id": 282,
  "name": "Maylow's Sports Bar \u0026 Restaurant",
  "address": "Sauteurs (Main Street), Sauteurs, Grenada",
  "phone": "+14734409239",
  "country-code": "GD",
  "country": "Grenada"
 },
 {
  "id": 283,
  "name": "Delicious Delights",
  "address": "Victoria Rd, Grenville, Grenada",
  "phone": "",
  "country-code": "GD",
  "country": "Grenada"
 },
 {
  "id": 284,
  "name": "Caliph_six",
  "address": "University campus, Saint George's, True Blue, Grenada",
  "phone": "+14734146082",
  "country-code": "GD",
  "country": "Grenada"
 },
 {
  "id": 285,
  "name": "Bathway Pizza",
  "address": "Hermitage St.Patricks, Sauteurs, Grenada",
  "phone": "+14734173550",
  "country-code": "GD",
  "country": "Grenada"
 },
 {
  "id": 286,
  "name": "Almost Paradise Cottages \u0026 Restaurant",
  "address": "Sauteurs, Grenada",
  "phone": "+14734403449",
  "country-code": "GD",
  "country": "Grenada"
 },
 {
  "id": 287,
  "name": "Gilbert's Cafe",
  "address": "St George's, Grenada",
  "phone": "",
  "country-code": "GD",
  "country": "Grenada"
 },
 {
  "id": 288,
  "name": "Mr. H Grilled and Chill",
  "address": "Grand Roy, Grenada",
  "phone": "+14734176965",
  "country-code": "GD",
  "country": "Grenada"
 },
 {
  "id": 289,
  "name": "Jah Guide Bar",
  "address": "Tivoli, Grenada",
  "phone": "",
  "country-code": "GD",
  "country": "Grenada"
 },
 {
  "id": 290,
  "name": "Chefscafe",
  "address": "Victoria Rd, Grenville, Grenada",
  "phone": "+14734599245",
  "country-code": "GD",
  "country": "Grenada"
 },
 {
  "id": 291,
  "name": "By the Sea",
  "address": "Exit 473 Maurice Bishop Highway, Grand Anse, St George's, Grenada",
  "phone": "",
  "country-code": "GD",
  "country": "Grenada"
 },
 {
  "id": 292,
  "name": "Ruth'sGourmetKitchen",
  "address": "Gypsy Hill, Morne Fendue, Grenada",
  "phone": "+14734179362",
  "country-code": "GD",
  "country": "Grenada"
 },
 {
  "id": 293,
  "name": "BLAST",
  "address": "La tante, Junction, St Davids, Grenada",
  "phone": "+14735343923",
  "country-code": "GD",
  "country": "Grenada"
 },
 {
  "id": 294,
  "name": "Wraps",
  "address": "Gladstone Rd, Grenville, Grenada",
  "phone": "+14734438470",
  "country-code": "GD",
  "country": "Grenada"
 },
 {
  "id": 295,
  "name": "Good Food",
  "address": "Soubise, Grenada",
  "phone": "",
  "country-code": "GD",
  "country": "Grenada"
 },
 {
  "id": 296,
  "name": "Dre Flavors Restaurant \u0026 Catering Services",
  "address": "Belmont, Grenada",
  "phone": "+14734444780",
  "country-code": "GD",
  "country": "Grenada"
 },
 {
  "id": 297,
  "name": "Island Vibes",
  "address": "Main Street Grenada, Sauteurs, Grenada",
  "phone": "+14734104750",
  "country-code": "GD",
  "country": "Grenada"
 },
 {
  "id": 298,
  "name": "Jah Guide Bar",
  "address": "Concord, St. Johns, Jacqlin,Concord, St. Johns, Grenada",
  "phone": "+14734231109",
  "country-code": "GD",
  "country": "Grenada"
 },
 {
  "id": 299,
  "name": "Chillaxing Cafe",
  "address": "La tante, Junction, St Davids, Grenada",
  "phone": "+14734218698",
  "country-code": "GD",
  "country": "Grenada"
 },
 {
  "id": 300,
  "name": "Tasty Nutmeg Bar",
  "address": "Queen's St, Victoria, Grenada",
  "phone": "+14734372380",
  "country-code": "GD",
  "country": "Grenada"
 },
 {
  "id": 301,
  "name": "Flavours of Belmont",
  "address": "Crochu Cafè, St. Andrew's, Grenada",
  "phone": "+14735373553",
  "country-code": "GD",
  "country": "Grenada"
 },
 {
  "id": 302,
  "name": "Gilbert's Cafe",
  "address": "Eastern Main Rd, Mount Cassell Land Settlement, Grenada",
  "phone": "+14735353975",
  "country-code": "GD",
  "country": "Grenada"
 },
 {
  "id": 303,
  "name": "Jana caniga",
  "address": "Grenville, Grenada",
  "phone": "",
  "country-code": "GD",
  "country": "Grenada"
 },
 {
  "id": 304,
  "name": "Almost Paradise Cottages \u0026 Restaurant",
  "address": "Eastern Main rd.(La Tante), St Davids, Grenada",
  "phone": "+14734570503",
  "country-code": "GD",
  "country": "Grenada"
 },
 {
  "id": 305,
  "name": "CHRSHAY Take Away Meals",
  "address": "Florida, Grenada",
  "phone": "+14734175251",
  "country-code": "GD",
  "country": "Grenada"
 },
 {
  "id": 306,
  "name": "New Thriving Restaurant",
  "address": "Grand Mal, Grenada",
  "phone": "+14735331516",
  "country-code": "GD",
  "country": "Grenada"
 },
 {
  "id": 307,
  "name": "Eagle Eyes Restaurant and Bar",
  "address": "Mount Cassell Land Settlement, Grenada",
  "phone": "+14734107265",
  "country-code": "GD",
  "country": "Grenada"
 },
 {
  "id": 308,
  "name": "BP Bar ń Grill (Big Parish)",
  "address": "Beausejour Bay, ST.GEORGE, Grenada",
  "phone": "+14735347418",
  "country-code": "GD",
  "country": "Grenada"
 },
 {
  "id": 309,
  "name": "TROLL",
  "address": "Mount Craven, Sauteurs, Grenada",
  "phone": "+14735370374",
  "country-code": "GD",
  "country": "Grenada"
 },
 {
  "id": 310,
  "name": "Mr. H Grilled and Chill",
  "address": "Crochu main road, Crochu, Grenada",
  "phone": "+14735369016",
  "country-code": "GD",
  "country": "Grenada"
 },
 {
  "id": 311,
  "name": "The River's Edge",
  "address": "384X+24M JUNCTION, La Tante, St Davids, Grenada",
  "phone": "+14734045534",
  "country-code": "GD",
  "country": "Grenada"
 },
 {
  "id": 312,
  "name": "Last One Chicken \u0026 Chips",
  "address": "Birch Grove, Saint Andrew's, Grenada",
  "phone": "+14734385872",
  "country-code": "GD",
  "country": "Grenada"
 },
 {
  "id": 313,
  "name": "GG's Bar and Grill",
  "address": "Concord Mountain, Grenada",
  "phone": "",
  "country-code": "GD",
  "country": "Grenada"
 },
 {
  "id": 314,
  "name": "Spotlight",
  "address": "Grenvilll St Andrew's, Grenada",
  "phone": "+14734424821",
  "country-code": "GD",
  "country": "Grenada"
 },
 {
  "id": 315,
  "name": "Tweleve Tables Gnd",
  "address": "Upper Depradine St, Gouyave, Grenada",
  "phone": "+14734152675",
  "country-code": "GD",
  "country": "Grenada"
 },
 {
  "id": 316,
  "name": "Maylow's Sports Bar \u0026 Restaurant",
  "address": "Ford, Grenada",
  "phone": "",
  "country-code": "GD",
  "country": "Grenada"
 },
 {
  "id": 317,
  "name": "Delicious Delights",
  "address": "Mt Rose, Grenada",
  "phone": "+14734071688",
  "country-code": "GD",
  "country": "Grenada"
 },
 {
  "id": 318,
  "name": "Coleen's Grill",
  "address": "Mt Sealy, Soubise, Grenville, Grenada",
  "phone": "+14734038806",
  "country-code": "GD",
  "country": "Grenada"
 },
 {
  "id": 319,
  "name": "My. Rich",
  "address": "Central Depradine St, Gouyave, Grenada",
  "phone": "+14734371270",
  "country-code": "GD",
  "country": "Grenada"
 },
 {
  "id": 320,
  "name": "UNCLE G's Grill",
  "address": "Central Depradine St, Gouyave, Grenada",
  "phone": "",
  "country-code": "GD",
  "country": "Grenada"
 },
 {
  "id": 321,
  "name": "\"Morin's Happy Corner\"",
  "address": "Old Airport Road, Pearls, Grenada",
  "phone": "+14734066266",
  "country-code": "GD",
  "country": "Grenada"
 },
 {
  "id": 322,
  "name": "Jahwahs Entertainment Venue",
  "address": "Gouyave, Grenada",
  "phone": "+14734176310",
  "country-code": "GD",
  "country": "Grenada"
 },
 {
  "id": 323,
  "name": "DEN'S CRAVINGS Restaurant and Bar",
  "address": "Boykes Lane, Gouyave, Grenada",
  "phone": "",
  "country-code": "GD",
  "country": "Grenada"
 },
 {
  "id": 324,
  "name": "Kelly's Hot Spot",
  "address": "Salisbury Rd, Grenville, Grenada",
  "phone": "",
  "country-code": "GD",
  "country": "Grenada"
 },
 {
  "id": 325,
  "name": "Margo's family kitchen",
  "address": "Central Depradine St, Gouyave, Grenada",
  "phone": "+14734144972",
  "country-code": "GD",
  "country": "Grenada"
 },
 {
  "id": 326,
  "name": "Grill fish",
  "address": "Gouyave, Grenada",
  "phone": "+14734448322",
  "country-code": "GD",
  "country": "Grenada"
 },
 {
  "id": 327,
  "name": "N.M. Breeze Cafe!",
  "address": "Market square, Gouyave Estate Hill, St John's, Grenada",
  "phone": "+14734561229",
  "country-code": "GD",
  "country": "Grenada"
 },
 {
  "id": 328,
  "name": "BarCode",
  "address": "Soubise, Grenada",
  "phone": "",
  "country-code": "GD",
  "country": "Grenada"
 },
 {
  "id": 329,
  "name": "The New Stepping Delight",
  "address": "CornetsWalk, Gouyave, Grenada",
  "phone": "",
  "country-code": "GD",
  "country": "Grenada"
 },
 {
  "id": 330,
  "name": "Bumpy Corner Bar",
  "address": "Main Street Grenada, Sauteurs, Grenada",
  "phone": "",
  "country-code": "GD",
  "country": "Grenada"
 },
 {
  "id": 331,
  "name": "Total Bliss Rooftop Bar \u0026 Grill",
  "address": "La Fortune Main Road, Sauteurs, Grenada",
  "phone": "+14734196687",
  "country-code": "GD",
  "country": "Grenada"
 },
 {
  "id": 332,
  "name": "Chillaxing Square",
  "address": "Diamond , Victoria St.Mark\"s, Grenada",
  "phone": "+14734166157",
  "country-code": "GD",
  "country": "Grenada"
 },
 {
  "id": 333,
  "name": "KFC",
  "address": "SANCHEEZ HILLBROUGH, Grenada",
  "phone": "+14734439322",
  "country-code": "GD",
  "country": "Grenada"
 },
 {
  "id": 334,
  "name": "Grenada Gourmet Burgers",
  "address": "Telescope Main Rd, Dunfermline, Grenada",
  "phone": "+14734170498",
  "country-code": "GD",
  "country": "Grenada"
 },
 {
  "id": 335,
  "name": "Mellow's Entertainment Complex",
  "address": "Tivoli St. Andrew, Tivoli, Grenada",
  "phone": "+14734578757",
  "country-code": "GD",
  "country": "Grenada"
 },
 {
  "id": 336,
  "name": "Sparks BAR and Snack",
  "address": "Mount Rose, Grenada",
  "phone": "",
  "country-code": "GD",
  "country": "Grenada"
 },
 {
  "id": 337,
  "name": "Red Lion Grenada",
  "address": "ETHRH WEF, GQWERGQER, Grenada",
  "phone": "",
  "country-code": "GD",
  "country": "Grenada"
 },
 {
  "id": 338,
  "name": "Booie Hot Spot...",
  "address": "Seaton Browne St, Grenville, Grenada",
  "phone": "",
  "country-code": "GD",
  "country": "Grenada"
 },
 {
  "id": 339,
  "name": "All Friends Restaurant \u0026 Bar",
  "address": "Pearls St Andrews, Moya, Grenada",
  "phone": "+14734380234",
  "country-code": "GD",
  "country": "Grenada"
 },
 {
  "id": 340,
  "name": "East 95 Restaurant \u0026 Bar",
  "address": "Tivoli St Andrews, Grenville, Grenada",
  "phone": "+14734157866",
  "country-code": "GD",
  "country": "Grenada"
 },
 {
  "id": 341,
  "name": "P AND I BAR",
  "address": "Sandell St, Grenville, Grenada",
  "phone": "+14734383939",
  "country-code": "GD",
  "country": "Grenada"
 },
 {
  "id": 342,
  "name": "Calypso Private Eco Island",
  "address": "Morne Longue, Grenada",
  "phone": "",
  "country-code": "GD",
  "country": "Grenada"
 },
 {
  "id": 343,
  "name": "Twilight",
  "address": "14 Prospect Road, Sauteurs, Grenada",
  "phone": "+14734050608",
  "country-code": "GD",
  "country": "Grenada"
 },
 {
  "id": 344,
  "name": "Trini Bites",
  "address": "Dunfermline, St.Andrews, Grenada",
  "phone": "+14734059524",
  "country-code": "GD",
  "country": "Grenada"
 },
 {
  "id": 345,
  "name": "Cocoa Pod Bar",
  "address": "Grenville, Grenada",
  "phone": "",
  "country-code": "GD",
  "country": "Grenada"
 },
 {
  "id": 346,
  "name": "El Lugar Frio",
  "address": "Tivoli, Grenada",
  "phone": "",
  "country-code": "GD",
  "country": "Grenada"
 },
 {
  "id": 347,
  "name": "Jannet house by IMI",
  "address": "Seaton Browne St, Grenville, Grenada",
  "phone": "",
  "country-code": "GD",
  "country": "Grenada"
 },
 {
  "id": 348,
  "name": "A\u0026M VIP Bar",
  "address": "St. Andrew, Soubise, Grenada",
  "phone": "+14734191451",
  "country-code": "GD",
  "country": "Grenada"
 },
 {
  "id": 349,
  "name": "Pool shop",
  "address": "Telescope Main Rd, Dunfermline, Grenada",
  "phone": "+14734056714",
  "country-code": "GD",
  "country": "Grenada"
 },
 {
  "id": 350,
  "name": "Sweet \u0026 Savory",
  "address": "Gladstone Rd, Grenville, Grenada",
  "phone": "+14734424672",
  "country-code": "GD",
  "country": "Grenada"
 },
 {
  "id": 351,
  "name": "Wine And Something/Regis Palms",
  "address": "Ben Jones Street, Grenville, Grenada",
  "phone": "",
  "country-code": "GD",
  "country": "Grenada"
 },
 {
  "id": 352,
  "name": "JFC (Junction Fried Chicken)",
  "address": "Gladstone Rd, Grenville, Grenada",
  "phone": "+14734422828",
  "country-code": "GD",
  "country": "Grenada"
 },
 {
  "id": 353,
  "name": "Big Flames Grill",
  "address": "Sendall Street, Grenville, Grenada",
  "phone": "+14734188011",
  "country-code": "GD",
  "country": "Grenada"
 },
 {
  "id": 354,
  "name": "Kei-Kei's Pizza Delivery",
  "address": "Cannel Rd, St Andrew's, Grenada",
  "phone": "",
  "country-code": "GD",
  "country": "Grenada"
 },
 {
  "id": 355,
  "name": "Casava Restaurant \u0026 Bar",
  "address": "Morne Longue, Grenada",
  "phone": "",
  "country-code": "GD",
  "country": "Grenada"
 },
 {
  "id": 356,
  "name": "Johnny's Bar Beauregard",
  "address": "Simon, Grenada",
  "phone": "+14734373663",
  "country-code": "GD",
  "country": "Grenada"
 },
 {
  "id": 357,
  "name": "Deneil's roti shop",
  "address": "Tivoli, Grenada",
  "phone": "",
  "country-code": "GD",
  "country": "Grenada"
 },
 {
  "id": 358,
  "name": "La Baye Anchor",
  "address": "Mount Rose, Grenada",
  "phone": "",
  "country-code": "GD",
  "country": "Grenada"
 },
 {
  "id": 359,
  "name": "AuGusto",
  "address": "Main Street Grenada, Sauteurs, Grenada",
  "phone": "",
  "country-code": "GD",
  "country": "Grenada"
 },
 {
  "id": 360,
  "name": "Kalico Shopping Centre",
  "address": "Sauteurs (Main Street, Sauteurs, Grenada",
  "phone": "",
  "country-code": "GD",
  "country": "Grenada"
 },
 {
  "id": 361,
  "name": "Kalico shopping center",
  "address": "Sauteurs (Main Street, Sauteurs, Grenada",
  "phone": "+14734429239",
  "country-code": "GD",
  "country": "Grenada"
 },
 {
  "id": 362,
  "name": "Esplanade Shopping Complex",
  "address": "Le Marquis shopping complex, Grand Anse Main Rd, Saint George, Grenada, Grenada",
  "phone": "",
  "country-code": "GD",
  "country": "Grenada"
 },
 {
  "id": 363,
  "name": "Grand Anse Shopping Center",
  "address": "Melville Street, St George's, Grenada",
  "phone": "+14734358372",
  "country-code": "GD",
  "country": "Grenada"
 },
 {
  "id": 364,
  "name": "Le Marquis Shopping Complex",
  "address": "Grenville Street, St George's, Grenada",
  "phone": "+14734176218",
  "country-code": "GD",
  "country": "Grenada"
 },
 {
  "id": 365,
  "name": "M\u0026H Shopping Plaza",
  "address": "Grenville, Grenada",
  "phone": "+14734208672",
  "country-code": "GD",
  "country": "Grenada"
 },
 {
  "id": 366,
  "name": "Bruce Street Commercial Complex",
  "address": "269R+9HM a b. B, The Lime, Grenada",
  "phone": "+14734390901",
  "country-code": "GD",
  "country": "Grenada"
 },
 {
  "id": 367,
  "name": "Spiceland Mall",
  "address": "Melville Street, St George's, Grenada",
  "phone": "+14734358372",
  "country-code": "GD",
  "country": "Grenada"
 },
 {
  "id": 368,
  "name": "Excel Plaza",
  "address": "Grand Anse Shopping Center Grand Anse, The Lime, Grenada",
  "phone": "+14734092222",
  "country-code": "GD",
  "country": "Grenada"
 },
 {
  "id": 369,
  "name": "Grenada Online Shopping Mall",
  "address": "The Lime, Grenada",
  "phone": "+14734399070",
  "country-code": "GD",
  "country": "Grenada"
 },
 {
  "id": 370,
  "name": "Cinnamon Plaza",
  "address": "Concord, Grenada",
  "phone": "",
  "country-code": "GD",
  "country": "Grenada"
 },
 {
  "id": 371,
  "name": "Plaza de Sauteurs",
  "address": "Grenville Street, St George's, Grenada",
  "phone": "",
  "country-code": "GD",
  "country": "Grenada"
 },
 {
  "id": 372,
  "name": "Kalico Shopping Centre",
  "address": "Gouyave, Grenada",
  "phone": "+14734449556",
  "country-code": "GD",
  "country": "Grenada"
 },
 {
  "id": 373,
  "name": "All Class Shopping Centre",
  "address": "Young Street, St George's, Grenada",
  "phone": "+14734075110",
  "country-code": "GD",
  "country": "Grenada"
 },
 {
  "id": 374,
  "name": "S. KUMAR PLAZA",
  "address": "Morne Rouge, St George's, Grenada",
  "phone": "+14734393648",
  "country-code": "GD",
  "country": "Grenada"
 },
 {
  "id": 375,
  "name": "St. Patrick's Tyre Centre",
  "address": "Marigot, Grenada",
  "phone": "",
  "country-code": "GD",
  "country": "Grenada"
 },
 {
  "id": 376,
  "name": "SPICEGAS Retailer A. C. Shopping Center",
  "address": "Grand Anse, The Lime, Grenada",
  "phone": "+14734444573",
  "country-code": "GD",
  "country": "Grenada"
 },
 {
  "id": 377,
  "name": "S. Kumar",
  "address": "Sauteurs (Main Street), Sauteurs, Grenada",
  "phone": "+14734063884",
  "country-code": "GD",
  "country": "Grenada"
 },
 {
  "id": 378,
  "name": "The Closet",
  "address": "Grand Anse Shopping Center (Foodfair Complex, The Lime, Grenada",
  "phone": "+14734212334",
  "country-code": "GD",
  "country": "Grenada"
 },
 {
  "id": 379,
  "name": "D Bakes Shop (Sauteurs)",
  "address": "Grand Anse Valley Rd, The Lime, Grenada",
  "phone": "+14734357447",
  "country-code": "GD",
  "country": "Grenada"
 },
 {
  "id": 380,
  "name": "Creative House Do It Best (Hardware \u0026 HomeGoods Store)",
  "address": "Plains, Morne Fendue, Grenada",
  "phone": "+14734420226",
  "country-code": "GD",
  "country": "Grenada"
 },
 {
  "id": 381,
  "name": "Food Fair",
  "address": "Melville Street, St George's, Grenada",
  "phone": "+14734407447",
  "country-code": "GD",
  "country": "Grenada"
 },
 {
  "id": 382,
  "name": "Art Fabrik",
  "address": "Marigot, Grenada",
  "phone": "+14734370299",
  "country-code": "GD",
  "country": "Grenada"
 },
 {
  "id": 383,
  "name": "Kalico Gouyave",
  "address": "Sauteurs, Grenada",
  "phone": "",
  "country-code": "GD",
  "country": "Grenada"
 },
 {
  "id": 384,
  "name": "SolGas Retailer (All Class Shopping Center)",
  "address": "Gladstone Rd, Grenville, Grenada",
  "phone": "+14734449239",
  "country-code": "GD",
  "country": "Grenada"
 },
 {
  "id": 385,
  "name": "The Vanity Spot",
  "address": "The Lime, Grenada",
  "phone": "",
  "country-code": "GD",
  "country": "Grenada"
 },
 {
  "id": 386,
  "name": "River Sallee Boiling Springs",
  "address": "Sauteurs, Grenada",
  "phone": "8885715524",
  "country-code": "GD",
  "country": "Grenada"
 },
 {
  "id": 387,
  "name": "Annandale Waterfall \u0026 Forest Park",
  "address": "Mount Carmel, Grenada",
  "phone": "",
  "country-code": "GD",
  "country": "Grenada"
 },
 {
  "id": 388,
  "name": "Concord Falls",
  "address": "The Lime, Grenada",
  "phone": "",
  "country-code": "GD",
  "country": "Grenada"
 },
 {
  "id": 389,
  "name": "Belmont Estate",
  "address": "River Sallee, Grenada",
  "phone": "",
  "country-code": "GD",
  "country": "Grenada"
 },
 {
  "id": 390,
  "name": "Levera Beach",
  "address": "Morne Docteur, Grenada",
  "phone": "8885715524",
  "country-code": "GD",
  "country": "Grenada"
 },
 {
  "id": 391,
  "name": "Mt Carmel Falls",
  "address": "Sauteurs, Grenada",
  "phone": "",
  "country-code": "GD",
  "country": "Grenada"
 },
 {
  "id": 392,
  "name": "Caribs Leap",
  "address": "St Patrick's, Grenada",
  "phone": "+14734429524",
  "country-code": "GD",
  "country": "Grenada"
 },
 {
  "id": 393,
  "name": "River Antoine Estate Rum Distillery",
  "address": "Tivoli, Grenada",
  "phone": "+14734427109",
  "country-code": "GD",
  "country": "Grenada"
 },
 {
  "id": 394,
  "name": "Levera National Park",
  "address": "Grand Anse, St George's, Grenada",
  "phone": "+14734032543",
  "country-code": "GD",
  "country": "Grenada"
 },
 {
  "id": 395,
  "name": "Tyrell Bay Beach",
  "address": "The Sands, Hillsborough, Grenada",
  "phone": "+14734042653",
  "country-code": "GD",
  "country": "Grenada"
 },
 {
  "id": 396,
  "name": "BBC Beach",
  "address": "Lagoon Rd, St George's, Grenada",
  "phone": "+14734057800",
  "country-code": "GD",
  "country": "Grenada"
 },
 {
  "id": 397,
  "name": "Clarke's Court Rum",
  "address": "The Carenage, St George's, Grenada",
  "phone": "+14734408126",
  "country-code": "GD",
  "country": "Grenada"
 },
 {
  "id": 398,
  "name": "Anse La Roche Bay",
  "address": "Sauteurs (Main Street), Sauteurs, Grenada",
  "phone": "+14734409239",
  "country-code": "GD",
  "country": "Grenada"
 },
 {
  "id": 399,
  "name": "Carriacou Museum",
  "address": "port louis marina, St George's, Grenada",
  "phone": "+14734074688",
  "country-code": "GD",
  "country": "Grenada"
 },
 {
  "id": 400,
  "name": "Fort Frederick",
  "address": "Main Street, Harvey Vale, Grenada Harvey Vale, Grenada",
  "phone": "+596696538915",
  "country-code": "GD",
  "country": "Grenada"
 },
 {
  "id": 401,
  "name": "Savvy Sailing Charters Grenada",
  "address": "St. Paul's, St George's, Grenada",
  "phone": "+14734402613",
  "country-code": "GD",
  "country": "Grenada"
 },
 {
  "id": 402,
  "name": "Fort George",
  "address": "Young Street, St George's, Grenada",
  "phone": "+14734403725",
  "country-code": "GD",
  "country": "Grenada"
 },
 {
  "id": 403,
  "name": "McDonald's Amusement Park \u0026 Cuisine (MAPC)",
  "address": "Grenada 4, True Blue Road, 9 km, St George's, Grenada",
  "phone": "+14734499263",
  "country-code": "GD",
  "country": "Grenada"
 },
 {
  "id": 404,
  "name": "Blessed Sacrament Church",
  "address": "Becke Moui, Grenada",
  "phone": "+14734435477",
  "country-code": "GD",
  "country": "Grenada"
 },
 {
  "id": 405,
  "name": "West Indies Beer Company",
  "address": "Mt. Rodney, Sauteurs, Grenada",
  "phone": "+14734175250",
  "country-code": "GD",
  "country": "Grenada"
 },
 {
  "id": 406,
  "name": "La Sagesse Beach",
  "address": "14 Prospect Road, Sauteurs, Grenada",
  "phone": "+14734050608",
  "country-code": "GD",
  "country": "Grenada"
 },
 {
  "id": 407,
  "name": "Morne Rouge Beach",
  "address": "Coffee St, Calliste, Grenada",
  "phone": "+14735373938",
  "country-code": "GD",
  "country": "Grenada"
 },
 {
  "id": 408,
  "name": "Mount Qua Qua",
  "address": "Melville Street, St George's, Grenada",
  "phone": "+14734358372",
  "country-code": "GD",
  "country": "Grenada"
 },
 {
  "id": 409,
  "name": "Conservation Kayak",
  "address": "Maurice Bishop Memorial Highway, Calliste, Saint George, Grenada, Maurice Bishop Memorial Highway, St George's, Grenada",
  "phone": "+14735345286",
  "country-code": "GD",
  "country": "Grenada"
 },
 {
  "id": 410,
  "name": "Going North",
  "address": "Pink Gin Beach, St George's, Grenada",
  "phone": "8887263257",
  "country-code": "GD",
  "country": "Grenada"
 },
 {
  "id": 411,
  "name": "Grand Anse Craft and Spice Market",
  "address": "Sauteurs, Grenada",
  "phone": "",
  "country-code": "GD",
  "country": "Grenada"
 },
 {
  "id": 412,
  "name": "Pink Gin Beach",
  "address": "Grand Anse, St George's, Grenada",
  "phone": "+14735348939",
  "country-code": "GD",
  "country": "Grenada"
 },
 {
  "id": 413,
  "name": "St George's",
  "address": "Petite Calivigny Bay, Egmont, Grenada",
  "phone": "+14734442400",
  "country-code": "GD",
  "country": "Grenada"
 },
 {
  "id": 414,
  "name": "Saint Patrick",
  "address": "Prospect Road, Sauteurs, Grenada",
  "phone": "+14734425252",
  "country-code": "GD",
  "country": "Grenada"
 },
 {
  "id": 415,
  "name": "Sunsation Tours",
  "address": "Sauteurs (Main Street, Sauteurs, Grenada",
  "phone": "+14734050433",
  "country-code": "GD",
  "country": "Grenada"
 },
 {
  "id": 416,
  "name": "Ocean Spray Guest House",
  "address": "Grand Anse Beach, Mount Cinnamon, Grand Anse, Grenada",
  "phone": "+14734146229",
  "country-code": "GD",
  "country": "Grenada"
 },
 {
  "id": 417,
  "name": "Mount Carmel",
  "address": "Sauteurs, Grenada",
  "phone": "+14734420330",
  "country-code": "GD",
  "country": "Grenada"
 },
 {
  "id": 418,
  "name": "Petite Anse Hotel \u0026 Restaurant",
  "address": "Melville Street, St George's, Grenada",
  "phone": "+14734407878",
  "country-code": "GD",
  "country": "Grenada"
 },
 {
  "id": 419,
  "name": "Petit Carenage Beach",
  "address": "The Carenage, St George's, Grenada",
  "phone": "",
  "country-code": "GD",
  "country": "Grenada"
 },
 {
  "id": 420,
  "name": "Aquarium",
  "address": "Grand Anse Main Rd, The Lime, Grenada",
  "phone": "+14734567534",
  "country-code": "GD",
  "country": "Grenada"
 },
 {
  "id": 421,
  "name": "L'Esterre Bay",
  "address": "Young Street, St George's, Grenada",
  "phone": "+14734402310",
  "country-code": "GD",
  "country": "Grenada"
 },
 {
  "id": 422,
  "name": "Sauteurs",
  "address": "Sauteurs (Main Street), Sauteurs, Grenada",
  "phone": "+14734197865",
  "country-code": "GD",
  "country": "Grenada"
 },
 {
  "id": 423,
  "name": "Fort James",
  "address": "Grand Anse Beach, St George's, Grenada",
  "phone": "+14734158665",
  "country-code": "GD",
  "country": "Grenada"
 },
 {
  "id": 424,
  "name": "Sandals Grenada",
  "address": "Unnamed road, Sauteurs, Grenada",
  "phone": "+14734429249",
  "country-code": "GD",
  "country": "Grenada"
 },
 {
  "id": 425,
  "name": "Nianganfoix",
  "address": "The Lime Grenada (the craft market is not in, The Lime, Grenada",
  "phone": "",
  "country-code": "GD",
  "country": "Grenada"
 },
 {
  "id": 426,
  "name": "Cleopatra Sugar Wax",
  "address": "Le Phare Bleu, Egmont, Grenada",
  "phone": "+14734495248",
  "country-code": "GD",
  "country": "Grenada"
 },
 {
  "id": 427,
  "name": "Almost Paradise Cottages \u0026 Restaurant",
  "address": "Unnamed Road, L'Appelle, Grenada",
  "phone": "",
  "country-code": "GD",
  "country": "Grenada"
 },
 {
  "id": 428,
  "name": "Saint George",
  "address": "Diamond, Victoria, Grenada",
  "phone": "+14734371839",
  "country-code": "GD",
  "country": "Grenada"
 },
 {
  "id": 429,
  "name": "Crochu",
  "address": "L'anse Aux Epines Stretch, Lance aux Epines, Grenada",
  "phone": "+14732322337",
  "country-code": "GD",
  "country": "Grenada"
 },
 {
  "id": 430,
  "name": "Armadillo Guesthouse \u0026 Restaurant",
  "address": "St George's, Grenada",
  "phone": "",
  "country-code": "GD",
  "country": "Grenada"
 },
 {
  "id": 431,
  "name": "Morne Gazo",
  "address": "Unnamed road, Sauteurs, Grenada",
  "phone": "",
  "country-code": "GD",
  "country": "Grenada"
 },
 {
  "id": 432,
  "name": "Gouyave",
  "address": "Beaulieu, Grenada, Spice Basket, St George's, Grenada",
  "phone": "+14734492626",
  "country-code": "GD",
  "country": "Grenada"
 },
 {
  "id": 433,
  "name": "Westerhall Estate Ltd",
  "address": "26HV+4RM Blessed Sacrament Church, The Lime, Grenada",
  "phone": "+14734442238",
  "country-code": "GD",
  "country": "Grenada"
 },
 {
  "id": 434,
  "name": "Basket N' Things Gnd",
  "address": "Calivigny Gardens Rd, St George's, Grenada",
  "phone": "+14734406272",
  "country-code": "GD",
  "country": "Grenada"
 },
 {
  "id": 435,
  "name": "Grenada National Museum",
  "address": "Paterson Street, Argyle, Grenada",
  "phone": "+14734438288",
  "country-code": "GD",
  "country": "Grenada"
 },
 {
  "id": 436,
  "name": "True Blue Sportfishing",
  "address": "Grand Etang Road, St George's, Grenada",
  "phone": "+14734172761",
  "country-code": "GD",
  "country": "Grenada"
 },
 {
  "id": 437,
  "name": "Becke Moui",
  "address": "St George's, Grenada",
  "phone": "+14734402999",
  "country-code": "GD",
  "country": "Grenada"
 },
 {
  "id": 438,
  "name": "North Bay Inn",
  "address": "Richmond Hill, Grenada",
  "phone": "+14734427310",
  "country-code": "GD",
  "country": "Grenada"
 },
 {
  "id": 439,
  "name": "Osprey Lines Ltd",
  "address": "Woodlands Main Road, Woodlands, Saint George, Grenada, Woodlands Main Rd, Ruth Howard, Grenada",
  "phone": "+14734445363",
  "country-code": "GD",
  "country": "Grenada"
 },
 {
  "id": 440,
  "name": "Royalty Taxi \u0026 Tours",
  "address": "Epping Forest, Grenada",
  "phone": "+14734432604",
  "country-code": "GD",
  "country": "Grenada"
 },
 {
  "id": 441,
  "name": "SUP Carriacou Grenada",
  "address": "The Tower, St. Paul's, St George's, Grenada",
  "phone": "+14734403243",
  "country-code": "GD",
  "country": "Grenada"
 }
]