[
 {
  "id": 1,
  "name": "Idéal Villa Hôtel",
  "address": "Port-au-Prince, Haiti",
  "phone": "+50948590742",
  "country-code": "HT",
  "country": "Haiti"
 },
 {
  "id": 2,
  "name": "Park Hotel",
  "address": "Rue des Nîmes, Delmas 31, Port-au-Prince, Haiti",
  "phone": "+50928122814",
  "country-code": "HT",
  "country": "Haiti"
 },
 {
  "id": 3,
  "name": "Marriott Port-au-Prince Hotel",
  "address": "Route de l'Aéroport, Port-au-Prince, Haiti",
  "phone": "8005039801",
  "country-code": "HT",
  "country": "Haiti"
 },
 {
  "id": 4,
  "name": "Hotel NH Haiti El Rancho",
  "address": "147 Ave Jean-Paul II, Port-au-Prince 6113, Haiti",
  "phone": "+50928142800",
  "country-code": "HT",
  "country": "Haiti"
 },
 {
  "id": 5,
  "name": "Karibe Hotel",
  "address": "Port-au-Prince, Haiti",
  "phone": "+50928127000",
  "country-code": "HT",
  "country": "Haiti"
 },
 {
  "id": 6,
  "name": "Servotel",
  "address": "Villa Creole Road, Petion-Ville 6140, Haiti",
  "phone": "+50928151000",
  "country-code": "HT",
  "country": "Haiti"
 },
 {
  "id": 7,
  "name": "Royal Oasis Hôtel",
  "address": "8 Rue Jacques 1er, Port-au-Prince, Haiti",
  "phone": "+50928136000",
  "country-code": "HT",
  "country": "Haiti"
 },
 {
  "id": 8,
  "name": "Visa Lodge Hotel",
  "address": "Place Saint Pierre, Port-au-Prince, Haiti",
  "phone": "+50928158000",
  "country-code": "HT",
  "country": "Haiti"
 },
 {
  "id": 9,
  "name": "Kinam Hotel",
  "address": "30 Corner Rue Metellus and Ogé Petion-Ville, 6166, Haiti",
  "phone": "+50934355603",
  "country-code": "HT",
  "country": "Haiti"
 },
 {
  "id": 10,
  "name": "Tabarre's Palace",
  "address": "Av. Panaméricaine, Pétion-Ville, Haiti",
  "phone": "+50922292030",
  "country-code": "HT",
  "country": "Haiti"
 },
 {
  "id": 11,
  "name": "Hôtel Oloffson",
  "address": "Rue le Refuge 22, Marin, Haiti",
  "phone": "",
  "country-code": "HT",
  "country": "Haiti"
 },
 {
  "id": 12,
  "name": "Le Plaza Hotel",
  "address": "4 Rue Canova Parent, Marlique Petion Ville HT Petion-Ville HT, 6140, Haiti",
  "phone": "+50937016646",
  "country-code": "HT",
  "country": "Haiti"
 },
 {
  "id": 13,
  "name": "Palm Inn Hôtel",
  "address": "Route Ibo Lele #19 Montagne Noire, Pétion-Ville, Haiti",
  "phone": "+50933897960",
  "country-code": "HT",
  "country": "Haiti"
 },
 {
  "id": 14,
  "name": "La Maison Hôtel",
  "address": "64 tabarre 24 Boulevard 15 octobre N/ A Tabarre HT, 6124, Haiti",
  "phone": "6424156124",
  "country-code": "HT",
  "country": "Haiti"
 },
 {
  "id": 15,
  "name": "Allamanda Hotel",
  "address": "Port-au-Prince, Haiti",
  "phone": "",
  "country-code": "HT",
  "country": "Haiti"
 },
 {
  "id": 16,
  "name": "Hôtel Montana",
  "address": "24 Rue Suzanna P Vincent, Port-au-Prince, Haiti",
  "phone": "+50946447437",
  "country-code": "HT",
  "country": "Haiti"
 },
 {
  "id": 17,
  "name": "Seven Stars Hotel",
  "address": "18, Tabarre 27 , Complexe Socar, Port-au-Prince 6123, Haiti",
  "phone": "18276123",
  "country-code": "HT",
  "country": "Haiti"
 },
 {
  "id": 18,
  "name": "Hôtel Villa Thérèse",
  "address": "reervoir, Port-au-Prince, Haiti",
  "phone": "",
  "country-code": "HT",
  "country": "Haiti"
 },
 {
  "id": 19,
  "name": "Rollanda Hotel",
  "address": "28 Ave Lamartiniere, Fermate, Haiti",
  "phone": "",
  "country-code": "HT",
  "country": "Haiti"
 },
 {
  "id": 20,
  "name": "Auberge de la Cigogne \u0026 Star House",
  "address": "Port-au-Prince, Haiti",
  "phone": "+50937652428",
  "country-code": "HT",
  "country": "Haiti"
 },
 {
  "id": 21,
  "name": "Backpackers Haiti",
  "address": "Santo 23, Croix des Bouquets 6311, Haiti",
  "phone": "+50943309949",
  "country-code": "HT",
  "country": "Haiti"
 },
 {
  "id": 22,
  "name": "Lebon HOTEL",
  "address": "#12 Rue MBC, Bon Repos, Bon Repos, Haiti",
  "phone": "5137936256",
  "country-code": "HT",
  "country": "Haiti"
 },
 {
  "id": 23,
  "name": "Daniella Inn Hotel",
  "address": "Bd du 15 Octobre, Port-au-Prince, Haiti",
  "phone": "+50934968601",
  "country-code": "HT",
  "country": "Haiti"
 },
 {
  "id": 24,
  "name": "Backpackers Haiti",
  "address": "50 Thomassin 32, Port-au-Prince, Haiti",
  "phone": "",
  "country-code": "HT",
  "country": "Haiti"
 },
 {
  "id": 25,
  "name": "Elite Hotel",
  "address": "Port-au-Prince, Haiti",
  "phone": "+50938215467",
  "country-code": "HT",
  "country": "Haiti"
 },
 {
  "id": 26,
  "name": "Residences Etang du Jonc",
  "address": "24a Ave M.L.K. Jr., Port-au-Prince, Haiti",
  "phone": "",
  "country-code": "HT",
  "country": "Haiti"
 },
 {
  "id": 27,
  "name": "Habitation Hatt Hôtel",
  "address": "Ave Lamartiniere, Port-au-Prince, Haiti",
  "phone": "+50922443982",
  "country-code": "HT",
  "country": "Haiti"
 },
 {
  "id": 28,
  "name": "Kamael Hotel",
  "address": "Port-au-Prince, Haiti",
  "phone": "+50922278366",
  "country-code": "HT",
  "country": "Haiti"
 },
 {
  "id": 29,
  "name": "Hotel Lux Comfort",
  "address": "36, rue Innovation, Torcel, Port-au-Prince, Haiti",
  "phone": "+50947999920",
  "country-code": "HT",
  "country": "Haiti"
 },
 {
  "id": 30,
  "name": "Rollanda Hotel",
  "address": "21 Borno, Petion-Ville, Haiti",
  "phone": "",
  "country-code": "HT",
  "country": "Haiti"
 },
 {
  "id": 31,
  "name": "Villa Rosa",
  "address": "delmas 75 puits-blain 30 Ave Albert jode prol # 8, Delmas, Haiti",
  "phone": "+50936743306",
  "country-code": "HT",
  "country": "Haiti"
 },
 {
  "id": 32,
  "name": "Pavillon des Receptions et Hotel",
  "address": "Route de Meyotte 440 MEYOTTE PEGUY VILLE Port-au-Prince HT, 6120, Haiti",
  "phone": "9176973672",
  "country-code": "HT",
  "country": "Haiti"
 },
 {
  "id": 33,
  "name": "Luxe Comfort Hotel",
  "address": "3, Croix-des-Bouquets, Haiti",
  "phone": "",
  "country-code": "HT",
  "country": "Haiti"
 },
 {
  "id": 34,
  "name": "Gala Tower",
  "address": "11 Delmas 75, Port-au-Prince 6121, Haiti",
  "phone": "11756121",
  "country-code": "HT",
  "country": "Haiti"
 },
 {
  "id": 35,
  "name": "Idéal Villa Hôtel",
  "address": "24 Rue Lambert, Pétion-Ville, Haiti",
  "phone": "+50937016919",
  "country-code": "HT",
  "country": "Haiti"
 },
 {
  "id": 36,
  "name": "Detente Du Cacique Villa Hotel",
  "address": "Delmas 31, Port-au-Prince, Haiti",
  "phone": "",
  "country-code": "HT",
  "country": "Haiti"
 },
 {
  "id": 37,
  "name": "Lebon HOTEL",
  "address": "Rue Rochdale, Port-au-Prince, Haiti",
  "phone": "+50944249117",
  "country-code": "HT",
  "country": "Haiti"
 },
 {
  "id": 38,
  "name": "SAMS Hôtel",
  "address": "8, rue Mackandal, Delmas 19, Port-au-Prince, Haiti",
  "phone": "+50937034788",
  "country-code": "HT",
  "country": "Haiti"
 },
 {
  "id": 39,
  "name": "La Cayenna Hotel et Restaurant",
  "address": "Unnamed Road, Port-au-Prince, Haiti",
  "phone": "+50946442779",
  "country-code": "HT",
  "country": "Haiti"
 },
 {
  "id": 40,
  "name": "Vince'house",
  "address": "Puits Blain 1, Port-au-Prince, Haiti",
  "phone": "+50944782050",
  "country-code": "HT",
  "country": "Haiti"
 },
 {
  "id": 41,
  "name": "Park Hotel",
  "address": "79, Rue Roger Colas, Route de freres, Port-au-Prince, Pétionville 6141, Haiti",
  "phone": "3057042455",
  "country-code": "HT",
  "country": "Haiti"
 },
 {
  "id": 42,
  "name": "ML Hotel",
  "address": "5, Rue Frezin, Imp. Gracien, Freres Petion-Ville HT, 6141, Haiti",
  "phone": "",
  "country-code": "HT",
  "country": "Haiti"
 },
 {
  "id": 43,
  "name": "Ranch Le Montcel",
  "address": "Route de canapé-vert,rue riviere, #22 Port-au-prince HT, 6131, Haiti",
  "phone": "+50922267812",
  "country-code": "HT",
  "country": "Haiti"
 },
 {
  "id": 44,
  "name": "Best-Time Hotel",
  "address": "Port-au-Prince, Haiti",
  "phone": "+50939271031",
  "country-code": "HT",
  "country": "Haiti"
 },
 {
  "id": 45,
  "name": "Tropical Bed \u0026 Breakfast",
  "address": "Impasse epinard # 6, Delmas 31, Port-au-Prince, Haiti",
  "phone": "+50938961592",
  "country-code": "HT",
  "country": "Haiti"
 },
 {
  "id": 46,
  "name": "La Pépinière Hôtel",
  "address": "Rte de Kenscoff, Port-au-Prince, Haiti",
  "phone": "+50936175303",
  "country-code": "HT",
  "country": "Haiti"
 },
 {
  "id": 47,
  "name": "Marcie Guesthouse hôtel and restaurant",
  "address": "#12 Sarthe 59, Eucalyptus Road, Port-au-Prince, Haiti",
  "phone": "+50936027928",
  "country-code": "HT",
  "country": "Haiti"
 },
 {
  "id": 48,
  "name": "B \u0026 B Comfy Inn",
  "address": "Port-au-Prince, Haiti",
  "phone": "+50928161777",
  "country-code": "HT",
  "country": "Haiti"
 },
 {
  "id": 49,
  "name": "constellation hotel",
  "address": "3 Impasse Roger Colas,Route de Frères Pétion-ville HT, 6140, Haiti",
  "phone": "+50949022646",
  "country-code": "HT",
  "country": "Haiti"
 },
 {
  "id": 50,
  "name": "Hibiscus Guesthouse - Haiti",
  "address": "27 Rue Chochotte Babiole-pacot, Port-au-Prince, Haiti",
  "phone": "+50948183478",
  "country-code": "HT",
  "country": "Haiti"
 },
 {
  "id": 51,
  "name": "Coeur de Palmier",
  "address": "Garde Cote, Haiti",
  "phone": "+50944554359",
  "country-code": "HT",
  "country": "Haiti"
 },
 {
  "id": 52,
  "name": "Haiti Communitere",
  "address": "181 Rue Cogemar Petion-ville (ViVy Mitchell HT, 6140, Haiti",
  "phone": "+50937036767",
  "country-code": "HT",
  "country": "Haiti"
 },
 {
  "id": 53,
  "name": "Notre Maison Guest House",
  "address": "Bd du 15 Octobre, Port-au-Prince, Haiti",
  "phone": "+50936414330",
  "country-code": "HT",
  "country": "Haiti"
 },
 {
  "id": 54,
  "name": "La Colombe",
  "address": "6120 Delmas 19, Port-au-Prince, Haiti",
  "phone": "+50931793752",
  "country-code": "HT",
  "country": "Haiti"
 },
 {
  "id": 55,
  "name": "Pacot Breeze Hôtel",
  "address": "Santo 14, Port-au-Prince, Haiti",
  "phone": "+50943309949",
  "country-code": "HT",
  "country": "Haiti"
 },
 {
  "id": 56,
  "name": "Maxime Boutique Hotel",
  "address": "Rue P Cassagnol #14, Delmas 75, Port au Prince, Haiti",
  "phone": "+50948100388",
  "country-code": "HT",
  "country": "Haiti"
 },
 {
  "id": 57,
  "name": "Gabrielle's Hotel",
  "address": "Port-au-Prince, Haiti",
  "phone": "+50937636733",
  "country-code": "HT",
  "country": "Haiti"
 },
 {
  "id": 58,
  "name": "Marcelin Inn",
  "address": "28 Rue Marcelin, Port-au-Prince, Haiti",
  "phone": "+50937696223",
  "country-code": "HT",
  "country": "Haiti"
 },
 {
  "id": 59,
  "name": "Auberge du Québec Hôtel",
  "address": "15 THOR 67, Carrefour Thor 65, Rue Cordoue, Carrefour HT Port-au-Prince HT, Carrefour 6132, Haiti",
  "phone": "5+481567656132",
  "country-code": "HT",
  "country": "Haiti"
 },
 {
  "id": 60,
  "name": "Kayanm Hotel",
  "address": "8 Rue Georges Sylvain, Delmas 29, Port-au-Prince, Haiti",
  "phone": "+50947575757",
  "country-code": "HT",
  "country": "Haiti"
 },
 {
  "id": 61,
  "name": "The Farm House Haiti",
  "address": "51, Pétion-Ville, Haiti",
  "phone": "+50948900271",
  "country-code": "HT",
  "country": "Haiti"
 },
 {
  "id": 62,
  "name": "Coconut Villa Hotel",
  "address": "40 Rue Pacot, Port-au-Prince, Haiti",
  "phone": "+50948544743",
  "country-code": "HT",
  "country": "Haiti"
 },
 {
  "id": 63,
  "name": "Milien Continental",
  "address": "Port-au-Prince, Haiti",
  "phone": "+50935633610",
  "country-code": "HT",
  "country": "Haiti"
 },
 {
  "id": 64,
  "name": "Florence Penthouse Bed \u0026 Breakfast",
  "address": "Port-au-Prince, Haiti",
  "phone": "+50938004507",
  "country-code": "HT",
  "country": "Haiti"
 },
 {
  "id": 65,
  "name": "Villa Elegance Hotel \u0026 Apartment",
  "address": "19 Rue Pelican, Port-au-Prince, Haiti",
  "phone": "+50937531771",
  "country-code": "HT",
  "country": "Haiti"
 },
 {
  "id": 66,
  "name": "Royal Haitian",
  "address": "Village Theodat Rue 1 #6 Tabarre, Port-au-Prince, Haiti",
  "phone": "+50934905993",
  "country-code": "HT",
  "country": "Haiti"
 },
 {
  "id": 67,
  "name": "Sunshine Hotel",
  "address": "7 Imp. Pétion, Port-au-Prince, Haiti",
  "phone": "+50947856818",
  "country-code": "HT",
  "country": "Haiti"
 },
 {
  "id": 68,
  "name": "Constellation Hotel et Casino 2",
  "address": "73, angle rue Clerveaux et Ogé, Petion-Ville, Haiti",
  "phone": "+50938131212",
  "country-code": "HT",
  "country": "Haiti"
 },
 {
  "id": 69,
  "name": "Executive Villas",
  "address": "Clercine, 12 Prolongé 44, Port-au-Prince, Haiti",
  "phone": "",
  "country-code": "HT",
  "country": "Haiti"
 },
 {
  "id": 70,
  "name": "La Sirene Hotel",
  "address": "8 Bd Toussaint Louverture, Port-au-Prince, Haiti",
  "phone": "+50928171098",
  "country-code": "HT",
  "country": "Haiti"
 },
 {
  "id": 71,
  "name": "Eucalyptus Guest House",
  "address": "8, entrée La Pépinière, Rte de Freres, Petion-Ville, Haiti",
  "phone": "+50928110256",
  "country-code": "HT",
  "country": "Haiti"
 },
 {
  "id": 72,
  "name": "Hôtel Prince",
  "address": "Port-au-Prince, Haiti",
  "phone": "+50937608585",
  "country-code": "HT",
  "country": "Haiti"
 },
 {
  "id": 73,
  "name": "Mondesir Hotel",
  "address": "179 Faubert, Petion-Ville, Haiti",
  "phone": "+50938598300",
  "country-code": "HT",
  "country": "Haiti"
 },
 {
  "id": 74,
  "name": "Paradis Hotel",
  "address": "74, route de Kenscoff, Belot, Kenscoff, Haiti",
  "phone": "+50937014777",
  "country-code": "HT",
  "country": "Haiti"
 },
 {
  "id": 75,
  "name": "Le Quotidien Auberge",
  "address": "82, Rue Charbonnière prolongé, Delmas 33, Delmas 6120, Haiti",
  "phone": "82336120",
  "country-code": "HT",
  "country": "Haiti"
 },
 {
  "id": 76,
  "name": "Estinfil Guesthouses",
  "address": "23 Rue Capois, Port-au-Prince 6110, Haiti",
  "phone": "+50922276814",
  "country-code": "HT",
  "country": "Haiti"
 },
 {
  "id": 77,
  "name": "Universal Hotel",
  "address": "Puits blain 30, Carmelo #38, Delmas, Haiti",
  "phone": "+50931992081",
  "country-code": "HT",
  "country": "Haiti"
 },
 {
  "id": 78,
  "name": "Wall's International Guest House",
  "address": "8 Rue Jacques 1er, Port-au-Prince, Haiti",
  "phone": "+50928136000",
  "country-code": "HT",
  "country": "Haiti"
 },
 {
  "id": 79,
  "name": "Le Cupidon Hotel",
  "address": "Santo 25, carrefour marassa # 16, HT6847 Croix Des Bouquets, haiti 6847, Haiti",
  "phone": "251668476847",
  "country-code": "HT",
  "country": "Haiti"
 },
 {
  "id": 80,
  "name": "Hotel Résidence de Verdure",
  "address": "Delmas 53 Pòtoprens, 6120, Haiti",
  "phone": "+50929430470",
  "country-code": "HT",
  "country": "Haiti"
 },
 {
  "id": 81,
  "name": "New Quality Hotel",
  "address": "15 Mangones, Pétion-Ville, Haiti",
  "phone": "+50937828302",
  "country-code": "HT",
  "country": "Haiti"
 },
 {
  "id": 82,
  "name": "Trinity Lodge - Extended Stay",
  "address": "3, Nici Village, Impasse Guercy, rue Rosa, Canapé Vert Port-au-Prince HT, 6115, Haiti",
  "phone": "+50937060604",
  "country-code": "HT",
  "country": "Haiti"
 },
 {
  "id": 83,
  "name": "BELBREEZE HOTEL",
  "address": "Delmas 75 Route de, Port-au-Prince, Haiti",
  "phone": "+50934070332",
  "country-code": "HT",
  "country": "Haiti"
 },
 {
  "id": 84,
  "name": "Villa MaMiKa",
  "address": "Port-au-Prince, Haiti",
  "phone": "+50949247564",
  "country-code": "HT",
  "country": "Haiti"
 },
 {
  "id": 85,
  "name": "Eden Guest House",
  "address": "Port-au-Prince, Haiti",
  "phone": "+50922275795",
  "country-code": "HT",
  "country": "Haiti"
 },
 {
  "id": 86,
  "name": "Le Tresor hotel",
  "address": "Port-au-Prince, Haiti",
  "phone": "+50934957449",
  "country-code": "HT",
  "country": "Haiti"
 },
 {
  "id": 87,
  "name": "Villa ORMISO",
  "address": "Port-au-Prince , Avenue N rue Saint-louis #2, Port-au-Prince 6120, Haiti",
  "phone": "+50937019471",
  "country-code": "HT",
  "country": "Haiti"
 },
 {
  "id": 88,
  "name": "Palm Hotel",
  "address": "Port-au-Prince, Haiti",
  "phone": "+50948662754",
  "country-code": "HT",
  "country": "Haiti"
 },
 {
  "id": 89,
  "name": "Mon refuge",
  "address": "Tabarre 58, Rue C. Sylvain #4, Tabarre, Haiti",
  "phone": "+50934431694",
  "country-code": "HT",
  "country": "Haiti"
 },
 {
  "id": 90,
  "name": "Motel Choucoune",
  "address": "Hatte 2, Port-au-Prince, Haiti",
  "phone": "+50934529480",
  "country-code": "HT",
  "country": "Haiti"
 },
 {
  "id": 91,
  "name": "Charly Inn",
  "address": "Pelerin 3, Pétion-Ville, Haiti",
  "phone": "+50937014014",
  "country-code": "HT",
  "country": "Haiti"
 },
 {
  "id": 92,
  "name": "Renaissance Hotel",
  "address": "Rue Jacques 1er, Port-au-Prince, Haiti",
  "phone": "+50928136187",
  "country-code": "HT",
  "country": "Haiti"
 },
 {
  "id": 93,
  "name": "Stephia Hotel",
  "address": "Delmas 31, Port-au-Prince, Haiti",
  "phone": "+50944517467",
  "country-code": "HT",
  "country": "Haiti"
 },
 {
  "id": 94,
  "name": "Villa Rosa Hotel Et Restaurant",
  "address": "Delmas 31, Port-au-Prince, Haiti",
  "phone": "+50944517467",
  "country-code": "HT",
  "country": "Haiti"
 },
 {
  "id": 95,
  "name": "VUE LA MONTAGNE LODGE GUESTHOUSE",
  "address": "3, Nici Village, Impasse Guercy, rue Rosa, Canapé Vert Port-au-Prince HT, 6115, Haiti",
  "phone": "+50937060604",
  "country-code": "HT",
  "country": "Haiti"
 },
 {
  "id": 96,
  "name": "Hotel Essentiel",
  "address": "Port-au-Prince , Avenue N rue Saint-louis #2, Port-au-Prince 6120, Haiti",
  "phone": "+50937019471",
  "country-code": "HT",
  "country": "Haiti"
 },
 {
  "id": 97,
  "name": "Bel Fle",
  "address": "17, 75, Rue Catalpa, Port-au-Prince, Haiti",
  "phone": "+50944061243",
  "country-code": "HT",
  "country": "Haiti"
 },
 {
  "id": 98,
  "name": "Le Jardin Hotel",
  "address": "13 rue Leon Nau Nerette, Petion-Ville 6140, Haiti",
  "phone": "+50928162524",
  "country-code": "HT",
  "country": "Haiti"
 },
 {
  "id": 99,
  "name": "Bethel Guest House",
  "address": "Port-au-Prince, Haiti",
  "phone": "+50929426667",
  "country-code": "HT",
  "country": "Haiti"
 },
 {
  "id": 100,
  "name": "APOLLO EINKAUF CENTER",
  "address": "19 Delmas 33, Port-au-Prince, Haiti",
  "phone": "+50938804777",
  "country-code": "HT",
  "country": "Haiti"
 },
 {
  "id": 101,
  "name": "Gayac Residences",
  "address": "10 Rue Eucalyptus (apres Rue de Cigogne), Delmas 83, Port-au-Prince, Haiti",
  "phone": "+50931620678",
  "country-code": "HT",
  "country": "Haiti"
 },
 {
  "id": 102,
  "name": "Ibo Resort - Petion ville",
  "address": "30 Corner Rue Metellus and Ogé Petion-Ville, 6166, Haiti",
  "phone": "+50934355603",
  "country-code": "HT",
  "country": "Haiti"
 },
 {
  "id": 103,
  "name": "La Table De Caius",
  "address": "Rte Nle # 2, 2Carf. Lizon 22, Port-au-Prince, Haiti",
  "phone": "+50938098050",
  "country-code": "HT",
  "country": "Haiti"
 },
 {
  "id": 104,
  "name": "Olé Restaurant",
  "address": "Port-au-Prince, Haiti",
  "phone": "",
  "country-code": "HT",
  "country": "Haiti"
 },
 {
  "id": 105,
  "name": "Fojache Resto",
  "address": "14 Rue Capois, Port-au-Prince, Haiti",
  "phone": "+50939353761",
  "country-code": "HT",
  "country": "Haiti"
 },
 {
  "id": 106,
  "name": "Le Tiffany",
  "address": "Delmas 33, Port-au-Prince, Haiti",
  "phone": "+50925123490",
  "country-code": "HT",
  "country": "Haiti"
 },
 {
  "id": 107,
  "name": "Freaky Snack Bar",
  "address": "Rte de Freres, Port-au-Prince, Haiti",
  "phone": "+50933704646",
  "country-code": "HT",
  "country": "Haiti"
 },
 {
  "id": 108,
  "name": "Claudy’s Bar Restaurant",
  "address": "Delmas 19, Port-au-Prince, Haiti",
  "phone": "",
  "country-code": "HT",
  "country": "Haiti"
 },
 {
  "id": 109,
  "name": "Bar Restaurant",
  "address": "Port-au-Prince, Haiti",
  "phone": "+50931671717",
  "country-code": "HT",
  "country": "Haiti"
 },
 {
  "id": 110,
  "name": "Assiette Créole",
  "address": "12 Boulevard Harry Truman, Port-au-Prince, Haiti",
  "phone": "+50929424496",
  "country-code": "HT",
  "country": "Haiti"
 },
 {
  "id": 111,
  "name": "Chévou Restaurant",
  "address": "29, deuxième ruelle Port-au-Prince HT, 6114, Haiti",
  "phone": "+50947711358",
  "country-code": "HT",
  "country": "Haiti"
 },
 {
  "id": 112,
  "name": "Délice Yous",
  "address": "Port-au-Prince, Haiti",
  "phone": "+50943249982",
  "country-code": "HT",
  "country": "Haiti"
 },
 {
  "id": 113,
  "name": "Portofino",
  "address": "17 Rue Riviere, Port-au-Prince, Haiti",
  "phone": "+50928130305",
  "country-code": "HT",
  "country": "Haiti"
 },
 {
  "id": 114,
  "name": "Chellens Bar Restaurant",
  "address": "73 Ave Lamartiniere, Port-au-Prince, Haiti",
  "phone": "",
  "country-code": "HT",
  "country": "Haiti"
 },
 {
  "id": 115,
  "name": "MAD JICK'S",
  "address": "Rue la Fleur, Port-au-Prince, Haiti",
  "phone": "",
  "country-code": "HT",
  "country": "Haiti"
 },
 {
  "id": 116,
  "name": "La Pause Inn",
  "address": "31 Delmas 40B, Port-au-Prince, Haiti",
  "phone": "",
  "country-code": "HT",
  "country": "Haiti"
 },
 {
  "id": 117,
  "name": "Kokoye Bar \u0026 Grill",
  "address": "Angle Ave Jean Paul II et, Impasse Baron, Port-au-Prince, Haiti",
  "phone": "+50928181108",
  "country-code": "HT",
  "country": "Haiti"
 },
 {
  "id": 118,
  "name": "Madame Cecile",
  "address": "Delmas 77#1, port au prince, Haiti",
  "phone": "+50948252503",
  "country-code": "HT",
  "country": "Haiti"
 },
 {
  "id": 119,
  "name": "Fresh food resto",
  "address": "RN #8, Port-au-Prince, Haiti",
  "phone": "",
  "country-code": "HT",
  "country": "Haiti"
 },
 {
  "id": 120,
  "name": "Carnaval Food",
  "address": "97 Av. Panaméricaine, Pétion-Ville, Haiti",
  "phone": "+50943122424",
  "country-code": "HT",
  "country": "Haiti"
 },
 {
  "id": 121,
  "name": "Le Sillage Restaurant",
  "address": "Port-au-Prince, Haiti",
  "phone": "",
  "country-code": "HT",
  "country": "Haiti"
 },
 {
  "id": 122,
  "name": "Restaurants Populaires",
  "address": "Rue Chavannes, Petion-Ville, Haiti",
  "phone": "+50928130445",
  "country-code": "HT",
  "country": "Haiti"
 },
 {
  "id": 123,
  "name": "Goût Créole Restaurant",
  "address": "Port-au-Prince, Haiti",
  "phone": "",
  "country-code": "HT",
  "country": "Haiti"
 },
 {
  "id": 124,
  "name": "Grâce sur Grâce Bar Restaurant",
  "address": "17 Rue Pavee, Port-au-Prince, Haiti",
  "phone": "+50942881111",
  "country-code": "HT",
  "country": "Haiti"
 },
 {
  "id": 125,
  "name": "Portofino",
  "address": "42 Rue Dr. V. Noël, Port-au-Prince 6136, Haiti",
  "phone": "+50938095853",
  "country-code": "HT",
  "country": "Haiti"
 },
 {
  "id": 126,
  "name": "Lili's Restaurant Haiti",
  "address": "Angle Delmas 48, Port-au-Prince, Haiti",
  "phone": "+50936151640",
  "country-code": "HT",
  "country": "Haiti"
 },
 {
  "id": 127,
  "name": "Pour Au Prince",
  "address": "#30 Oge, Petion-Ville, Haiti",
  "phone": "+50938212121",
  "country-code": "HT",
  "country": "Haiti"
 },
 {
  "id": 128,
  "name": "Kokoye Bar \u0026 Grill",
  "address": "22 Goulard, Port-au-Prince, Haiti",
  "phone": "+50931637777",
  "country-code": "HT",
  "country": "Haiti"
 },
 {
  "id": 129,
  "name": "Port-au-Prince",
  "address": "Pétion-Ville, Port-au-Prince, Haiti",
  "phone": "+50937131393",
  "country-code": "HT",
  "country": "Haiti"
 },
 {
  "id": 130,
  "name": "Mancharles restaurant",
  "address": "2 Rue de Berne, Port-au-Prince, Haiti",
  "phone": "",
  "country-code": "HT",
  "country": "Haiti"
 },
 {
  "id": 131,
  "name": "Bon nan Bouch",
  "address": "Port-au-Prince, Haiti",
  "phone": "+50944940328",
  "country-code": "HT",
  "country": "Haiti"
 },
 {
  "id": 132,
  "name": "Kiwi Ht",
  "address": "Unnamed Road, Port-au-Prince, Haiti",
  "phone": "+50929418888",
  "country-code": "HT",
  "country": "Haiti"
 },
 {
  "id": 133,
  "name": "Le Flambeau Restaurant",
  "address": "Port-au-Prince, Haiti",
  "phone": "+50943424242",
  "country-code": "HT",
  "country": "Haiti"
 },
 {
  "id": 134,
  "name": "L'oiseau Bleu Restaurant",
  "address": "30 Delmas 19, Port-au-Prince, Haiti",
  "phone": "",
  "country-code": "HT",
  "country": "Haiti"
 },
 {
  "id": 135,
  "name": "Babako Restaurant",
  "address": "Delmas 83, Port-au-Prince, Haiti",
  "phone": "+50939288383",
  "country-code": "HT",
  "country": "Haiti"
 },
 {
  "id": 136,
  "name": "Au Petit Moulin Restaurant",
  "address": "Port-au-Prince, Haiti",
  "phone": "+50929178888",
  "country-code": "HT",
  "country": "Haiti"
 },
 {
  "id": 137,
  "name": "La Reserve",
  "address": "412 Autoroute de Delmas, Port-au-Prince, Haiti",
  "phone": "+50929470707",
  "country-code": "HT",
  "country": "Haiti"
 },
 {
  "id": 138,
  "name": "La Tentation Bar Restaurant",
  "address": "48 Metellus, Petion-Ville, Haiti",
  "phone": "+50937012707",
  "country-code": "HT",
  "country": "Haiti"
 },
 {
  "id": 139,
  "name": "La Manne Restaurant",
  "address": "Rue Cassagnol Prolonge, Port-au-Prince, Haiti",
  "phone": "",
  "country-code": "HT",
  "country": "Haiti"
 },
 {
  "id": 140,
  "name": "port aux prince",
  "address": "Port-au-Prince, Haiti",
  "phone": "+50928187768",
  "country-code": "HT",
  "country": "Haiti"
 },
 {
  "id": 141,
  "name": "Tikay Bar Restaurant Club",
  "address": "Avenue Jean Paul II, Port-au-Prince, Haiti",
  "phone": "+50928160115",
  "country-code": "HT",
  "country": "Haiti"
 },
 {
  "id": 142,
  "name": "G. Dubousquet Restaurant",
  "address": "Port-au-Prince, Haiti",
  "phone": "",
  "country-code": "HT",
  "country": "Haiti"
 },
 {
  "id": 143,
  "name": "Parapli Bar \u0026 Grill",
  "address": "13 rue biassou, Delmas 31, Port-au-Prince, Haiti",
  "phone": "",
  "country-code": "HT",
  "country": "Haiti"
 },
 {
  "id": 144,
  "name": "Chez Pat Restaurant \u0026 Take out",
  "address": "Ruelle Carlstrouem #5B, Port-au-Prince, Haiti",
  "phone": "+50946479696",
  "country-code": "HT",
  "country": "Haiti"
 },
 {
  "id": 145,
  "name": "La Fiesta Restaurant",
  "address": "Port-au-Prince, Haiti",
  "phone": "+50939145867",
  "country-code": "HT",
  "country": "Haiti"
 },
 {
  "id": 146,
  "name": "VOL Cafe-Bistro",
  "address": "Delmas 40, Port-au-Prince, Haiti",
  "phone": "+50928181105",
  "country-code": "HT",
  "country": "Haiti"
 },
 {
  "id": 147,
  "name": "Violette Restaurant",
  "address": "50, Port-au-Prince, Haiti",
  "phone": "+50922239053",
  "country-code": "HT",
  "country": "Haiti"
 },
 {
  "id": 148,
  "name": "Kay Tchouko Restaurant",
  "address": "Clercine 2, Port-au-Prince, Haiti",
  "phone": "+50938954142",
  "country-code": "HT",
  "country": "Haiti"
 },
 {
  "id": 149,
  "name": "La Coquille",
  "address": "Port-au-Prince, Haiti",
  "phone": "+50934035353",
  "country-code": "HT",
  "country": "Haiti"
 },
 {
  "id": 150,
  "name": "Coin 95",
  "address": "Unnamed Road, Port-au-Prince, Haiti",
  "phone": "",
  "country-code": "HT",
  "country": "Haiti"
 },
 {
  "id": 151,
  "name": "Niol Resto",
  "address": "Rte de Freres, Port-au-Prince, Haiti",
  "phone": "+50938117594",
  "country-code": "HT",
  "country": "Haiti"
 },
 {
  "id": 152,
  "name": "Cercle des Amis Restaurant",
  "address": "46, Port-au-Prince, Haiti",
  "phone": "+50937859896",
  "country-code": "HT",
  "country": "Haiti"
 },
 {
  "id": 153,
  "name": "Jerry's Pasco's Pizza \u0026 Subs",
  "address": "Port-au-Prince, Haiti",
  "phone": "+50947388956",
  "country-code": "HT",
  "country": "Haiti"
 },
 {
  "id": 154,
  "name": "Manite Restaurant 69",
  "address": "Port-au-Prince, Haiti",
  "phone": "",
  "country-code": "HT",
  "country": "Haiti"
 },
 {
  "id": 155,
  "name": "Widn Love",
  "address": "Port-au-Prince, Haiti",
  "phone": "",
  "country-code": "HT",
  "country": "Haiti"
 },
 {
  "id": 156,
  "name": "Morose et Toyo",
  "address": "178 Rte de Delmas, Port-au-Prince, Haiti",
  "phone": "+50939050678",
  "country-code": "HT",
  "country": "Haiti"
 },
 {
  "id": 157,
  "name": "M\u0026M BAR RESTAURANT",
  "address": "Autoroute de Delmas, Port-au-Prince, Haiti",
  "phone": "",
  "country-code": "HT",
  "country": "Haiti"
 },
 {
  "id": 158,
  "name": "Kay Sammy Bar-Resto",
  "address": "Unnamed Road, Port-au-Prince, Haiti",
  "phone": "+50934196096",
  "country-code": "HT",
  "country": "Haiti"
 },
 {
  "id": 159,
  "name": "Smoke House Barbecue",
  "address": "Avenue Magloire Ambroise, prolongee #363, Port-au-Prince, Haiti",
  "phone": "",
  "country-code": "HT",
  "country": "Haiti"
 },
 {
  "id": 160,
  "name": "After Work",
  "address": "Av. Maïs Gaté, Port-au-Prince, Haiti",
  "phone": "+50937395074",
  "country-code": "HT",
  "country": "Haiti"
 },
 {
  "id": 161,
  "name": "Rose de Sharon Restaurant",
  "address": "Port-au-Prince, Haiti",
  "phone": "+50948488080",
  "country-code": "HT",
  "country": "Haiti"
 },
 {
  "id": 162,
  "name": "Sweety Bar Restaurant",
  "address": "Port-au-Prince, angle rue Capois et Ave. Christophe, Port-au-Prince, Haiti",
  "phone": "+50938280271",
  "country-code": "HT",
  "country": "Haiti"
 },
 {
  "id": 163,
  "name": "Joyce's corner",
  "address": "Port-au-Prince, Haiti",
  "phone": "",
  "country-code": "HT",
  "country": "Haiti"
 },
 {
  "id": 164,
  "name": "Alvarez Restaurant",
  "address": "Delmas 69, Rue Fougere, Port-au-Prince 6120, Haiti",
  "phone": "+50936650604",
  "country-code": "HT",
  "country": "Haiti"
 },
 {
  "id": 165,
  "name": "La Belle Capoise",
  "address": "16, rue Fernand, Port-au-Prince, Haiti",
  "phone": "+50933123196",
  "country-code": "HT",
  "country": "Haiti"
 },
 {
  "id": 166,
  "name": "Le Confort Inn Bar Restaurant",
  "address": "Ave Lamartiniere, Port-au-Prince, Haiti",
  "phone": "+50931647070",
  "country-code": "HT",
  "country": "Haiti"
 },
 {
  "id": 167,
  "name": "Ronald Bar Restaurant Service Traiteur",
  "address": "6 Delmas 95, Port-au-Prince, Haiti",
  "phone": "",
  "country-code": "HT",
  "country": "Haiti"
 },
 {
  "id": 168,
  "name": "L'Observatoire de Boutillier",
  "address": "6120, Rte de Delmas, Port-au-Prince 6120, Haiti",
  "phone": "61206120",
  "country-code": "HT",
  "country": "Haiti"
 },
 {
  "id": 169,
  "name": "Rony Bar Restaurant",
  "address": "69 Rebecca, Port-au-Prince, Haiti",
  "phone": "+50929425225",
  "country-code": "HT",
  "country": "Haiti"
 },
 {
  "id": 170,
  "name": "Lyne Snack Bar",
  "address": "Rue Geffrard #84, Port-au-Prince, Haiti",
  "phone": "+50934340530",
  "country-code": "HT",
  "country": "Haiti"
 },
 {
  "id": 171,
  "name": "Tropbon services restaurant-bar",
  "address": "Delmas 40, Port-au-Prince, Haiti",
  "phone": "",
  "country-code": "HT",
  "country": "Haiti"
 },
 {
  "id": 172,
  "name": "5 Coins Restaurant Delmas 40",
  "address": "Port-au-Prince, Haiti",
  "phone": "+50928151285",
  "country-code": "HT",
  "country": "Haiti"
 },
 {
  "id": 173,
  "name": "Iguana Bar Restaurant",
  "address": "Port-au-Prince, Haiti",
  "phone": "",
  "country-code": "HT",
  "country": "Haiti"
 },
 {
  "id": 174,
  "name": "House of Beer Haiti",
  "address": "385 Delmas 89, Port-au-Prince, Haiti",
  "phone": "+50940376059",
  "country-code": "HT",
  "country": "Haiti"
 },
 {
  "id": 175,
  "name": "Lakay An Nou Resto",
  "address": "Rte de Jacquet, Port-au-Prince, Haiti",
  "phone": "+50948939310",
  "country-code": "HT",
  "country": "Haiti"
 },
 {
  "id": 176,
  "name": "Duma's Restaurant",
  "address": "Port-au-Prince, Haiti",
  "phone": "",
  "country-code": "HT",
  "country": "Haiti"
 },
 {
  "id": 177,
  "name": "My Spot Bar and Grill",
  "address": "Delmas 33, Port-au-Prince, Haiti",
  "phone": "",
  "country-code": "HT",
  "country": "Haiti"
 },
 {
  "id": 178,
  "name": "Sur la Table",
  "address": "Port-au-Prince, Haiti",
  "phone": "",
  "country-code": "HT",
  "country": "Haiti"
 },
 {
  "id": 179,
  "name": "Papaye",
  "address": "Delmas 31, Port-au-Prince, Haiti",
  "phone": "",
  "country-code": "HT",
  "country": "Haiti"
 },
 {
  "id": 180,
  "name": "Piment Rouge",
  "address": "GPS: 18.5343,-72.339, Ave Magloire Ambroise, Port-au-Prince, Haiti",
  "phone": "18534372339",
  "country-code": "HT",
  "country": "Haiti"
 },
 {
  "id": 181,
  "name": "The Golden Cup Cafe",
  "address": "santo 25 ,rue tamarin #1 gtd, Rue Robert, Port-au-Prince, Haiti",
  "phone": "",
  "country-code": "HT",
  "country": "Haiti"
 },
 {
  "id": 182,
  "name": "Eau De Mer",
  "address": "Port-au-Prince, Haiti",
  "phone": "+50929400190",
  "country-code": "HT",
  "country": "Haiti"
 },
 {
  "id": 183,
  "name": "Wings \u0026 More",
  "address": "20, Port-au-Prince, Haiti",
  "phone": "+50925184312",
  "country-code": "HT",
  "country": "Haiti"
 },
 {
  "id": 184,
  "name": "Sous l'Amandier Bar Resto",
  "address": "114 Delmas 27, Port-au-Prince, Haiti",
  "phone": "",
  "country-code": "HT",
  "country": "Haiti"
 },
 {
  "id": 185,
  "name": "kay 83",
  "address": "183 avenue jean-Paul 2 Port-au-Prince HT, 6110, Haiti",
  "phone": "18326110",
  "country-code": "HT",
  "country": "Haiti"
 },
 {
  "id": 186,
  "name": "Renovation Hotel Bar Restaurant",
  "address": "Av. John Brown, Port-au-Prince, Haiti",
  "phone": "",
  "country-code": "HT",
  "country": "Haiti"
 },
 {
  "id": 187,
  "name": "Petits Pas Bar Restaurant",
  "address": "83 Ave Jean-Paul II, Port-au-Prince, Haiti",
  "phone": "",
  "country-code": "HT",
  "country": "Haiti"
 },
 {
  "id": 188,
  "name": "Lakay Mwen",
  "address": "Santo 17, Port-au-Prince, Haiti",
  "phone": "",
  "country-code": "HT",
  "country": "Haiti"
 },
 {
  "id": 189,
  "name": "CADDY'S BAR",
  "address": "33 Delmas 83, Port-au-Prince 6120, Haiti",
  "phone": "33836120",
  "country-code": "HT",
  "country": "Haiti"
 },
 {
  "id": 190,
  "name": "WIF",
  "address": "Bd Toussaint Louverture, Port-au-Prince, Haiti",
  "phone": "+50949018453",
  "country-code": "HT",
  "country": "Haiti"
 },
 {
  "id": 191,
  "name": "Nago",
  "address": "45 Rue St Claire, Delmas 33, Port-au-Prince, Haiti",
  "phone": "+50934375963",
  "country-code": "HT",
  "country": "Haiti"
 },
 {
  "id": 192,
  "name": "Magdoos Restaurant",
  "address": "Delmas 31, Port-au-Prince, Haiti",
  "phone": "+50928177000",
  "country-code": "HT",
  "country": "Haiti"
 },
 {
  "id": 193,
  "name": "Muncheez",
  "address": "Port-au-Prince, Haiti",
  "phone": "",
  "country-code": "HT",
  "country": "Haiti"
 },
 {
  "id": 194,
  "name": "Jacky's Bar \u0026 Restaurant",
  "address": "RN #8, Port-au-Prince, Haiti",
  "phone": "",
  "country-code": "HT",
  "country": "Haiti"
 },
 {
  "id": 195,
  "name": "Ma Folie Restaurant",
  "address": "Port-au-Prince, Haiti",
  "phone": "+50934911770",
  "country-code": "HT",
  "country": "Haiti"
 },
 {
  "id": 196,
  "name": "Fior Di Latte",
  "address": "Port-au-Prince, Haiti",
  "phone": "",
  "country-code": "HT",
  "country": "Haiti"
 },
 {
  "id": 197,
  "name": "Chez Gaelle",
  "address": "12, rue Ferrand de Beaudieres Rte de Peguy Ville PV, Port-au-Prince, Haiti",
  "phone": "",
  "country-code": "HT",
  "country": "Haiti"
 },
 {
  "id": 198,
  "name": "Harry's",
  "address": "Port-au-Prince, Haiti",
  "phone": "",
  "country-code": "HT",
  "country": "Haiti"
 },
 {
  "id": 199,
  "name": "Saveur des Îles",
  "address": "21, Rue Catalpa, Delmas 33, Haiti",
  "phone": "",
  "country-code": "HT",
  "country": "Haiti"
 },
 {
  "id": 200,
  "name": "Ta MaMan Bar Restaurant Dansant",
  "address": "Port-au-Prince, Haiti",
  "phone": "",
  "country-code": "HT",
  "country": "Haiti"
 },
 {
  "id": 201,
  "name": "Alta Restaurant and Guest House",
  "address": "Delmas 31, Port-au-Prince, Haiti",
  "phone": "+50928177000",
  "country-code": "HT",
  "country": "Haiti"
 },
 {
  "id": 202,
  "name": "La Coquette Shop",
  "address": "Pernier Port au Prince HT, 6140, Haiti",
  "phone": "+50932054790",
  "country-code": "HT",
  "country": "Haiti"
 },
 {
  "id": 203,
  "name": "Shop Bon accueil",
  "address": "Port-au-Prince, Haiti",
  "phone": "",
  "country-code": "HT",
  "country": "Haiti"
 },
 {
  "id": 204,
  "name": "La Ville Centre Comercial",
  "address": "Port-au-Prince, Haiti",
  "phone": "",
  "country-code": "HT",
  "country": "Haiti"
 },
 {
  "id": 205,
  "name": "Mikado Shopping Center",
  "address": "Port-au-Prince, Haiti",
  "phone": "+50931636615",
  "country-code": "HT",
  "country": "Haiti"
 },
 {
  "id": 206,
  "name": "Benji Shop",
  "address": "101, Port-au-Prince, Haiti",
  "phone": "+50933885550",
  "country-code": "HT",
  "country": "Haiti"
 },
 {
  "id": 207,
  "name": "Shop n +",
  "address": "524 Boulevard Jean-Jacques Dessalines, Port-au-Prince, Haiti",
  "phone": "",
  "country-code": "HT",
  "country": "Haiti"
 },
 {
  "id": 208,
  "name": "Marche Saint Antoine",
  "address": "Port-au-Prince, Haiti",
  "phone": "",
  "country-code": "HT",
  "country": "Haiti"
 },
 {
  "id": 209,
  "name": "Port-au-prince",
  "address": "243, Port-au-Prince, Haiti",
  "phone": "+50922229898",
  "country-code": "HT",
  "country": "Haiti"
 },
 {
  "id": 210,
  "name": "Jolibel",
  "address": "53 Bd Toussaint Louverture, Port-au-Prince, Haiti",
  "phone": "+50929131000",
  "country-code": "HT",
  "country": "Haiti"
 },
 {
  "id": 211,
  "name": "Maison Dupuy",
  "address": "19, Rue Leonard, Delmas 19, Port-au-Prince 6120, Haiti",
  "phone": "19196120",
  "country-code": "HT",
  "country": "Haiti"
 },
 {
  "id": 212,
  "name": "Marché Brooklyn",
  "address": "64 Rue Bonne Foi, Port-au-Prince, Haiti",
  "phone": "",
  "country-code": "HT",
  "country": "Haiti"
 },
 {
  "id": 213,
  "name": "R and C Plaza",
  "address": "RN #1, Port-au-Prince, Haiti",
  "phone": "",
  "country-code": "HT",
  "country": "Haiti"
 },
 {
  "id": 214,
  "name": "Bethel boutique",
  "address": "Port-au-Prince, Haiti",
  "phone": "",
  "country-code": "HT",
  "country": "Haiti"
 },
 {
  "id": 215,
  "name": "Magnificat",
  "address": "Lilavois, Bon Repos, Delmas 33 Port-au-Prince HT, 6310, Haiti",
  "phone": "+50933713329",
  "country-code": "HT",
  "country": "Haiti"
 },
 {
  "id": 216,
  "name": "Coin d'Folie",
  "address": "38 Faubert, Port-au-Prince, Haiti",
  "phone": "",
  "country-code": "HT",
  "country": "Haiti"
 },
 {
  "id": 217,
  "name": "Place Fierté Soleil",
  "address": "Port-au-Prince, Haiti",
  "phone": "",
  "country-code": "HT",
  "country": "Haiti"
 },
 {
  "id": 218,
  "name": "CDJ Store",
  "address": "Angle Rue Jn Gilles, Bd Toussaint Louverture, Port-au-Prince, Haiti",
  "phone": "",
  "country-code": "HT",
  "country": "Haiti"
 },
 {
  "id": 219,
  "name": "Mon Dépot",
  "address": "Delmas 60, Port-au-Prince, Haiti",
  "phone": "",
  "country-code": "HT",
  "country": "Haiti"
 },
 {
  "id": 220,
  "name": "Optika Centre-ville",
  "address": "Rue msgnr guyou #146, Port-au-Prince / 15 rue fernand # 15 Canapé Vert Rue Fernand, port au p, Haiti",
  "phone": "",
  "country-code": "HT",
  "country": "Haiti"
 },
 {
  "id": 221,
  "name": "Complexe Moïse Jossurin",
  "address": "Port-au-Prince, Haiti",
  "phone": "",
  "country-code": "HT",
  "country": "Haiti"
 },
 {
  "id": 222,
  "name": "HASCO",
  "address": "Carrefour feuille Port au prince, 6110, Haiti",
  "phone": "+50934285454",
  "country-code": "HT",
  "country": "Haiti"
 },
 {
  "id": 223,
  "name": "Plaza 41",
  "address": "10, Rue Jn Mary Vincent Siloe Delmas HT, 6120, Haiti",
  "phone": "+50938732303",
  "country-code": "HT",
  "country": "Haiti"
 },
 {
  "id": 224,
  "name": "Leon's Store",
  "address": "Port-au-Prince, Haiti",
  "phone": "",
  "country-code": "HT",
  "country": "Haiti"
 },
 {
  "id": 225,
  "name": "Le Jardin de lElegance",
  "address": "385, 6120 Rte de Delmas, Port-au-Prince, Haiti",
  "phone": "",
  "country-code": "HT",
  "country": "Haiti"
 },
 {
  "id": 226,
  "name": "Promenade (Espace Boutiques)",
  "address": "Unnamed Road, Port-au-Prince, Haiti",
  "phone": "+50933943702",
  "country-code": "HT",
  "country": "Haiti"
 },
 {
  "id": 227,
  "name": "Riceco",
  "address": "Port-au-Prince HT, 6110, Haiti",
  "phone": "+50929474776",
  "country-code": "HT",
  "country": "Haiti"
 },
 {
  "id": 228,
  "name": "Djoune Store",
  "address": "Port-au-Prince, Haiti",
  "phone": "+50948299655",
  "country-code": "HT",
  "country": "Haiti"
 },
 {
  "id": 229,
  "name": "Net2000 Centre Commercial",
  "address": "10,impasse Romain, Route du Canapé-vert Port-au-Prince, 6010, Haiti",
  "phone": "+50932902210",
  "country-code": "HT",
  "country": "Haiti"
 },
 {
  "id": 230,
  "name": "Centre Commercial Tanis/Jumelle",
  "address": "Port-au-Prince, Haiti",
  "phone": "+50937596068",
  "country-code": "HT",
  "country": "Haiti"
 },
 {
  "id": 231,
  "name": "Accueil Plus",
  "address": "613, Port-au-Prince, Haiti",
  "phone": "+50934113383",
  "country-code": "HT",
  "country": "Haiti"
 },
 {
  "id": 232,
  "name": "Angathy",
  "address": "524 Boulevard Jean-Jacques Dessalines, Port-au-Prince, Haiti",
  "phone": "",
  "country-code": "HT",
  "country": "Haiti"
 },
 {
  "id": 233,
  "name": "Concurrence Shop",
  "address": "Port-au-Prince, Haiti",
  "phone": "+50933102941",
  "country-code": "HT",
  "country": "Haiti"
 },
 {
  "id": 234,
  "name": "Fidelite Store",
  "address": "Ave Lamartiniere, Port-au-Prince, Haiti",
  "phone": "",
  "country-code": "HT",
  "country": "Haiti"
 },
 {
  "id": 235,
  "name": "Les Couleurs Infinies",
  "address": "Port-au-Prince, Haiti",
  "phone": "",
  "country-code": "HT",
  "country": "Haiti"
 },
 {
  "id": 236,
  "name": "Elegancia",
  "address": "Port-au-Prince, Haiti",
  "phone": "+50947007503",
  "country-code": "HT",
  "country": "Haiti"
 },
 {
  "id": 237,
  "name": "MOD",
  "address": "19A, Delmas 33 Delmas, 6120, Haiti",
  "phone": "19336120",
  "country-code": "HT",
  "country": "Haiti"
 },
 {
  "id": 238,
  "name": "Cassa Store",
  "address": "imp. prince, Port-au-Prince, Haiti",
  "phone": "",
  "country-code": "HT",
  "country": "Haiti"
 },
 {
  "id": 239,
  "name": "AZ Boutique",
  "address": "Port-au-Prince, Haiti",
  "phone": "",
  "country-code": "HT",
  "country": "Haiti"
 },
 {
  "id": 240,
  "name": "MICOSA",
  "address": "#125, Angle Rue Jean Baptiste, Delmas 33, Haiti",
  "phone": "+50937212202",
  "country-code": "HT",
  "country": "Haiti"
 },
 {
  "id": 241,
  "name": "Ketty Shop",
  "address": "512, Port-au-Prince, Haiti",
  "phone": "+50936610090",
  "country-code": "HT",
  "country": "Haiti"
 },
 {
  "id": 242,
  "name": "Le Coin Media",
  "address": "385, 6120 Rte de Delmas, Port-au-Prince, Haiti",
  "phone": "",
  "country-code": "HT",
  "country": "Haiti"
 },
 {
  "id": 243,
  "name": "Concorde Plaza",
  "address": "78 Fontamara 27 Port-au-Prince, 6110, Haiti",
  "phone": "78276110",
  "country-code": "HT",
  "country": "Haiti"
 },
 {
  "id": 244,
  "name": "Mach-creation",
  "address": "Port-au-Prince, Haiti",
  "phone": "",
  "country-code": "HT",
  "country": "Haiti"
 },
 {
  "id": 245,
  "name": "Impasse Fraicher",
  "address": "38 Faubert, Port-au-Prince, Haiti",
  "phone": "",
  "country-code": "HT",
  "country": "Haiti"
 },
 {
  "id": 246,
  "name": "Pret A Porter Fritjie",
  "address": "Port-au-Prince, Haiti",
  "phone": "",
  "country-code": "HT",
  "country": "Haiti"
 },
 {
  "id": 247,
  "name": "Cathou Store",
  "address": "18 Delmas 60, Port-au-Prince, Haiti",
  "phone": "",
  "country-code": "HT",
  "country": "Haiti"
 },
 {
  "id": 248,
  "name": "Puits Blain Plaza S.A",
  "address": "Port-au-Prince, Haiti",
  "phone": "+50937024337",
  "country-code": "HT",
  "country": "Haiti"
 },
 {
  "id": 249,
  "name": "Artis jean wilgens",
  "address": "Port-au-Prince, Haiti",
  "phone": "+50928161001",
  "country-code": "HT",
  "country": "Haiti"
 },
 {
  "id": 250,
  "name": "Senatus",
  "address": "Port-au-Prince, Haiti",
  "phone": "",
  "country-code": "HT",
  "country": "Haiti"
 },
 {
  "id": 251,
  "name": "Stel's boutique",
  "address": "Port-au-Prince, Haiti",
  "phone": "",
  "country-code": "HT",
  "country": "Haiti"
 },
 {
  "id": 252,
  "name": "Les Bonnes Affaires S.A",
  "address": "Lilavois 58, Port-au-Prince, Haiti",
  "phone": "+50942432518",
  "country-code": "HT",
  "country": "Haiti"
 },
 {
  "id": 253,
  "name": "Majesty shop",
  "address": "Port-au-Prince, Haiti",
  "phone": "+50948161992",
  "country-code": "HT",
  "country": "Haiti"
 },
 {
  "id": 254,
  "name": "Les Ateliers de Styles",
  "address": "No. 9, Rue Pinchinat, Port-au-Prince, Haiti",
  "phone": "+50928126826",
  "country-code": "HT",
  "country": "Haiti"
 },
 {
  "id": 255,
  "name": "Festi Store",
  "address": "Port-au-Prince, Haiti",
  "phone": "",
  "country-code": "HT",
  "country": "Haiti"
 },
 {
  "id": 256,
  "name": "Maya",
  "address": "Port-au-Prince, Haiti",
  "phone": "",
  "country-code": "HT",
  "country": "Haiti"
 },
 {
  "id": 257,
  "name": "JEAFA",
  "address": "Port-au-Prince, Haiti",
  "phone": "",
  "country-code": "HT",
  "country": "Haiti"
 },
 {
  "id": 258,
  "name": "Krafty",
  "address": "Delmas 33, Rue Louverture, Haiti",
  "phone": "+50948376183",
  "country-code": "HT",
  "country": "Haiti"
 },
 {
  "id": 259,
  "name": "Stars 200",
  "address": "69 Rebecca, Port-au-Prince, Haiti",
  "phone": "",
  "country-code": "HT",
  "country": "Haiti"
 },
 {
  "id": 260,
  "name": "Maison Peterson",
  "address": "Delmas 33, Port-au-Prince, Haiti",
  "phone": "+50938589448",
  "country-code": "HT",
  "country": "Haiti"
 },
 {
  "id": 261,
  "name": "Autoplaza Haiti",
  "address": "Port-au-Prince, Haiti",
  "phone": "",
  "country-code": "HT",
  "country": "Haiti"
 },
 {
  "id": 262,
  "name": "La Rosée S.A",
  "address": "19 Rua Chavannes, Port-au-Prince, Haiti",
  "phone": "",
  "country-code": "HT",
  "country": "Haiti"
 },
 {
  "id": 263,
  "name": "Joadana and Aby complexe",
  "address": "Rue du Magasin de l'Etat, Port-au-Prince, Haiti",
  "phone": "",
  "country-code": "HT",
  "country": "Haiti"
 },
 {
  "id": 264,
  "name": "Original Departement Store",
  "address": "Rte de Frere, Port-au-Prince, Haiti",
  "phone": "+50939211017",
  "country-code": "HT",
  "country": "Haiti"
 },
 {
  "id": 265,
  "name": "Ma Choubouloute",
  "address": "Rue Fragneau Ville, Port-au-Prince, Haiti",
  "phone": "",
  "country-code": "HT",
  "country": "Haiti"
 },
 {
  "id": 266,
  "name": "Catou Store",
  "address": "Port-au-Prince, Haiti",
  "phone": "+50946340609",
  "country-code": "HT",
  "country": "Haiti"
 },
 {
  "id": 267,
  "name": "Starlens Shopping Design",
  "address": "Port-au-Prince, Haiti",
  "phone": "",
  "country-code": "HT",
  "country": "Haiti"
 },
 {
  "id": 268,
  "name": "SOLAR TRK",
  "address": "RN #8, Port-au-Prince, Haiti",
  "phone": "+50947358422",
  "country-code": "HT",
  "country": "Haiti"
 },
 {
  "id": 269,
  "name": "Meliex Store (Deals509)",
  "address": "Port-au-Prince, Haiti",
  "phone": "",
  "country-code": "HT",
  "country": "Haiti"
 },
 {
  "id": 270,
  "name": "Nes Store",
  "address": "71 Autoroute de Delmas, Port-au-Prince 6120, Haiti",
  "phone": "",
  "country-code": "HT",
  "country": "Haiti"
 },
 {
  "id": 271,
  "name": "Dady Express One Stop Shopping",
  "address": "105 Faubert, Port-au-Prince, Haiti",
  "phone": "+50925107947",
  "country-code": "HT",
  "country": "Haiti"
 },
 {
  "id": 272,
  "name": "Ann HT",
  "address": "Port-au-Prince, Haiti",
  "phone": "",
  "country-code": "HT",
  "country": "Haiti"
 },
 {
  "id": 273,
  "name": "Pentura Shop Duco",
  "address": "Ave Lamartiniere, Port-au-Prince, Haiti",
  "phone": "",
  "country-code": "HT",
  "country": "Haiti"
 },
 {
  "id": 274,
  "name": "Thrift Store",
  "address": "Port-au-Prince, Haiti",
  "phone": "",
  "country-code": "HT",
  "country": "Haiti"
 },
 {
  "id": 275,
  "name": "Berthony Depot",
  "address": "2, puit blain 38, Port-au-Prince 6120, Haiti",
  "phone": "+50944301747",
  "country-code": "HT",
  "country": "Haiti"
 },
 {
  "id": 276,
  "name": "Tikado",
  "address": "Port-au-Prince, Haiti",
  "phone": "",
  "country-code": "HT",
  "country": "Haiti"
 },
 {
  "id": 277,
  "name": "E-DEPOT",
  "address": "Port-au-Prince, Haiti",
  "phone": "",
  "country-code": "HT",
  "country": "Haiti"
 },
 {
  "id": 278,
  "name": "Dody's Collection",
  "address": "Port-au-Prince, Haiti",
  "phone": "",
  "country-code": "HT",
  "country": "Haiti"
 },
 {
  "id": 279,
  "name": "Trivago",
  "address": "Port-au-Prince, Haiti",
  "phone": "+50934796629",
  "country-code": "HT",
  "country": "Haiti"
 },
 {
  "id": 280,
  "name": "Electro Store",
  "address": "Port-au-Prince, Haiti",
  "phone": "+50948250914",
  "country-code": "HT",
  "country": "Haiti"
 },
 {
  "id": 281,
  "name": "Dieu Devan Tout Shop",
  "address": "Port-au-Prince, Haiti",
  "phone": "",
  "country-code": "HT",
  "country": "Haiti"
 },
 {
  "id": 282,
  "name": "Messager Delivrance Shop",
  "address": "Rte de Delmas, Port-au-Prince, Haiti",
  "phone": "+50925111113",
  "country-code": "HT",
  "country": "Haiti"
 },
 {
  "id": 283,
  "name": "A Dieu Soit La Gloire Shop",
  "address": "524 Boulevard Jean-Jacques Dessalines, Port-au-Prince, Haiti",
  "phone": "",
  "country-code": "HT",
  "country": "Haiti"
 },
 {
  "id": 284,
  "name": "Decejour Shop Tailleur",
  "address": "67 Autoroute de Delmas, Port-au-Prince 6120, Haiti",
  "phone": "",
  "country-code": "HT",
  "country": "Haiti"
 },
 {
  "id": 285,
  "name": "IMPERATRICE LURICKA SHOP ONLINE",
  "address": "MAIRIE, # 3 RUE DE LA, Port-au-Prince, Haiti",
  "phone": "",
  "country-code": "HT",
  "country": "Haiti"
 },
 {
  "id": 286,
  "name": "Maison des Cadeaux",
  "address": "NET2000 Centre Commercial, 144 Rue Joseph Janvier, Port-au-Prince, Haiti",
  "phone": "+50934770024",
  "country-code": "HT",
  "country": "Haiti"
 },
 {
  "id": 287,
  "name": "Meliex Store",
  "address": "Port-au-Prince, Haiti",
  "phone": "",
  "country-code": "HT",
  "country": "Haiti"
 },
 {
  "id": 288,
  "name": "Choucoune Plaza",
  "address": "Rte de Freres, Port-au-Prince, Haiti",
  "phone": "+50946167676",
  "country-code": "HT",
  "country": "Haiti"
 },
 {
  "id": 289,
  "name": "Quality Store - QS",
  "address": "Port-au-Prince, Haiti",
  "phone": "",
  "country-code": "HT",
  "country": "Haiti"
 },
 {
  "id": 290,
  "name": "MINISTAR Market",
  "address": "Rue Saint Louis Jeanty, Port-au-Prince, Haiti",
  "phone": "+50932202978",
  "country-code": "HT",
  "country": "Haiti"
 },
 {
  "id": 291,
  "name": "BJJ Trading Center",
  "address": "Imp Moise, Port-au-Prince, Haiti",
  "phone": "+50930000000",
  "country-code": "HT",
  "country": "Haiti"
 },
 {
  "id": 292,
  "name": "ELLA INC.",
  "address": "Port-au-Prince, Haiti",
  "phone": "+50928160990",
  "country-code": "HT",
  "country": "Haiti"
 },
 {
  "id": 293,
  "name": "Willy Fashion ( Styliste)",
  "address": "RN #1, Port-au-Prince, Haiti",
  "phone": "",
  "country-code": "HT",
  "country": "Haiti"
 },
 {
  "id": 294,
  "name": "Gaspard technologie",
  "address": "Port-au-Prince, Haiti",
  "phone": "",
  "country-code": "HT",
  "country": "Haiti"
 },
 {
  "id": 295,
  "name": "Maison Henri Deschamps, Magasin Central",
  "address": "Rue Louverture, Port-au-Prince, Haiti",
  "phone": "+50941888585",
  "country-code": "HT",
  "country": "Haiti"
 },
 {
  "id": 296,
  "name": "Telisa et Co",
  "address": "Port-au-Prince, Haiti",
  "phone": "",
  "country-code": "HT",
  "country": "Haiti"
 },
 {
  "id": 297,
  "name": "TRES SAGE BARBERSHOP",
  "address": "Angle Ave. H et Ch. Sumner, Port-au-Prince, Haiti",
  "phone": "",
  "country-code": "HT",
  "country": "Haiti"
 },
 {
  "id": 298,
  "name": "Petion Ville Christ Store",
  "address": "60, Port-au-Prince, Haiti",
  "phone": "+50925127689",
  "country-code": "HT",
  "country": "Haiti"
 },
 {
  "id": 299,
  "name": "National Pantheon Museum",
  "address": "Rue Carbone, Port-au-Prince, Haiti",
  "phone": "",
  "country-code": "HT",
  "country": "Haiti"
 },
 {
  "id": 300,
  "name": "Champ de Mars",
  "address": "Port-au-Prince, Haiti",
  "phone": "+50931394343",
  "country-code": "HT",
  "country": "Haiti"
 },
 {
  "id": 301,
  "name": "Sainte Anne Church",
  "address": "10 Ave M.Ambroise, Port-au-Prince, Haiti",
  "phone": "",
  "country-code": "HT",
  "country": "Haiti"
 },
 {
  "id": 302,
  "name": "In Martissant Park",
  "address": "Carrefour, Haiti",
  "phone": "+50928131488",
  "country-code": "HT",
  "country": "Haiti"
 },
 {
  "id": 303,
  "name": "Place Saint-Pierre",
  "address": "Rue de Chilli, Port-au-Prince, Haiti",
  "phone": "+50934277797",
  "country-code": "HT",
  "country": "Haiti"
 },
 {
  "id": 304,
  "name": "Globe Unity Sculpture",
  "address": "Av. de la République, Port-au-Prince, Haiti",
  "phone": "+50934174435",
  "country-code": "HT",
  "country": "Haiti"
 },
 {
  "id": 305,
  "name": "El-Saieh Gallery",
  "address": "Boulevard Jean-Jacques Dessalines, Port-au-Prince, Haiti",
  "phone": "+50940329619",
  "country-code": "HT",
  "country": "Haiti"
 },
 {
  "id": 306,
  "name": "Square Of The Unknown Marron",
  "address": "Port-au-Prince, Haiti",
  "phone": "",
  "country-code": "HT",
  "country": "Haiti"
 },
 {
  "id": 307,
  "name": "Tombeau de Dessalines",
  "address": "Rue Pavee, Port-au-Prince, Haiti",
  "phone": "",
  "country-code": "HT",
  "country": "Haiti"
 },
 {
  "id": 308,
  "name": "Fort Jacques et Fort Alexandre",
  "address": "Fort Jacques, Haiti",
  "phone": "+50948465147",
  "country-code": "HT",
  "country": "Haiti"
 },
 {
  "id": 309,
  "name": "Maison Dufort",
  "address": "Port-au-Prince, Haiti",
  "phone": "+50937011150",
  "country-code": "HT",
  "country": "Haiti"
 },
 {
  "id": 310,
  "name": "Caribe Tours",
  "address": "14 Impasse Garnier, Port-au-Prince, Haiti",
  "phone": "",
  "country-code": "HT",
  "country": "Haiti"
 },
 {
  "id": 311,
  "name": "Pont Rouge",
  "address": "Port-au-Prince, Haiti",
  "phone": "+50931010204",
  "country-code": "HT",
  "country": "Haiti"
 },
 {
  "id": 312,
  "name": "Laferriere Citadel",
  "address": "Rue Cassagnol Prolonge, Port-au-Prince, Haiti",
  "phone": "+50928170369",
  "country-code": "HT",
  "country": "Haiti"
 },
 {
  "id": 313,
  "name": "La Visite National Park",
  "address": "Port-au-Prince, Haiti",
  "phone": "+50934035353",
  "country-code": "HT",
  "country": "Haiti"
 },
 {
  "id": 314,
  "name": "Plaza Hugo Chávez",
  "address": "20, Rue 18, Cap-Haïtien, Haiti",
  "phone": "",
  "country-code": "HT",
  "country": "Haiti"
 },
 {
  "id": 315,
  "name": "Atis Rezistans",
  "address": "Bas de vertiere rue Gabart, Cap-Haitien, Haiti",
  "phone": "",
  "country-code": "HT",
  "country": "Haiti"
 },
 {
  "id": 316,
  "name": "Sans-Soucis Palace",
  "address": "16- F-H Rue 18, Rue 18, Cap-Haïtien, Haiti",
  "phone": "+50944634017",
  "country-code": "HT",
  "country": "Haiti"
 },
 {
  "id": 317,
  "name": "Port of Prince Haiti",
  "address": "Port-au-prince Nazon Port-au-prince HT, 6110, Haiti",
  "phone": "",
  "country-code": "HT",
  "country": "Haiti"
 },
 {
  "id": 318,
  "name": "Expressions Art Gallery",
  "address": "Port-au-Prince, Haiti",
  "phone": "+50931383254",
  "country-code": "HT",
  "country": "Haiti"
 },
 {
  "id": 319,
  "name": "Port-au-Prince",
  "address": "9 Rue du Cosquer #11C, Delmas 6122, Haiti",
  "phone": "+50937141447",
  "country-code": "HT",
  "country": "Haiti"
 },
 {
  "id": 320,
  "name": "Jacmel Arts Center (Sant D'A Jakmel)",
  "address": "Port-a-Piment, Haiti",
  "phone": "+50936382292",
  "country-code": "HT",
  "country": "Haiti"
 },
 {
  "id": 321,
  "name": "Jose Marti Square",
  "address": "Route Nationale 1 Km77 Moulin Sur Mer, Montrouis, Haiti",
  "phone": "+50928111918",
  "country-code": "HT",
  "country": "Haiti"
 },
 {
  "id": 322,
  "name": "Jean-Jacques Dessalines Statue",
  "address": "Cap-Haitien, Haiti",
  "phone": "",
  "country-code": "HT",
  "country": "Haiti"
 },
 {
  "id": 323,
  "name": "Musée Ogier-Fombrun",
  "address": "Cap-Haitien, Haiti",
  "phone": "",
  "country-code": "HT",
  "country": "Haiti"
 },
 {
  "id": 324,
  "name": "Port-au-Prince Taxi \u0026 Tours",
  "address": "97 #5A, Kenscoff, Haiti",
  "phone": "+50942423333",
  "country-code": "HT",
  "country": "Haiti"
 },
 {
  "id": 325,
  "name": "Saut-Mathurine",
  "address": "25 Rue Pinchinat, Port-au-Prince, Haiti",
  "phone": "",
  "country-code": "HT",
  "country": "Haiti"
 },
 {
  "id": 326,
  "name": "Circuit 9 Haiti",
  "address": "5-7 Rue Sainte Anne, Jacmel, Haiti",
  "phone": "+50944802130",
  "country-code": "HT",
  "country": "Haiti"
 },
 {
  "id": 327,
  "name": "Galerie d'Art Nader",
  "address": "Milot, Haiti",
  "phone": "",
  "country-code": "HT",
  "country": "Haiti"
 },
 {
  "id": 328,
  "name": "Port-au-prince",
  "address": "Nan Cofi, Haiti",
  "phone": "+50938674024",
  "country-code": "HT",
  "country": "Haiti"
 },
 {
  "id": 329,
  "name": "Cathédrale Notre-Dame du Cap-Haitien",
  "address": "Port-au-Prince, Haiti",
  "phone": "+50948450997",
  "country-code": "HT",
  "country": "Haiti"
 },
 {
  "id": 330,
  "name": "L'Observatoire de Boutillier",
  "address": "Boulevard Jean-Jacques Dessalines, Port-au-Prince, Haiti",
  "phone": "",
  "country-code": "HT",
  "country": "Haiti"
 },
 {
  "id": 331,
  "name": "Port-au-Prince",
  "address": "Gabart, Petion-Ville, Haiti",
  "phone": "+50947220082",
  "country-code": "HT",
  "country": "Haiti"
 },
 {
  "id": 332,
  "name": "Juvenat",
  "address": "9 2eme Rue du Travail, Port-au-Prince, Haiti",
  "phone": "+50928131694",
  "country-code": "HT",
  "country": "Haiti"
 },
 {
  "id": 333,
  "name": "Heroes Monument of Vertières",
  "address": "Jacmel, Haiti",
  "phone": "",
  "country-code": "HT",
  "country": "Haiti"
 },
 {
  "id": 334,
  "name": "Cayes Botanical Garden",
  "address": "Vaseux, Haiti",
  "phone": "+50934284386",
  "country-code": "HT",
  "country": "Haiti"
 },
 {
  "id": 335,
  "name": "Cafe at Papillon",
  "address": "Route Nationale No 2 Les Cayes, 8110, Haiti",
  "phone": "+50943092809",
  "country-code": "HT",
  "country": "Haiti"
 },
 {
  "id": 336,
  "name": "Cathedral Square",
  "address": "Port-au-Prince, Haiti",
  "phone": "",
  "country-code": "HT",
  "country": "Haiti"
 },
 {
  "id": 337,
  "name": "Iron Market",
  "address": "55 Metellus, Port-au-Prince, Haiti",
  "phone": "+50937130522",
  "country-code": "HT",
  "country": "Haiti"
 },
 {
  "id": 338,
  "name": "Asu Rooftop Lounge",
  "address": "50 Rue Gregoire, Pétion-Ville, Haiti",
  "phone": "+50937090222",
  "country-code": "HT",
  "country": "Haiti"
 },
 {
  "id": 339,
  "name": "Hyatt House Denver Tech Center",
  "address": "26 Mahotiere 77, Carrefour, Haiti",
  "phone": "+50941699898",
  "country-code": "HT",
  "country": "Haiti"
 },
 {
  "id": 340,
  "name": "Comfort Suites Highlands Ranch Denver Tech Center Area",
  "address": "Carrefour, Haiti",
  "phone": "+50936305856",
  "country-code": "HT",
  "country": "Haiti"
 }
]