[
 {
  "id": 1,
  "name": "City Stay Maseru",
  "address": "Hilton Rd, Maseru 100, Lesotho",
  "phone": "+26622243000",
  "country-code": "LS",
  "country": "Lesotho"
 },
 {
  "id": 2,
  "name": "RIO GUEST HOUSE LS",
  "address": "344 Taung Rd, Maseru, Lesotho",
  "phone": "+26658866632",
  "country-code": "LS",
  "country": "Lesotho"
 },
 {
  "id": 3,
  "name": "Avani Lesotho Hotel \u0026 Casino",
  "address": "770 Manong Rd, Maseru, Lesotho",
  "phone": "+26622317700",
  "country-code": "LS",
  "country": "Lesotho"
 },
 {
  "id": 4,
  "name": "Noble Hearts Bed \u0026 Breakfast",
  "address": "New Parliament Rd, Maseru, Lesotho",
  "phone": "+26653305920",
  "country-code": "LS",
  "country": "Lesotho"
 },
 {
  "id": 5,
  "name": "Black Swan Guesthouse",
  "address": "Lower Thetsane, 791 Senqunyane St, Maseru 100, Lesotho",
  "phone": "+26658883454",
  "country-code": "LS",
  "country": "Lesotho"
 },
 {
  "id": 6,
  "name": "GREENLAKE GUESTHOUSE",
  "address": "New Parliament Rd, Maseru, Lesotho",
  "phone": "+26653305920",
  "country-code": "LS",
  "country": "Lesotho"
 },
 {
  "id": 7,
  "name": "Scenery Guest House Maqalika",
  "address": "Linakeng, Maseru, Lesotho",
  "phone": "+26653807041",
  "country-code": "LS",
  "country": "Lesotho"
 },
 {
  "id": 8,
  "name": "Avani Maseru Hotel",
  "address": "12 Orpen Rd, Maseru, Lesotho",
  "phone": "+26622243000",
  "country-code": "LS",
  "country": "Lesotho"
 },
 {
  "id": 9,
  "name": "Reitumetse Guest House",
  "address": "Nazareth, Lesotho",
  "phone": "",
  "country-code": "LS",
  "country": "Lesotho"
 },
 {
  "id": 10,
  "name": "Foothills Guesthouse",
  "address": "Mantsebo, Lesotho",
  "phone": "+26650920881",
  "country-code": "LS",
  "country": "Lesotho"
 },
 {
  "id": 11,
  "name": "Mohalalitoe Bed and Breakfast",
  "address": "Maseru, Lesotho",
  "phone": "+26662853523",
  "country-code": "LS",
  "country": "Lesotho"
 },
 {
  "id": 12,
  "name": "Road Stay",
  "address": "12 Thabure Street, Maseru 100, Lesotho",
  "phone": "",
  "country-code": "LS",
  "country": "Lesotho"
 },
 {
  "id": 13,
  "name": "Tribute Guest House Matala",
  "address": "Maseru, Lesotho",
  "phone": "+26622315926",
  "country-code": "LS",
  "country": "Lesotho"
 },
 {
  "id": 14,
  "name": "RIO GUEST HOUSE LS",
  "address": "Unnamed Road, Foso, Lesotho",
  "phone": "+26662050012",
  "country-code": "LS",
  "country": "Lesotho"
 },
 {
  "id": 15,
  "name": "Lion Rock View Guesthouse",
  "address": "Maseru, Lesotho",
  "phone": "+27824935862",
  "country-code": "LS",
  "country": "Lesotho"
 },
 {
  "id": 16,
  "name": "Horizon View Guest House",
  "address": "100 Naleli-Sekamaneng Rd, Foso 100, Lesotho",
  "phone": "+26662000117",
  "country-code": "LS",
  "country": "Lesotho"
 },
 {
  "id": 17,
  "name": "Joy Guest House",
  "address": "Maseru, Lesotho",
  "phone": "+26662777999",
  "country-code": "LS",
  "country": "Lesotho"
 },
 {
  "id": 18,
  "name": "Mpilo Boutique Hotel",
  "address": "Sehlabeng sa thuathe, Berea Hills 100, Lesotho",
  "phone": "+26650489517",
  "country-code": "LS",
  "country": "Lesotho"
 },
 {
  "id": 19,
  "name": "Maluti Stay",
  "address": "Thetsane West, Maseru 100, Lesotho",
  "phone": "+26650265047",
  "country-code": "LS",
  "country": "Lesotho"
 },
 {
  "id": 20,
  "name": "ONESI Guest House",
  "address": "Teyateyaneng, Lesotho",
  "phone": "+26662818283",
  "country-code": "LS",
  "country": "Lesotho"
 },
 {
  "id": 21,
  "name": "Kubung Guest House",
  "address": "Nazareth, Ntsi, Lesotho",
  "phone": "+26622347766",
  "country-code": "LS",
  "country": "Lesotho"
 },
 {
  "id": 22,
  "name": "Phomolo Guest House",
  "address": "Unnamed Road, Roma, Lesotho",
  "phone": "+26658870077",
  "country-code": "LS",
  "country": "Lesotho"
 },
 {
  "id": 23,
  "name": "Maluti Stay",
  "address": "36 Mabelebele St, Maseru, Lesotho",
  "phone": "+26662812740",
  "country-code": "LS",
  "country": "Lesotho"
 },
 {
  "id": 24,
  "name": "Joy Guest House",
  "address": "florida no 577 next to Jehovas Witnesses Hoohlo, Maseru 100, Lesotho",
  "phone": "+26658883764",
  "country-code": "LS",
  "country": "Lesotho"
 },
 {
  "id": 25,
  "name": "The Palace Hotel",
  "address": "Pope John Paul II Road, Maseru Pope John Paul II Road Maseru LS, Pope John Paul II Rd, Maseru, Lesotho",
  "phone": "+26656902049",
  "country-code": "LS",
  "country": "Lesotho"
 },
 {
  "id": 26,
  "name": "Lancer's Inn Hotel Maseru",
  "address": "Ha Mabote, Main North 1 Road, Maseru, Lesotho",
  "phone": "+26628332317",
  "country-code": "LS",
  "country": "Lesotho"
 },
 {
  "id": 27,
  "name": "Blue Mountain Inn",
  "address": "Naleli Maseru, 100, Lesotho",
  "phone": "+26662161616",
  "country-code": "LS",
  "country": "Lesotho"
 },
 {
  "id": 28,
  "name": "Lapeng Ha Mamosa",
  "address": "33 100, Tjobolo St, Maseru, Lesotho",
  "phone": "+26628328871",
  "country-code": "LS",
  "country": "Lesotho"
 },
 {
  "id": 29,
  "name": "Hotel Victoria",
  "address": "Sea Point, Maseru 100, Lesotho",
  "phone": "+26659999600",
  "country-code": "LS",
  "country": "Lesotho"
 },
 {
  "id": 30,
  "name": "Mohokare Guest House",
  "address": "Ha Basiane, Roma, Maseru District, Roma 180, Lesotho",
  "phone": "+26650245001",
  "country-code": "LS",
  "country": "Lesotho"
 },
 {
  "id": 31,
  "name": "Thaba Bosiu Cultural Village",
  "address": "Maseru, Lesotho",
  "phone": "+26622313646",
  "country-code": "LS",
  "country": "Lesotho"
 },
 {
  "id": 32,
  "name": "THE CLAN GUEST HOUSE",
  "address": "Maseru, Lesotho",
  "phone": "+27724472866",
  "country-code": "LS",
  "country": "Lesotho"
 },
 {
  "id": 33,
  "name": "Mmelesi Lodge",
  "address": "NTTC Area, Maseru, Lesotho",
  "phone": "+26622315271",
  "country-code": "LS",
  "country": "Lesotho"
 },
 {
  "id": 34,
  "name": "Mohahlaula Boutique Guesthouse",
  "address": "Maseru, Lesotho",
  "phone": "+26662559600",
  "country-code": "LS",
  "country": "Lesotho"
 },
 {
  "id": 35,
  "name": "Shoeshoe Gardens",
  "address": "Maseru, Lesotho",
  "phone": "+26650985223",
  "country-code": "LS",
  "country": "Lesotho"
 },
 {
  "id": 36,
  "name": "Lakeview guesthouse",
  "address": "Ha Abia Road, Matala, Off, Main South 1 Rd, Maseru, Lesotho",
  "phone": "+26628351979",
  "country-code": "LS",
  "country": "Lesotho"
 },
 {
  "id": 37,
  "name": "Maliba Lodge",
  "address": "Orpen Rd, Maseru, Lesotho",
  "phone": "+26662314661",
  "country-code": "LS",
  "country": "Lesotho"
 },
 {
  "id": 38,
  "name": "Denver Echo: Executive Guest House \u0026 Wellness Facility",
  "address": "Behind Setsoto Stadium Maseru LS, Maseru, Lesotho",
  "phone": "+26653807042",
  "country-code": "LS",
  "country": "Lesotho"
 },
 {
  "id": 39,
  "name": "Khali Hotel",
  "address": "Main South 1 Rd, Bokatis Store, Lesotho",
  "phone": "+26662004000",
  "country-code": "LS",
  "country": "Lesotho"
 },
 {
  "id": 40,
  "name": "San Antonio",
  "address": "Maseru, Lesotho",
  "phone": "+26622326326",
  "country-code": "LS",
  "country": "Lesotho"
 },
 {
  "id": 41,
  "name": "Botleng Guest House",
  "address": "Maqalika Airport Road, Maseru 100, Lesotho",
  "phone": "+26622336606",
  "country-code": "LS",
  "country": "Lesotho"
 },
 {
  "id": 42,
  "name": "Rethabile House",
  "address": "Thaba Bosiu Rd, Maseru, Lesotho",
  "phone": "+26652501115",
  "country-code": "LS",
  "country": "Lesotho"
 },
 {
  "id": 43,
  "name": "Cyaara Guest House",
  "address": "No.498, Pope John Paul II Rd, Maseru, Lesotho",
  "phone": "+26622324190",
  "country-code": "LS",
  "country": "Lesotho"
 },
 {
  "id": 44,
  "name": "Karona Guest HOuse \u0026 Lodge",
  "address": "Qalabane Street, Maseru, Lesotho",
  "phone": "+26622315019",
  "country-code": "LS",
  "country": "Lesotho"
 },
 {
  "id": 45,
  "name": "Lakeside Hotel",
  "address": "Motloang, Lesotho",
  "phone": "+26627021962",
  "country-code": "LS",
  "country": "Lesotho"
 },
 {
  "id": 46,
  "name": "Phokeng Bed and Breakfast",
  "address": "Foso, Lesotho",
  "phone": "+26622332008",
  "country-code": "LS",
  "country": "Lesotho"
 },
 {
  "id": 47,
  "name": "Roma Trading Post Lodge",
  "address": "Moshoeshoe Rd, Maseru, Lesotho",
  "phone": "+26622324215",
  "country-code": "LS",
  "country": "Lesotho"
 },
 {
  "id": 48,
  "name": "Haven of Peace Bed and Breakfast",
  "address": "260 Pioneer Rd, Maseru, Lesotho",
  "phone": "+26622314442",
  "country-code": "LS",
  "country": "Lesotho"
 },
 {
  "id": 49,
  "name": "Blue Crane Guesthouse",
  "address": "Maseru, Lesotho",
  "phone": "+26628320707",
  "country-code": "LS",
  "country": "Lesotho"
 },
 {
  "id": 50,
  "name": "Joy Guest House Ls",
  "address": "Ts'oeneng Ha Letsie, Maseru 100, Lesotho",
  "phone": "",
  "country-code": "LS",
  "country": "Lesotho"
 },
 {
  "id": 51,
  "name": "Boikhutsong Bed and Breakfast",
  "address": "Kingsway Maseru LS 100, 100 Kingsway, Maseru, Lesotho",
  "phone": "+26622313687",
  "country-code": "LS",
  "country": "Lesotho"
 },
 {
  "id": 52,
  "name": "Global Guest House",
  "address": "Box 7, Teyateyaneng 200, Lesotho",
  "phone": "+26622500362",
  "country-code": "LS",
  "country": "Lesotho"
 },
 {
  "id": 53,
  "name": "Florida bed n breakfast Solutionz",
  "address": "Molemane Rd, Teyateyaneng 200, Lesotho",
  "phone": "+26622501638",
  "country-code": "LS",
  "country": "Lesotho"
 },
 {
  "id": 54,
  "name": "Hillside Cottage Guest House",
  "address": "Road \u0026 Kingsway Central Private Bag A 216, Pioneer corner, Maseru 100, Lesotho",
  "phone": "+26622312114",
  "country-code": "LS",
  "country": "Lesotho"
 },
 {
  "id": 55,
  "name": "Seilatsatsi B\u0026B",
  "address": "5, Maluti Stay Lodge, Ramabanta 5, Maseru 100, Lesotho",
  "phone": "+26650895429",
  "country-code": "LS",
  "country": "Lesotho"
 },
 {
  "id": 56,
  "name": "My Kasi Home BnB",
  "address": "Main South 1 Rd Maseru (29°22'30.2\"S 27°32'53.0\"E, Main South 1 Rd, Lesotho",
  "phone": "1292230227325301",
  "country-code": "LS",
  "country": "Lesotho"
 },
 {
  "id": 57,
  "name": "Molengoane Lodge",
  "address": "Unnamed Road, Makhalanyane, Lesotho",
  "phone": "+26652500113",
  "country-code": "LS",
  "country": "Lesotho"
 },
 {
  "id": 58,
  "name": "Da Villa Guest House",
  "address": "5, Maluti Stay Lodge, Ramabanta 5, Maseru 100, Lesotho",
  "phone": "+26650895429",
  "country-code": "LS",
  "country": "Lesotho"
 },
 {
  "id": 59,
  "name": "Harmony Bed and Breakfast",
  "address": "Maseru, Lesotho",
  "phone": "+26659149296",
  "country-code": "LS",
  "country": "Lesotho"
 },
 {
  "id": 60,
  "name": "The Stone Guest House",
  "address": "Naleli-Sekamaneng Rd, Foso, Lesotho",
  "phone": "+26653229429",
  "country-code": "LS",
  "country": "Lesotho"
 },
 {
  "id": 61,
  "name": "The Village Guest House",
  "address": "Maluti Rd, Maseru, Lesotho",
  "phone": "+26652203000",
  "country-code": "LS",
  "country": "Lesotho"
 },
 {
  "id": 62,
  "name": "The Nest Guest House",
  "address": "Unnamed Road, Maseru, Lesotho",
  "phone": "+26658740728",
  "country-code": "LS",
  "country": "Lesotho"
 },
 {
  "id": 63,
  "name": "Village Court Guest House",
  "address": "S 029° 22.412, E 27° 32.862, Lesotho",
  "phone": "029224122732862",
  "country-code": "LS",
  "country": "Lesotho"
 },
 {
  "id": 64,
  "name": "Village Court Guest House",
  "address": "105 Naleli-Sekamaneng Rd, Foso, Lesotho",
  "phone": "+26628333046",
  "country-code": "LS",
  "country": "Lesotho"
 },
 {
  "id": 65,
  "name": "MDR B\u0026B",
  "address": "426 Matlaka Rd, Maseru, Lesotho",
  "phone": "+26622323176",
  "country-code": "LS",
  "country": "Lesotho"
 },
 {
  "id": 66,
  "name": "lodge",
  "address": "121 Maluti Rd, Maseru, Lesotho",
  "phone": "+26658706566",
  "country-code": "LS",
  "country": "Lesotho"
 },
 {
  "id": 67,
  "name": "No.7 Restaurant",
  "address": "Shop 14, Maseru Mall, Maseru 100, Lesotho",
  "phone": "+26662757555",
  "country-code": "LS",
  "country": "Lesotho"
 },
 {
  "id": 68,
  "name": "Nada",
  "address": "Moshoeshoe Rd, Maseru, Lesotho",
  "phone": "+26622326838",
  "country-code": "LS",
  "country": "Lesotho"
 },
 {
  "id": 69,
  "name": "The Market",
  "address": "Maseru, Lesotho",
  "phone": "+26622325498",
  "country-code": "LS",
  "country": "Lesotho"
 },
 {
  "id": 70,
  "name": "Monte Carlo Restaurant",
  "address": "Maseru, Lesotho",
  "phone": "+26659042775",
  "country-code": "LS",
  "country": "Lesotho"
 },
 {
  "id": 71,
  "name": "The Deck",
  "address": "Mabekebeke St, Maseru, Lesotho",
  "phone": "+26652505501",
  "country-code": "LS",
  "country": "Lesotho"
 },
 {
  "id": 72,
  "name": "Cappello",
  "address": "Maseru, Lesotho",
  "phone": "+26659571470",
  "country-code": "LS",
  "country": "Lesotho"
 },
 {
  "id": 73,
  "name": "N'Jays Restaurant",
  "address": "Orpen Rd, Maseru, Lesotho",
  "phone": "+26622315892",
  "country-code": "LS",
  "country": "Lesotho"
 },
 {
  "id": 74,
  "name": "Galito's Maseru Station",
  "address": "Moshoeshoe Rd Maseru, 100, Lesotho",
  "phone": "+26622327464",
  "country-code": "LS",
  "country": "Lesotho"
 },
 {
  "id": 75,
  "name": "Delarosa Restaurant",
  "address": "Kingsway, Foso, Lesotho",
  "phone": "",
  "country-code": "LS",
  "country": "Lesotho"
 },
 {
  "id": 76,
  "name": "Kingdom Lounge",
  "address": "Bakubung, Lesotho",
  "phone": "+26659679167",
  "country-code": "LS",
  "country": "Lesotho"
 },
 {
  "id": 77,
  "name": "San Antonio Restaurant",
  "address": "100 Kingsway, Maseru, Lesotho",
  "phone": "",
  "country-code": "LS",
  "country": "Lesotho"
 },
 {
  "id": 78,
  "name": "Trucha Restaurant",
  "address": "Maseru, Lesotho",
  "phone": "+26628331766",
  "country-code": "LS",
  "country": "Lesotho"
 },
 {
  "id": 79,
  "name": "Asian Corner",
  "address": "Foso, Lesotho",
  "phone": "+26658817436",
  "country-code": "LS",
  "country": "Lesotho"
 },
 {
  "id": 80,
  "name": "Nala Cafe",
  "address": "Moshoeshoe Rd, Foso, Lesotho",
  "phone": "+26657320524",
  "country-code": "LS",
  "country": "Lesotho"
 },
 {
  "id": 81,
  "name": "Mama Rich Cafe \u0026 Restaurant",
  "address": "Foso, Lesotho",
  "phone": "+26663125558",
  "country-code": "LS",
  "country": "Lesotho"
 },
 {
  "id": 82,
  "name": "Big 6 Meat \u0026 Chill",
  "address": "Lesotho Sun Rd, Maseru, Lesotho",
  "phone": "",
  "country-code": "LS",
  "country": "Lesotho"
 },
 {
  "id": 83,
  "name": "Wimpy",
  "address": "Moshoeshoe Road, Sefika Shopping, Centre, Moshoeshoe Rd, Foso, Lesotho",
  "phone": "+26657044379",
  "country-code": "LS",
  "country": "Lesotho"
 },
 {
  "id": 84,
  "name": "Captain DoRegos Maseru Cathedral",
  "address": "Naleli-Sekamaneng Rd, Foso, Lesotho",
  "phone": "+26656431743",
  "country-code": "LS",
  "country": "Lesotho"
 },
 {
  "id": 85,
  "name": "KFC",
  "address": "Foso, Lesotho",
  "phone": "+26659492323",
  "country-code": "LS",
  "country": "Lesotho"
 },
 {
  "id": 86,
  "name": "Peace Restaurant和平饭店",
  "address": "Maseru, Lesotho",
  "phone": "+26650985223",
  "country-code": "LS",
  "country": "Lesotho"
 },
 {
  "id": 87,
  "name": "Bon-Appetite",
  "address": "Masianokeng Lifestyle Centre, Main South 1 Rd, Maseru, Lesotho",
  "phone": "+26656194147",
  "country-code": "LS",
  "country": "Lesotho"
 },
 {
  "id": 88,
  "name": "Mammas Chicken",
  "address": "286, 100 Pioneer Rd, Maseru, Lesotho",
  "phone": "+26622329912",
  "country-code": "LS",
  "country": "Lesotho"
 },
 {
  "id": 89,
  "name": "Carnivore ltd",
  "address": "Maseru, Lesotho",
  "phone": "+26622316951",
  "country-code": "LS",
  "country": "Lesotho"
 },
 {
  "id": 90,
  "name": "jimmy fish \u0026 chips",
  "address": "Foso, Lesotho",
  "phone": "+26628335820",
  "country-code": "LS",
  "country": "Lesotho"
 },
 {
  "id": 91,
  "name": "Domino's Pizza Maseru (Closed)",
  "address": "Taoana Center, Pela Mokorotlong, Kingsway, Maseru 100, Lesotho",
  "phone": "+26659756160",
  "country-code": "LS",
  "country": "Lesotho"
 },
 {
  "id": 92,
  "name": "DESI DERA halal restaurant",
  "address": "Kingsway, Maseru, Lesotho",
  "phone": "",
  "country-code": "LS",
  "country": "Lesotho"
 },
 {
  "id": 93,
  "name": "Times Kitchen",
  "address": "Lekhaloaneng, Maseru 100, Lesotho",
  "phone": "+26658153413",
  "country-code": "LS",
  "country": "Lesotho"
 },
 {
  "id": 94,
  "name": "Captain DoRegos Kingsway Road",
  "address": "Maseru, Lesotho",
  "phone": "+26658910099",
  "country-code": "LS",
  "country": "Lesotho"
 },
 {
  "id": 95,
  "name": "Studio151",
  "address": "NRH Shopping Centre, Shop 14, Kingsway, Maseru 149, Lesotho",
  "phone": "+26622323388",
  "country-code": "LS",
  "country": "Lesotho"
 },
 {
  "id": 96,
  "name": "Cloud Cafe",
  "address": "Khoisan Rd, Maseru, Lesotho",
  "phone": "+26657432829",
  "country-code": "LS",
  "country": "Lesotho"
 },
 {
  "id": 97,
  "name": "Barcelos Pioneer Mall",
  "address": "MFMR+PF6 NRH Centre, Kingsway, Maseru, Lesotho",
  "phone": "",
  "country-code": "LS",
  "country": "Lesotho"
 },
 {
  "id": 98,
  "name": "Mandefu Chill \u0026 Grill",
  "address": "Maseru, Lesotho",
  "phone": "",
  "country-code": "LS",
  "country": "Lesotho"
 },
 {
  "id": 99,
  "name": "Victory Centre",
  "address": "Maseru, Lesotho",
  "phone": "+26622316380",
  "country-code": "LS",
  "country": "Lesotho"
 },
 {
  "id": 100,
  "name": "Onedot Joint",
  "address": "Maseru, Lesotho",
  "phone": "+26662444448",
  "country-code": "LS",
  "country": "Lesotho"
 },
 {
  "id": 101,
  "name": "Artisan Lesotho",
  "address": "Qiloane Shopping Complex, Naledi, Maseru, Foso, Lesotho",
  "phone": "+26659052688",
  "country-code": "LS",
  "country": "Lesotho"
 },
 {
  "id": 102,
  "name": "caffè dolce",
  "address": "Main North 1 Rd, Maseru, Lesotho",
  "phone": "+26622325496",
  "country-code": "LS",
  "country": "Lesotho"
 },
 {
  "id": 103,
  "name": "Liphzo salon",
  "address": "Khubetsoana, Maseru, Lesotho",
  "phone": "",
  "country-code": "LS",
  "country": "Lesotho"
 },
 {
  "id": 104,
  "name": "Phoenix Kota and Fast Foods",
  "address": "Koffi Annan Rd, Maseru, Lesotho",
  "phone": "",
  "country-code": "LS",
  "country": "Lesotho"
 },
 {
  "id": 105,
  "name": "Roman's Pizza Maseru",
  "address": "Corner of Kofi Annan \u0026 Thaba Bosu roads Thetsane Precinct Maseru, 100, Lesotho",
  "phone": "+26622311732",
  "country-code": "LS",
  "country": "Lesotho"
 },
 {
  "id": 106,
  "name": "Kay's Garden",
  "address": "Naledi Centre, Maseru, Lesotho",
  "phone": "+26659927717",
  "country-code": "LS",
  "country": "Lesotho"
 },
 {
  "id": 107,
  "name": "Gourmet-To-Go",
  "address": "SHOP 1, BERGERS BUILDING, Kingsway, Maseru, Lesotho",
  "phone": "+26657924786",
  "country-code": "LS",
  "country": "Lesotho"
 },
 {
  "id": 108,
  "name": "Steers",
  "address": "Naledi Centre, Naledi, Tsosane, Maseru, Lesotho",
  "phone": "+26622331642",
  "country-code": "LS",
  "country": "Lesotho"
 },
 {
  "id": 109,
  "name": "B and G family reatuaradry",
  "address": "Moshoeshoe Rd, Maseru, Lesotho",
  "phone": "",
  "country-code": "LS",
  "country": "Lesotho"
 },
 {
  "id": 110,
  "name": "KFC",
  "address": "Mpilo Boulevard and Pioneer Road, Shop No LG14 Pioneer Mall Corner, Maseru 149, Lesotho",
  "phone": "+26658853381",
  "country-code": "LS",
  "country": "Lesotho"
 },
 {
  "id": 111,
  "name": "Ba-oroa-tsatsi",
  "address": "2 Phamola Rd, Maseru, Lesotho",
  "phone": "",
  "country-code": "LS",
  "country": "Lesotho"
 },
 {
  "id": 112,
  "name": "Lerakong Simple Eats",
  "address": "1037, 100 Kingsway, Maseru, Lesotho",
  "phone": "",
  "country-code": "LS",
  "country": "Lesotho"
 },
 {
  "id": 113,
  "name": "Lancer's Inn Hotel Maseru",
  "address": "Maseru, Lesotho",
  "phone": "+26658811204",
  "country-code": "LS",
  "country": "Lesotho"
 },
 {
  "id": 114,
  "name": "Stewart's Lounge",
  "address": "Maseru Mall, Koffi Annan Rd, Maseru 100, Lesotho",
  "phone": "+26622310256",
  "country-code": "LS",
  "country": "Lesotho"
 },
 {
  "id": 115,
  "name": "Galito's Maseru Kingsway",
  "address": "Maseru, Lesotho",
  "phone": "+26658426838",
  "country-code": "LS",
  "country": "Lesotho"
 },
 {
  "id": 116,
  "name": "Tip top",
  "address": "Maseru, Lesotho",
  "phone": "",
  "country-code": "LS",
  "country": "Lesotho"
 },
 {
  "id": 117,
  "name": "Honchos Maseru",
  "address": "Mafafa Centre, Maseru 0100, South Africa",
  "phone": "+26656537564",
  "country-code": "LS",
  "country": "Lesotho"
 },
 {
  "id": 118,
  "name": "Kings \u0026 Queens Pizza",
  "address": "Maseru, Lesotho",
  "phone": "",
  "country-code": "LS",
  "country": "Lesotho"
 },
 {
  "id": 119,
  "name": "Ifo Grill \u0026 Fast Foods Restaurant",
  "address": "Maseru, Lesotho",
  "phone": "",
  "country-code": "LS",
  "country": "Lesotho"
 },
 {
  "id": 120,
  "name": "Tructa Et Carne",
  "address": "Maseru sefika, Maseru, Lesotho",
  "phone": "",
  "country-code": "LS",
  "country": "Lesotho"
 },
 {
  "id": 121,
  "name": "Dion",
  "address": "Pioneer Rd, Maseru, Lesotho",
  "phone": "",
  "country-code": "LS",
  "country": "Lesotho"
 },
 {
  "id": 122,
  "name": "Fafatsah Cafe 1803",
  "address": "103 Orpen Road, Old Europa, TRC, Lesotho",
  "phone": "+26656154835",
  "country-code": "LS",
  "country": "Lesotho"
 },
 {
  "id": 123,
  "name": "Nzee's Pizzeria",
  "address": "Road \u0026 Kingsway Central Private Bag A 216, Pioneer corner, Maseru 100, Lesotho",
  "phone": "+26622312114",
  "country-code": "LS",
  "country": "Lesotho"
 },
 {
  "id": 124,
  "name": "KFC Maseru Mall",
  "address": "Plot Number 12284-487, Moposo House Kingsway Steet Maseru Central, 100, Lesotho",
  "phone": "12284487100",
  "country-code": "LS",
  "country": "Lesotho"
 },
 {
  "id": 125,
  "name": "Kamran’s Takeaway",
  "address": "Pioneer Mall, Maseru, Lesotho",
  "phone": "+26622320322",
  "country-code": "LS",
  "country": "Lesotho"
 },
 {
  "id": 126,
  "name": "Debonairs Pizza",
  "address": "Qiloane St, Maseru 100, Lesotho",
  "phone": "+26663336980",
  "country-code": "LS",
  "country": "Lesotho"
 },
 {
  "id": 127,
  "name": "Captain Doregos",
  "address": "Maseru, Lesotho",
  "phone": "+26663857340",
  "country-code": "LS",
  "country": "Lesotho"
 },
 {
  "id": 128,
  "name": "Luthers Restaurants and Takeaways",
  "address": "Maseru, Lesotho",
  "phone": "+26657219610",
  "country-code": "LS",
  "country": "Lesotho"
 },
 {
  "id": 129,
  "name": "Good Chesa Nyama",
  "address": "Shop LG 15 Pioneer Mall Maseru Cnr Mpilo Boulevard \u0026, Pioneer Rd, Maseru 100, Lesotho",
  "phone": "+26658857264",
  "country-code": "LS",
  "country": "Lesotho"
 },
 {
  "id": 130,
  "name": "Komatsu Lifestyle",
  "address": "Maseru Hafoso, Maseru, Lesotho",
  "phone": "+26657748346",
  "country-code": "LS",
  "country": "Lesotho"
 },
 {
  "id": 131,
  "name": "KFC Thetsane",
  "address": "Shop 80, Maseru Mall, LS 105 Maseru, Lesotho",
  "phone": "+26622310464",
  "country-code": "LS",
  "country": "Lesotho"
 },
 {
  "id": 132,
  "name": "Captain DoRegos Naledi",
  "address": "Lithabaneng, Maseru, Lesotho",
  "phone": "+26668891448",
  "country-code": "LS",
  "country": "Lesotho"
 },
 {
  "id": 133,
  "name": "Envy Lounge",
  "address": "ha thetsane, 127 Maseru, 100, Lesotho",
  "phone": "+26658734920",
  "country-code": "LS",
  "country": "Lesotho"
 },
 {
  "id": 134,
  "name": "Molach pizza",
  "address": "Maseru, Lesotho",
  "phone": "+26659898186",
  "country-code": "LS",
  "country": "Lesotho"
 },
 {
  "id": 135,
  "name": "Chiefs Fast Foods",
  "address": "Maseru, Lesotho",
  "phone": "+26622320420",
  "country-code": "LS",
  "country": "Lesotho"
 },
 {
  "id": 136,
  "name": "Alpha Shopping",
  "address": "Unnamed Road, Maseru, Lesotho",
  "phone": "+26651496034",
  "country-code": "LS",
  "country": "Lesotho"
 },
 {
  "id": 137,
  "name": "Stadium Fast Foods Main North",
  "address": "Shop LG03, Pioneer Mall Maseru 100, Lesotho",
  "phone": "+26652500270",
  "country-code": "LS",
  "country": "Lesotho"
 },
 {
  "id": 138,
  "name": "Fish \u0026 Chips",
  "address": "Maseru, Lesotho",
  "phone": "+26662008766",
  "country-code": "LS",
  "country": "Lesotho"
 },
 {
  "id": 139,
  "name": "Hadies Braaiside \u0026 Carwash",
  "address": "Maseru, Lesotho",
  "phone": "+26662232212",
  "country-code": "LS",
  "country": "Lesotho"
 },
 {
  "id": 140,
  "name": "Cristal Food Catering (RN_Vendor)",
  "address": "Moshoeshoe Rd, Maseru, Lesotho",
  "phone": "",
  "country-code": "LS",
  "country": "Lesotho"
 },
 {
  "id": 141,
  "name": "Sandton mphodumo off sales",
  "address": "cnr majara and airport road, Maseru, Lesotho",
  "phone": "",
  "country-code": "LS",
  "country": "Lesotho"
 },
 {
  "id": 142,
  "name": "MNM offsales and Lounge",
  "address": "Border Post, Kingsway Road, Maseru, Lesotho",
  "phone": "+26628323298",
  "country-code": "LS",
  "country": "Lesotho"
 },
 {
  "id": 143,
  "name": "Debonairs Pizza",
  "address": "Moshoeshoe Rd, Maseru, Lesotho",
  "phone": "",
  "country-code": "LS",
  "country": "Lesotho"
 },
 {
  "id": 144,
  "name": "The Snack Bite",
  "address": "Maseru,Mall, Maseru , Lesotho, Lesotho",
  "phone": "+26622311005",
  "country-code": "LS",
  "country": "Lesotho"
 },
 {
  "id": 145,
  "name": "Sakisi's Chesa Nama",
  "address": "100 Moshoeshoe Rd, Maseru, Lesotho",
  "phone": "+26657888893",
  "country-code": "LS",
  "country": "Lesotho"
 },
 {
  "id": 146,
  "name": "KFC Bus Stop",
  "address": "Moshoeshoe Rd, Station Off Sales, Maseru 100, Lesotho",
  "phone": "+26622314481",
  "country-code": "LS",
  "country": "Lesotho"
 },
 {
  "id": 147,
  "name": "KFC NRH",
  "address": "200 Constitution Rd, Maseru, Lesotho",
  "phone": "+26664905294",
  "country-code": "LS",
  "country": "Lesotho"
 },
 {
  "id": 148,
  "name": "Honchos Flame Grilled Goodness",
  "address": "Maseru, Lesotho",
  "phone": "+26628315752",
  "country-code": "LS",
  "country": "Lesotho"
 },
 {
  "id": 149,
  "name": "Healthy By Choice",
  "address": "Moshoeshoe Rd, Maseru, Lesotho",
  "phone": "+26628314003",
  "country-code": "LS",
  "country": "Lesotho"
 },
 {
  "id": 150,
  "name": "Pizza Perfect | Lesotho",
  "address": "Kingsway Road, Hamafafa, Maseru, Lesotho",
  "phone": "+26622323786",
  "country-code": "LS",
  "country": "Lesotho"
 },
 {
  "id": 151,
  "name": "Highlands Trout Fish Market",
  "address": "Maseru, Lesotho",
  "phone": "+26657605077",
  "country-code": "LS",
  "country": "Lesotho"
 },
 {
  "id": 152,
  "name": "Karona Guest HOuse \u0026 Lodge",
  "address": "Patsa Building, Cathedral, Maseru Main North, First Avenue, Maseru, Lesotho",
  "phone": "+26622325883",
  "country-code": "LS",
  "country": "Lesotho"
 },
 {
  "id": 153,
  "name": "Stadium Fast Foods Kingsway",
  "address": "Pioneer Mall, Shop UG47, Maseru 149, Lesotho",
  "phone": "+26622325666",
  "country-code": "LS",
  "country": "Lesotho"
 },
 {
  "id": 154,
  "name": "Ha Thetsane",
  "address": "Maseru, Lesotho",
  "phone": "",
  "country-code": "LS",
  "country": "Lesotho"
 },
 {
  "id": 155,
  "name": "Leifo Bar",
  "address": "Maseru, Lesotho",
  "phone": "+26663061881",
  "country-code": "LS",
  "country": "Lesotho"
 },
 {
  "id": 156,
  "name": "El Legado",
  "address": "Lesotho Sun Rd, Maseru, Lesotho",
  "phone": "",
  "country-code": "LS",
  "country": "Lesotho"
 },
 {
  "id": 157,
  "name": "Spetzo's Pizza",
  "address": "Mall Car Park, Mabelebele St, Maseru, Lesotho",
  "phone": "+26658368404",
  "country-code": "LS",
  "country": "Lesotho"
 },
 {
  "id": 158,
  "name": "Backyard@Lynors",
  "address": "Pioneer Road Maseru, 100, Lesotho",
  "phone": "+26622314300",
  "country-code": "LS",
  "country": "Lesotho"
 },
 {
  "id": 159,
  "name": "Pioneer Mall Maseru",
  "address": "Tsenola, Maseru, Lesotho",
  "phone": "",
  "country-code": "LS",
  "country": "Lesotho"
 },
 {
  "id": 160,
  "name": "Maseru Mall",
  "address": "Upper Thamae Rd, Maseru, Lesotho",
  "phone": "",
  "country-code": "LS",
  "country": "Lesotho"
 },
 {
  "id": 161,
  "name": "Sefika Shopping Centre",
  "address": "Maseru, Lesotho",
  "phone": "",
  "country-code": "LS",
  "country": "Lesotho"
 },
 {
  "id": 162,
  "name": "Moletsane shopping center",
  "address": "Maseru, Lesotho",
  "phone": "+26622318221",
  "country-code": "LS",
  "country": "Lesotho"
 },
 {
  "id": 163,
  "name": "LNDC Shopping Centre",
  "address": "Kingsway, Maseru, Lesotho",
  "phone": "+26622322246",
  "country-code": "LS",
  "country": "Lesotho"
 },
 {
  "id": 164,
  "name": "Fairways Plaza",
  "address": "Maseru, Lesotho",
  "phone": "+26622310088",
  "country-code": "LS",
  "country": "Lesotho"
 },
 {
  "id": 165,
  "name": "Masianokeng Lifestyle Center",
  "address": "Metcash Complex, Kingsway, Maseru, Lesotho",
  "phone": "",
  "country-code": "LS",
  "country": "Lesotho"
 },
 {
  "id": 166,
  "name": "DarkPrint Studios",
  "address": "ShopRite, LNDC Center near, Maseru, Lesotho",
  "phone": "",
  "country-code": "LS",
  "country": "Lesotho"
 },
 {
  "id": 167,
  "name": "Lower Thamae Shopping Center",
  "address": "286 Pioneer Rd, Maseru 100, Lesotho",
  "phone": "+26658689450",
  "country-code": "LS",
  "country": "Lesotho"
 },
 {
  "id": 168,
  "name": "Exact - Pioneer Mall Maseru",
  "address": "Kingsway, Maseru 100, Lesotho",
  "phone": "+26622311031",
  "country-code": "LS",
  "country": "Lesotho"
 },
 {
  "id": 169,
  "name": "Garden Centre",
  "address": "Kofi Annan Rd Maseru Mall, Plot 1229-1135 Thetsane, Lesotho",
  "phone": "12291135",
  "country-code": "LS",
  "country": "Lesotho"
 },
 {
  "id": 170,
  "name": "Clicks Pharmacy Pioneer Mall",
  "address": "Pioneer Rd Shop 50, Pioneer Mall, Lesotho",
  "phone": "+26622329662",
  "country-code": "LS",
  "country": "Lesotho"
 },
 {
  "id": 171,
  "name": "PEP Maseru Masianokeng Lifestyle Centre",
  "address": "Masianokeng Lifestyle Centre, Main Road, Maseru 100, Lesotho",
  "phone": "+26627321022",
  "country-code": "LS",
  "country": "Lesotho"
 },
 {
  "id": 172,
  "name": "Maseru Book Centre",
  "address": "Unnamed Road, Maseru, Lesotho",
  "phone": "+26622316830",
  "country-code": "LS",
  "country": "Lesotho"
 },
 {
  "id": 173,
  "name": "Game Maseru",
  "address": "Pioneer Rd, Maseru, Lesotho",
  "phone": "+26622329323",
  "country-code": "LS",
  "country": "Lesotho"
 },
 {
  "id": 174,
  "name": "West Pack Lifestyle Maseru (Lesotho)",
  "address": "Kingsway, Maseru, Lesotho",
  "phone": "+26622322213",
  "country-code": "LS",
  "country": "Lesotho"
 },
 {
  "id": 175,
  "name": "Horizon View Guest House",
  "address": "Unnamed Road, Maseru, Lesotho",
  "phone": "+27872312036",
  "country-code": "LS",
  "country": "Lesotho"
 },
 {
  "id": 176,
  "name": "Kubung Guest House",
  "address": "Maseru, Lesotho",
  "phone": "",
  "country-code": "LS",
  "country": "Lesotho"
 },
 {
  "id": 177,
  "name": "The Lion Rock Mountain",
  "address": "Maseru, Lesotho",
  "phone": "",
  "country-code": "LS",
  "country": "Lesotho"
 },
 {
  "id": 178,
  "name": "Basotho Hat",
  "address": "Maseru, Lesotho",
  "phone": "",
  "country-code": "LS",
  "country": "Lesotho"
 },
 {
  "id": 179,
  "name": "Nexx square",
  "address": "Naleli-Sekamaneng Rd, Foso, Lesotho",
  "phone": "+26653229429",
  "country-code": "LS",
  "country": "Lesotho"
 },
 {
  "id": 180,
  "name": "Maseru Downtown Park",
  "address": "Maseru, Lesotho",
  "phone": "+26628321422",
  "country-code": "LS",
  "country": "Lesotho"
 },
 {
  "id": 181,
  "name": "Banesa Gardens",
  "address": "Motloang, Lesotho",
  "phone": "+26627021962",
  "country-code": "LS",
  "country": "Lesotho"
 },
 {
  "id": 182,
  "name": "Live Lesotho",
  "address": "Maseru, Lesotho",
  "phone": "+26658881944",
  "country-code": "LS",
  "country": "Lesotho"
 },
 {
  "id": 183,
  "name": "Maqalika Dam",
  "address": "Maseru, Lesotho",
  "phone": "+26622312238",
  "country-code": "LS",
  "country": "Lesotho"
 },
 {
  "id": 184,
  "name": "Maseru Mall",
  "address": "Maseru, Lesotho",
  "phone": "+26622232309",
  "country-code": "LS",
  "country": "Lesotho"
 },
 {
  "id": 185,
  "name": "Kome Caves",
  "address": "Metolong, Lesotho",
  "phone": "",
  "country-code": "LS",
  "country": "Lesotho"
 },
 {
  "id": 186,
  "name": "Katse Dam Botanical Gardens \u0026 Nursery",
  "address": "On the R70 between Ficksburg and Rosendal, Ficksburg, 9730, South Africa",
  "phone": "+27519332220",
  "country-code": "LS",
  "country": "Lesotho"
 },
 {
  "id": 187,
  "name": "Setsoto Stadium",
  "address": "Malealea Village, Malealea, Lesotho",
  "phone": "+26658839646",
  "country-code": "LS",
  "country": "Lesotho"
 },
 {
  "id": 188,
  "name": "Liphofung Cave",
  "address": "Afriski Mountain Resort, 400, Lesotho",
  "phone": "+278612374754",
  "country-code": "LS",
  "country": "Lesotho"
 },
 {
  "id": 189,
  "name": "Likatola Horse Riding \u0026 Adventure",
  "address": "Maseru, Lesotho",
  "phone": "",
  "country-code": "LS",
  "country": "Lesotho"
 },
 {
  "id": 190,
  "name": "Qiloane falls",
  "address": "Bestervlei Valley, S-344 District Road, Fouriesburg, 9725, South Africa",
  "phone": "+27722892827",
  "country-code": "LS",
  "country": "Lesotho"
 },
 {
  "id": 191,
  "name": "Maseru",
  "address": "Road \u0026 Kingsway Central Private Bag A 216, Pioneer corner, Maseru 100, Lesotho",
  "phone": "+26622312114",
  "country-code": "LS",
  "country": "Lesotho"
 },
 {
  "id": 192,
  "name": "Titanic Rock",
  "address": "Windmill Centre, Main Street, Clarens, 9707, South Africa",
  "phone": "+27582561757",
  "country-code": "LS",
  "country": "Lesotho"
 },
 {
  "id": 193,
  "name": "Maluti Mountains",
  "address": "Qeme, Ha Teko, Maseru, Lesotho",
  "phone": "+26658772207",
  "country-code": "LS",
  "country": "Lesotho"
 },
 {
  "id": 194,
  "name": "Maseru",
  "address": "Masitise, Lesotho",
  "phone": "",
  "country-code": "LS",
  "country": "Lesotho"
 },
 {
  "id": 195,
  "name": "Likatola Horse Riding \u0026 Adventure",
  "address": "Maseru, Lesotho",
  "phone": "",
  "country-code": "LS",
  "country": "Lesotho"
 },
 {
  "id": 196,
  "name": "Thaba Bosiu",
  "address": "Maseru, Lesotho",
  "phone": "",
  "country-code": "LS",
  "country": "Lesotho"
 },
 {
  "id": 197,
  "name": "Semonkong",
  "address": "Qeme, Ha Teko, Maseru, Lesotho",
  "phone": "+26658772207",
  "country-code": "LS",
  "country": "Lesotho"
 },
 {
  "id": 198,
  "name": "Mountain Highland Retreat",
  "address": "Maseru, Lesotho",
  "phone": "",
  "country-code": "LS",
  "country": "Lesotho"
 },
 {
  "id": 199,
  "name": "Afriski Mountain Resort",
  "address": "Unnamed Road, Lesotho, Bokong, Lesotho",
  "phone": "+26622910315",
  "country-code": "LS",
  "country": "Lesotho"
 },
 {
  "id": 200,
  "name": "Malealea Lodge, Lesotho - Pony Trekking \u0026 MTB",
  "address": "286 Pioneer Rd, Maseru 100, Lesotho",
  "phone": "+26658689450",
  "country-code": "LS",
  "country": "Lesotho"
 },
 {
  "id": 201,
  "name": "Ha Baroana",
  "address": "Maseru, Lesotho",
  "phone": "+26622318221",
  "country-code": "LS",
  "country": "Lesotho"
 },
 {
  "id": 202,
  "name": "God Help Me Pass",
  "address": "Unnamed Road, Mateka, Lesotho",
  "phone": "+26658547673",
  "country-code": "LS",
  "country": "Lesotho"
 },
 {
  "id": 203,
  "name": "The Lehakoe Club and Gym",
  "address": "Unnamed Road, Lesotho, Malealea, Lesotho",
  "phone": "",
  "country-code": "LS",
  "country": "Lesotho"
 },
 {
  "id": 204,
  "name": "Moolmanshoek Private Game Reserve",
  "address": "Church street Box 12, Morija 190, Lesotho",
  "phone": "+26622360308",
  "country-code": "LS",
  "country": "Lesotho"
 },
 {
  "id": 205,
  "name": "Border Posts - Maseru Bridge",
  "address": "Khukhune, Lesotho",
  "phone": "+26622460723",
  "country-code": "LS",
  "country": "Lesotho"
 },
 {
  "id": 206,
  "name": "Blue Mountain Inn",
  "address": "5, Maluti Stay Lodge, Ramabanta 5, Maseru 100, Lesotho",
  "phone": "+26650895429",
  "country-code": "LS",
  "country": "Lesotho"
 },
 {
  "id": 207,
  "name": "Ka Pitseng Guest House",
  "address": "Teyateyaneng, Lesotho",
  "phone": "+26662818283",
  "country-code": "LS",
  "country": "Lesotho"
 },
 {
  "id": 208,
  "name": "RIO GUEST HOUSE LS",
  "address": "105 Naleli-Sekamaneng Rd, Foso, Lesotho",
  "phone": "+26628333046",
  "country-code": "LS",
  "country": "Lesotho"
 },
 {
  "id": 209,
  "name": "Maluti Stay Lodge",
  "address": "New Parliament Rd, Maseru, Lesotho",
  "phone": "+26653305920",
  "country-code": "LS",
  "country": "Lesotho"
 },
 {
  "id": 210,
  "name": "Maluti Stay",
  "address": "Box 7, Teyateyaneng 200, Lesotho",
  "phone": "+26622500362",
  "country-code": "LS",
  "country": "Lesotho"
 },
 {
  "id": 211,
  "name": "GREENLAKE GUESTHOUSE",
  "address": "Molemane Rd, Teyateyaneng 200, Lesotho",
  "phone": "+26622501638",
  "country-code": "LS",
  "country": "Lesotho"
 },
 {
  "id": 212,
  "name": "Horizon View Guest House",
  "address": "Sehlabeng sa thuathe, Berea Hills 100, Lesotho",
  "phone": "+26650489517",
  "country-code": "LS",
  "country": "Lesotho"
 },
 {
  "id": 213,
  "name": "Tribute Guest House Matala",
  "address": "12 Thabure Street, Maseru 100, Lesotho",
  "phone": "",
  "country-code": "LS",
  "country": "Lesotho"
 },
 {
  "id": 214,
  "name": "Maliba Lodge",
  "address": "Maseru, Lesotho",
  "phone": "+26622315926",
  "country-code": "LS",
  "country": "Lesotho"
 },
 {
  "id": 215,
  "name": "Zuikerkop",
  "address": "S 029° 22.412, E 27° 32.862, Lesotho",
  "phone": "029224122732862",
  "country-code": "LS",
  "country": "Lesotho"
 },
 {
  "id": 216,
  "name": "Hokahanya Inn \u0026 Conference Centre",
  "address": "Maseru, Lesotho",
  "phone": "+26628320707",
  "country-code": "LS",
  "country": "Lesotho"
 },
 {
  "id": 217,
  "name": "Village Court Guest House",
  "address": "Tandjiesberg Rd, Clocolan, 9735, South Africa",
  "phone": "+27833890587",
  "country-code": "LS",
  "country": "Lesotho"
 },
 {
  "id": 218,
  "name": "Seaba Restaurant",
  "address": "Moshoeshoe Road, Teyateyaneng, Lesotho",
  "phone": "+26628843684",
  "country-code": "LS",
  "country": "Lesotho"
 },
 {
  "id": 219,
  "name": "Biko's Pub \u0026 Grill Teyateyaneng",
  "address": "Teyateyaneng box 70, Teyateyaneng, Lesotho",
  "phone": "+26658035577",
  "country-code": "LS",
  "country": "Lesotho"
 },
 {
  "id": 220,
  "name": "King Deli Foods",
  "address": "Mofolo Street, Teyateyaneng, Lesotho",
  "phone": "",
  "country-code": "LS",
  "country": "Lesotho"
 },
 {
  "id": 221,
  "name": "Kome Catering",
  "address": "Ts'oeu ea Lithebe Street, Teyateyaneng, Lesotho",
  "phone": "",
  "country-code": "LS",
  "country": "Lesotho"
 },
 {
  "id": 222,
  "name": "Capital Catering",
  "address": "Teyateyaneng, Lesotho",
  "phone": "",
  "country-code": "LS",
  "country": "Lesotho"
 },
 {
  "id": 223,
  "name": "Koti Sphola Restaurant@R2",
  "address": "Teyateyaneng, Lesotho",
  "phone": "",
  "country-code": "LS",
  "country": "Lesotho"
 },
 {
  "id": 224,
  "name": "Papillon Fish And Chips",
  "address": "Main North 1 Rd, End Mofolo Street, Ha, Motjoka, Teyateyaneng, Australia",
  "phone": "+6163003455",
  "country-code": "LS",
  "country": "Lesotho"
 },
 {
  "id": 225,
  "name": "Tebang General Cafe",
  "address": "Teyateyaneng, Lesotho",
  "phone": "+26658840333",
  "country-code": "LS",
  "country": "Lesotho"
 },
 {
  "id": 226,
  "name": "Chiefs Fast Foods",
  "address": "Mofolo Road, Teyateyaneng, Lesotho",
  "phone": "+26622501355",
  "country-code": "LS",
  "country": "Lesotho"
 },
 {
  "id": 227,
  "name": "Good Times Valley",
  "address": "Teyateyaneng, Lesotho",
  "phone": "+26650770022",
  "country-code": "LS",
  "country": "Lesotho"
 },
 {
  "id": 228,
  "name": "Moletsane shopping center",
  "address": "Tsenola, Maseru, Lesotho",
  "phone": "",
  "country-code": "LS",
  "country": "Lesotho"
 },
 {
  "id": 229,
  "name": "Sefika Shopping Centre",
  "address": "Shop 1, Mofolo Centre, Main Road, Teyateyaneng 200, Lesotho",
  "phone": "+26622500435",
  "country-code": "LS",
  "country": "Lesotho"
 },
 {
  "id": 230,
  "name": "LNDC Shopping Centre",
  "address": "Maseru, Lesotho",
  "phone": "",
  "country-code": "LS",
  "country": "Lesotho"
 },
 {
  "id": 231,
  "name": "Masianokeng Lifestyle Center",
  "address": "ShopRite, LNDC Center near, Maseru, Lesotho",
  "phone": "",
  "country-code": "LS",
  "country": "Lesotho"
 },
 {
  "id": 232,
  "name": "Pioneer Mall Maseru",
  "address": "Metcash Complex, Kingsway, Maseru, Lesotho",
  "phone": "",
  "country-code": "LS",
  "country": "Lesotho"
 },
 {
  "id": 233,
  "name": "PEP Teyateyaneng Mofolo Centre",
  "address": "Maseru, Lesotho",
  "phone": "+26622318221",
  "country-code": "LS",
  "country": "Lesotho"
 },
 {
  "id": 234,
  "name": "Kingsway mall",
  "address": "Kingsway, Maseru, Lesotho",
  "phone": "",
  "country-code": "LS",
  "country": "Lesotho"
 },
 {
  "id": 235,
  "name": "NRH Mall",
  "address": "Unnamed 24Road, Hlotse, Lesotho",
  "phone": "+26658751277",
  "country-code": "LS",
  "country": "Lesotho"
 },
 {
  "id": 236,
  "name": "Maseru Mall",
  "address": "286 Pioneer Rd, Maseru 100, Lesotho",
  "phone": "+26658689450",
  "country-code": "LS",
  "country": "Lesotho"
 },
 {
  "id": 237,
  "name": "DarkPrint Studios",
  "address": "Masianokeng Lifestyle Centre, Main Road, Maseru 100, Lesotho",
  "phone": "+26627321022",
  "country-code": "LS",
  "country": "Lesotho"
 },
 {
  "id": 238,
  "name": "Fairways Plaza",
  "address": "Moshoeshoe Road, Teyateyaneng, Lesotho",
  "phone": "+26653061696",
  "country-code": "LS",
  "country": "Lesotho"
 },
 {
  "id": 239,
  "name": "Shopping Centre",
  "address": "Unnamed Road, Teyateyaneng, Lesotho",
  "phone": "+26652212368",
  "country-code": "LS",
  "country": "Lesotho"
 },
 {
  "id": 240,
  "name": "Lower Thamae Shopping Center",
  "address": "Pioneer Rd, Maseru, Lesotho",
  "phone": "+26622329323",
  "country-code": "LS",
  "country": "Lesotho"
 },
 {
  "id": 241,
  "name": "Lesotho Mountain Crafts",
  "address": "Teyateyaneng, Lesotho",
  "phone": "",
  "country-code": "LS",
  "country": "Lesotho"
 },
 {
  "id": 242,
  "name": "Dunns Teyateyaneng",
  "address": "Hlotse, Lesotho",
  "phone": "+26622400032",
  "country-code": "LS",
  "country": "Lesotho"
 },
 {
  "id": 243,
  "name": "Vodacom Centre",
  "address": "Teyateyaneng, Lesotho",
  "phone": "+27832553626",
  "country-code": "LS",
  "country": "Lesotho"
 },
 {
  "id": 244,
  "name": "HA MOTJOKA",
  "address": "Upper Thamae Rd, Maseru, Lesotho",
  "phone": "",
  "country-code": "LS",
  "country": "Lesotho"
 },
 {
  "id": 245,
  "name": "Exact - Pioneer Mall Maseru",
  "address": "Shop 3, Mofolo Centre, Main Road, Teyateyaneng 200, Lesotho",
  "phone": "+26622500430",
  "country-code": "LS",
  "country": "Lesotho"
 },
 {
  "id": 246,
  "name": "Leribe Craft Centre",
  "address": "Maseru, Lesotho",
  "phone": "+26622310088",
  "country-code": "LS",
  "country": "Lesotho"
 },
 {
  "id": 247,
  "name": "Destiny Computer Solutions",
  "address": "Meqheleng, Ficksburg, 9730, South Africa",
  "phone": "",
  "country-code": "LS",
  "country": "Lesotho"
 },
 {
  "id": 248,
  "name": "PEP Maseru Masianokeng Lifestyle Centre",
  "address": "Kingsway, Maseru, Lesotho",
  "phone": "+26622322246",
  "country-code": "LS",
  "country": "Lesotho"
 },
 {
  "id": 249,
  "name": "The Lion Rock Mountain",
  "address": "Unnamed Road, Lesotho, Malealea, Lesotho",
  "phone": "",
  "country-code": "LS",
  "country": "Lesotho"
 },
 {
  "id": 250,
  "name": "Teyateyaneng",
  "address": "Unnamed Road, Mateka, Lesotho",
  "phone": "+26658547673",
  "country-code": "LS",
  "country": "Lesotho"
 },
 {
  "id": 251,
  "name": "Kome Caves",
  "address": "Unnamed Road, Lesotho, Bokong, Lesotho",
  "phone": "+26622910315",
  "country-code": "LS",
  "country": "Lesotho"
 },
 {
  "id": 252,
  "name": "Liphofung Cave",
  "address": "Church street Box 12, Morija 190, Lesotho",
  "phone": "+26622360308",
  "country-code": "LS",
  "country": "Lesotho"
 },
 {
  "id": 253,
  "name": "Gates of Paradise Pass",
  "address": "Motloang, Lesotho",
  "phone": "+26627021962",
  "country-code": "LS",
  "country": "Lesotho"
 },
 {
  "id": 254,
  "name": "Katse Dam Botanical Gardens \u0026 Nursery",
  "address": "Khukhune, Lesotho",
  "phone": "+26622460723",
  "country-code": "LS",
  "country": "Lesotho"
 },
 {
  "id": 255,
  "name": "Morija Museum \u0026 Archives",
  "address": "Maseru, Lesotho",
  "phone": "+26622312238",
  "country-code": "LS",
  "country": "Lesotho"
 },
 {
  "id": 256,
  "name": "Leribe Dinosaur Footprints",
  "address": "Maseru, Lesotho",
  "phone": "",
  "country-code": "LS",
  "country": "Lesotho"
 },
 {
  "id": 257,
  "name": "Titanic Rock",
  "address": "P. Burgos St, Cebu City, Cebu, Philippines",
  "phone": "+63789456321",
  "country-code": "LS",
  "country": "Lesotho"
 },
 {
  "id": 258,
  "name": "Lesotho Mountain Crafts",
  "address": "1 Caledonspoort Road, Caledonspoort, Fouriesburg, 9725, South Africa",
  "phone": "+27582230274",
  "country-code": "LS",
  "country": "Lesotho"
 },
 {
  "id": 259,
  "name": "Free State National Botanical Garden",
  "address": "531 Sias Oosthuizen St, Clarens, 9707, South Africa",
  "phone": "+27582561260",
  "country-code": "LS",
  "country": "Lesotho"
 },
 {
  "id": 260,
  "name": "The Stone Guest House",
  "address": "Die Lande farm, Fouriesburg, 9725, South Africa",
  "phone": "+27848384110",
  "country-code": "LS",
  "country": "Lesotho"
 },
 {
  "id": 261,
  "name": "Boyden Observatory",
  "address": "R712, Clarens, 9707, South Africa",
  "phone": "+27718309998",
  "country-code": "LS",
  "country": "Lesotho"
 },
 {
  "id": 262,
  "name": "National Museum Bloemfontein",
  "address": "R70, Ficksburg, 9730, South Africa",
  "phone": "+27822131299",
  "country-code": "LS",
  "country": "Lesotho"
 },
 {
  "id": 263,
  "name": "Ha Baroana",
  "address": "2-22 Delville Dr, Naval Hill, Bloemfontein, 9305, South Africa",
  "phone": "",
  "country-code": "LS",
  "country": "Lesotho"
 },
 {
  "id": 264,
  "name": "Berea",
  "address": "Die Lande farm, Fouriesburg, 9725, South Africa",
  "phone": "+27848384110",
  "country-code": "LS",
  "country": "Lesotho"
 },
 {
  "id": 265,
  "name": "Meiringskloof Nature Park",
  "address": "R712, Clarens, 9707, South Africa",
  "phone": "+27718309998",
  "country-code": "LS",
  "country": "Lesotho"
 },
 {
  "id": 266,
  "name": "Clarens kloof dam",
  "address": "1 Caledonspoort Road, Caledonspoort, Fouriesburg, 9725, South Africa",
  "phone": "+27582230274",
  "country-code": "LS",
  "country": "Lesotho"
 },
 {
  "id": 267,
  "name": "Bagamoya Wildlife Estate",
  "address": "531 Sias Oosthuizen St, Clarens, 9707, South Africa",
  "phone": "+27582561260",
  "country-code": "LS",
  "country": "Lesotho"
 },
 {
  "id": 268,
  "name": "De Molen Farm",
  "address": "2-22 Delville Dr, Naval Hill, Bloemfontein, 9305, South Africa",
  "phone": "",
  "country-code": "LS",
  "country": "Lesotho"
 },
 {
  "id": 269,
  "name": "Mountain Highland Retreat",
  "address": "R70, Ficksburg, 9730, South Africa",
  "phone": "+27822131299",
  "country-code": "LS",
  "country": "Lesotho"
 },
 {
  "id": 270,
  "name": "Malealea Lodge, Lesotho - Pony Trekking \u0026 MTB",
  "address": "R712, Golden Gate Highlands National Park, South Africa",
  "phone": "",
  "country-code": "LS",
  "country": "Lesotho"
 },
 {
  "id": 271,
  "name": "Clarens Village Conservancy",
  "address": "8 President Brand St, Bloemfontein Central, Bloemfontein, 9301, South Africa",
  "phone": "",
  "country-code": "LS",
  "country": "Lesotho"
 },
 {
  "id": 272,
  "name": "South African Armour Museum",
  "address": "Clarens, 9707, South Africa",
  "phone": "",
  "country-code": "LS",
  "country": "Lesotho"
 },
 {
  "id": 273,
  "name": "Addy \u0026 Hoyle Art Gallery",
  "address": "23 Voortekker St, Ficksburg, 9736, South Africa",
  "phone": "",
  "country-code": "LS",
  "country": "Lesotho"
 },
 {
  "id": 274,
  "name": "Die Nasionale Vrouemonument",
  "address": "5 President Brand St, Bloemfontein Central, Bloemfontein, 9301, South Africa",
  "phone": "+27514058470",
  "country-code": "LS",
  "country": "Lesotho"
 },
 {
  "id": 275,
  "name": "Major Bell's Tower",
  "address": "Joachem, van Bruggen steet, Langenhoven Park, Bloemfontein, 9301, South Africa",
  "phone": "+27849191676",
  "country-code": "LS",
  "country": "Lesotho"
 },
 {
  "id": 276,
  "name": "Kings Park Rose Garden",
  "address": "Berg St, Clarens, 9707, South Africa",
  "phone": "",
  "country-code": "LS",
  "country": "Lesotho"
 },
 {
  "id": 277,
  "name": "Thaba Bosiu",
  "address": "R26, KOMMISSIEPORT Off, Hospitaal Street, Kommissiepoort, Ladybrand, 9745, South Africa",
  "phone": "+27519245831",
  "country-code": "LS",
  "country": "Lesotho"
 },
 {
  "id": 278,
  "name": "Butha Buthe",
  "address": "Hlotse, Lesotho",
  "phone": "",
  "country-code": "LS",
  "country": "Lesotho"
 },
 {
  "id": 279,
  "name": "Motloang",
  "address": "Maseru, Lesotho",
  "phone": "",
  "country-code": "LS",
  "country": "Lesotho"
 },
 {
  "id": 280,
  "name": "Eingedi Retreat",
  "address": "Naval Hill, Bloemfontein, 9301, South Africa",
  "phone": "+27514019751",
  "country-code": "LS",
  "country": "Lesotho"
 },
 {
  "id": 281,
  "name": "Hlotse",
  "address": "Att Horak St, Willows, Bloemfontein, 9301, South Africa",
  "phone": "+27717756386",
  "country-code": "LS",
  "country": "Lesotho"
 },
 {
  "id": 282,
  "name": "Hertzog Square",
  "address": "Golden Gate Highlands National Park, R712, Clarens, 9701, South Africa",
  "phone": "+27680624947",
  "country-code": "LS",
  "country": "Lesotho"
 },
 {
  "id": 283,
  "name": "Clarens townsquare",
  "address": "Naval Hill, Bloemfontein, 9301, South Africa",
  "phone": "",
  "country-code": "LS",
  "country": "Lesotho"
 },
 {
  "id": 284,
  "name": "Langenhoven Mark / Market",
  "address": "Tempe Military Base, Bloemfontein, 9301, South Africa",
  "phone": "+27514021777",
  "country-code": "LS",
  "country": "Lesotho"
 },
 {
  "id": 285,
  "name": "Butha-Buthe",
  "address": "Malealea Village, Malealea, Lesotho",
  "phone": "+26658839646",
  "country-code": "LS",
  "country": "Lesotho"
 },
 {
  "id": 286,
  "name": "Bloemfontein City Hall",
  "address": "277 Main St, Clarens, 9707, South Africa",
  "phone": "+27582561875",
  "country-code": "LS",
  "country": "Lesotho"
 },
 {
  "id": 287,
  "name": "Maseru",
  "address": "95 St Georges St, Bloemfontein Central, Bloemfontein, 9301, South Africa",
  "phone": "+27514479609",
  "country-code": "LS",
  "country": "Lesotho"
 },
 {
  "id": 288,
  "name": "Gen Jan Fick Museum",
  "address": "14 Louw Wepener Straat, Dan Pienaar, Bloemfontein, 9301, South Africa",
  "phone": "+27658238730",
  "country-code": "LS",
  "country": "Lesotho"
 },
 {
  "id": 289,
  "name": "Uithoek Natuurpark Fouriesburg",
  "address": "1 Hill St, Clarens, South Africa",
  "phone": "",
  "country-code": "LS",
  "country": "Lesotho"
 },
 {
  "id": 290,
  "name": "Clocolan",
  "address": "R70, Rosendal, 9720, South Africa",
  "phone": "+27829018799",
  "country-code": "LS",
  "country": "Lesotho"
 },
 {
  "id": 291,
  "name": "Naval Hill Nature Reserve",
  "address": "Merriam Makeba St, Bloemfontein Central, Bloemfontein, 9301, South Africa",
  "phone": "+27514054711",
  "country-code": "LS",
  "country": "Lesotho"
 },
 {
  "id": 292,
  "name": "Malealea",
  "address": "Maselspoort, 9360, South Africa",
  "phone": "+27824977550",
  "country-code": "LS",
  "country": "Lesotho"
 },
 {
  "id": 293,
  "name": "Wyndford Holiday Farm",
  "address": "16 Harry Smith St, Dan Pienaar, Bloemfontein, 9301, South Africa",
  "phone": "+27510110525",
  "country-code": "LS",
  "country": "Lesotho"
 },
 {
  "id": 294,
  "name": "Affi lande boetiek guestfarm , beer garden \u0026 grill, wedding venue",
  "address": "Metolong, Lesotho",
  "phone": "",
  "country-code": "LS",
  "country": "Lesotho"
 },
 {
  "id": 295,
  "name": "Roma",
  "address": "Teyateyaneng, Lesotho",
  "phone": "+26663891801",
  "country-code": "LS",
  "country": "Lesotho"
 },
 {
  "id": 296,
  "name": "Bokong",
  "address": "25 Monument Rd, Generaal De Wet, Bloemfontein, 9301, South Africa",
  "phone": "+27514473447",
  "country-code": "LS",
  "country": "Lesotho"
 },
 {
  "id": 297,
  "name": "Naval Hill Nature Reserve",
  "address": "Teyateyaneng, Lesotho",
  "phone": "+26662818283",
  "country-code": "LS",
  "country": "Lesotho"
 },
 {
  "id": 298,
  "name": "Golden Gate Highlands National Park",
  "address": "Windmill Centre, Main Street, Clarens, 9707, South Africa",
  "phone": "+27582561757",
  "country-code": "LS",
  "country": "Lesotho"
 },
 {
  "id": 299,
  "name": "Malealea",
  "address": "Teyateyaneng, Lesotho",
  "phone": "+27832553626",
  "country-code": "LS",
  "country": "Lesotho"
 },
 {
  "id": 300,
  "name": "Clarens Xtreme Adventure Company",
  "address": "Bestervlei Valley, S-344 District Road, Fouriesburg, 9725, South Africa",
  "phone": "+27722892827",
  "country-code": "LS",
  "country": "Lesotho"
 },
 {
  "id": 301,
  "name": "BusStop \u0026 Bergwoning Guest Farm",
  "address": "Rayton Rd, Dan Pienaar, Bloemfontein, 9310, South Africa",
  "phone": "+27514363530",
  "country-code": "LS",
  "country": "Lesotho"
 },
 {
  "id": 302,
  "name": "Affi lande boetiek guestfarm , beer garden \u0026 grill, wedding venue",
  "address": "Unnamed Road, Mateka, Lesotho",
  "phone": "+26658835143",
  "country-code": "LS",
  "country": "Lesotho"
 },
 {
  "id": 303,
  "name": "Modderpoort",
  "address": "36 Aliwal St, Bloemfontein Central, Bloemfontein, 9301, South Africa",
  "phone": "+27514479609",
  "country-code": "LS",
  "country": "Lesotho"
 },
 {
  "id": 304,
  "name": "Fouriesburg",
  "address": "Maseru, Lesotho",
  "phone": "+26628321422",
  "country-code": "LS",
  "country": "Lesotho"
 },
 {
  "id": 305,
  "name": "Hobhouse",
  "address": "Box 7, Teyateyaneng 200, Lesotho",
  "phone": "+26622500362",
  "country-code": "LS",
  "country": "Lesotho"
 },
 {
  "id": 306,
  "name": "Magellan's Cross",
  "address": "Clarens, 9707, South Africa",
  "phone": "+27582551000",
  "country-code": "LS",
  "country": "Lesotho"
 },
 {
  "id": 307,
  "name": "Ladybrand",
  "address": "Hlotse, Lesotho",
  "phone": "",
  "country-code": "LS",
  "country": "Lesotho"
 },
 {
  "id": 308,
  "name": "Bird Haven Guesthouse Leribe Lesotho",
  "address": "Sir Seretse Khama Rd, Maputsoe, Lesotho",
  "phone": "+26658066972",
  "country-code": "LS",
  "country": "Lesotho"
 },
 {
  "id": 309,
  "name": "Mountain View Hotel",
  "address": "Hlotse, Lesotho",
  "phone": "+26622400559",
  "country-code": "LS",
  "country": "Lesotho"
 },
 {
  "id": 310,
  "name": "Monokotsoaing Guest House",
  "address": "A1 LISEMENG II HLOTSE, 300, Lesotho",
  "phone": "+26658794938",
  "country-code": "LS",
  "country": "Lesotho"
 },
 {
  "id": 311,
  "name": "Malinakana Guest House",
  "address": "Hlotse, Lesotho",
  "phone": "+26628401886",
  "country-code": "LS",
  "country": "Lesotho"
 },
 {
  "id": 312,
  "name": "Hae Bed and Breakfast",
  "address": "A1 opposite Masjid Mosque, Hlotse, Lesotho",
  "phone": "+26659480814",
  "country-code": "LS",
  "country": "Lesotho"
 },
 {
  "id": 313,
  "name": "Green Apple Guest House",
  "address": "Lisemeng II, Hlotse, Lesotho",
  "phone": "+26657016886",
  "country-code": "LS",
  "country": "Lesotho"
 },
 {
  "id": 314,
  "name": "GREENLAKE GUESTHOUSE",
  "address": "A1, Butha Buthe, Lesotho",
  "phone": "+26668880666",
  "country-code": "LS",
  "country": "Lesotho"
 },
 {
  "id": 315,
  "name": "Naleli Guest House",
  "address": "Lisemeng Hlotse, (Opp air stip) Old Butha - Buthe Rd, Linare Road, Hlotse, Lesotho",
  "phone": "",
  "country-code": "LS",
  "country": "Lesotho"
 },
 {
  "id": 316,
  "name": "Nala Bed \u0026 Breakfast",
  "address": "Sebothoane, Hlotse 300, Lesotho",
  "phone": "+26628401769",
  "country-code": "LS",
  "country": "Lesotho"
 },
 {
  "id": 317,
  "name": "Empire Bed \u0026 Breakfast",
  "address": "Maseru, Lesotho",
  "phone": "+26628320707",
  "country-code": "LS",
  "country": "Lesotho"
 },
 {
  "id": 318,
  "name": "Aloes Guest House",
  "address": "Maputsoe, Lesotho",
  "phone": "+26653253495",
  "country-code": "LS",
  "country": "Lesotho"
 },
 {
  "id": 319,
  "name": "Crocodile Inn Hotel",
  "address": "Unnamed Road, Butha Buthe, Lesotho",
  "phone": "+26622460223",
  "country-code": "LS",
  "country": "Lesotho"
 },
 {
  "id": 320,
  "name": "Refiloe Guesthouse",
  "address": "Pitseng, Lesotho",
  "phone": "+26658065622",
  "country-code": "LS",
  "country": "Lesotho"
 },
 {
  "id": 321,
  "name": "Hokahanya Inn \u0026 Conference Centre",
  "address": "St Monicas, Hlotse, Lesotho",
  "phone": "+26657174242",
  "country-code": "LS",
  "country": "Lesotho"
 },
 {
  "id": 322,
  "name": "Leribe Fish \u0026 Chips",
  "address": "Hlotse, Lesotho",
  "phone": "",
  "country-code": "LS",
  "country": "Lesotho"
 },
 {
  "id": 323,
  "name": "kingdom hideout",
  "address": "Hlotse, Lesotho",
  "phone": "+26653234892",
  "country-code": "LS",
  "country": "Lesotho"
 },
 {
  "id": 324,
  "name": "Thotoane Restaurant",
  "address": "A25, Hlotse, Lesotho",
  "phone": "+26658825537",
  "country-code": "LS",
  "country": "Lesotho"
 },
 {
  "id": 325,
  "name": "Timberland carwash cocktail and lounge",
  "address": "Hlotse, Lesotho",
  "phone": "",
  "country-code": "LS",
  "country": "Lesotho"
 },
 {
  "id": 326,
  "name": "Bird Haven Guesthouse Leribe Lesotho",
  "address": "Hlotse, Lesotho",
  "phone": "+26659022179",
  "country-code": "LS",
  "country": "Lesotho"
 },
 {
  "id": 327,
  "name": "Cucina Fast Foods",
  "address": "Lisemeng II, Hlotse, Lesotho",
  "phone": "+26657016886",
  "country-code": "LS",
  "country": "Lesotho"
 },
 {
  "id": 328,
  "name": "Grab and Go",
  "address": "Hlotse, Lesotho",
  "phone": "",
  "country-code": "LS",
  "country": "Lesotho"
 },
 {
  "id": 329,
  "name": "Mossly Fast Foods",
  "address": "Hlotse, Lesotho",
  "phone": "",
  "country-code": "LS",
  "country": "Lesotho"
 },
 {
  "id": 330,
  "name": "Plush Café",
  "address": "Hlotse, Lesotho",
  "phone": "+27728375607",
  "country-code": "LS",
  "country": "Lesotho"
 },
 {
  "id": 331,
  "name": "Naleli Guest House",
  "address": "Hlotse, Lesotho",
  "phone": "+26622400559",
  "country-code": "LS",
  "country": "Lesotho"
 },
 {
  "id": 332,
  "name": "AAA Express",
  "address": "A1, Hlotse, Lesotho",
  "phone": "+26622401787",
  "country-code": "LS",
  "country": "Lesotho"
 },
 {
  "id": 333,
  "name": "Seasonal car wash and Restaurant",
  "address": "A25, Lesotho",
  "phone": "+26659151689",
  "country-code": "LS",
  "country": "Lesotho"
 },
 {
  "id": 334,
  "name": "Hot Desires Catering",
  "address": "Hlotse, Lesotho",
  "phone": "+26658922891",
  "country-code": "LS",
  "country": "Lesotho"
 },
 {
  "id": 335,
  "name": "Mountain View Hotel",
  "address": "A25, Hlotse, Lesotho",
  "phone": "",
  "country-code": "LS",
  "country": "Lesotho"
 },
 {
  "id": 336,
  "name": "Sekali Private Pub",
  "address": "Lisemeng Hlotse, (Opp air stip) Old Butha - Buthe Rd, Linare Road, Hlotse, Lesotho",
  "phone": "+26656048200",
  "country-code": "LS",
  "country": "Lesotho"
 },
 {
  "id": 337,
  "name": "Khanyane Mall of Leribe Lesotho",
  "address": "Unnamed 24Road, Hlotse, Lesotho",
  "phone": "+26658751277",
  "country-code": "LS",
  "country": "Lesotho"
 },
 {
  "id": 338,
  "name": "LIKILA SHOPPING MALL.",
  "address": "Butha Buthe, Lesotho",
  "phone": "+26663228692",
  "country-code": "LS",
  "country": "Lesotho"
 },
 {
  "id": 339,
  "name": "Leribe Craft Centre",
  "address": "Hlotse, Lesotho",
  "phone": "+26622400032",
  "country-code": "LS",
  "country": "Lesotho"
 },
 {
  "id": 340,
  "name": "Leribe Dinosaur Footprints",
  "address": "Hlotse, Lesotho",
  "phone": "",
  "country-code": "LS",
  "country": "Lesotho"
 },
 {
  "id": 341,
  "name": "Thaba Bosiu Cultural Village",
  "address": "Motloang, Lesotho",
  "phone": "+26627021962",
  "country-code": "LS",
  "country": "Lesotho"
 },
 {
  "id": 342,
  "name": "The Lion Rock Mountain",
  "address": "Unnamed Road, Lesotho, Malealea, Lesotho",
  "phone": "",
  "country-code": "LS",
  "country": "Lesotho"
 },
 {
  "id": 343,
  "name": "Mafika Lisiu Pass View Point",
  "address": "Khukhune, Lesotho",
  "phone": "+26622460723",
  "country-code": "LS",
  "country": "Lesotho"
 },
 {
  "id": 344,
  "name": "Major Bell's Tower",
  "address": "Unnamed Road, Mateka, Lesotho",
  "phone": "+26658547673",
  "country-code": "LS",
  "country": "Lesotho"
 },
 {
  "id": 345,
  "name": "Kome Caves",
  "address": "Maseru, Lesotho",
  "phone": "+26622312238",
  "country-code": "LS",
  "country": "Lesotho"
 },
 {
  "id": 346,
  "name": "Tugela Falls",
  "address": "Hlotse, Lesotho",
  "phone": "",
  "country-code": "LS",
  "country": "Lesotho"
 },
 {
  "id": 347,
  "name": "Gates of Paradise Pass",
  "address": "Royal Natal National Park, Gaints Castle Game Reserve, South Africa",
  "phone": "+27214241037",
  "country-code": "LS",
  "country": "Lesotho"
 },
 {
  "id": 348,
  "name": "Khanyane Mall of Leribe Lesotho",
  "address": "Sterkfontein Dam, Amanzi Amakhulu Estate, Harrismith, 9880, South Africa",
  "phone": "+27836400024",
  "country-code": "LS",
  "country": "Lesotho"
 },
 {
  "id": 349,
  "name": "Basotho Hat",
  "address": "1 Caledonspoort Road, Caledonspoort, Fouriesburg, 9725, South Africa",
  "phone": "+27582230274",
  "country-code": "LS",
  "country": "Lesotho"
 },
 {
  "id": 350,
  "name": "Basotho Cultural Village",
  "address": "R600 Champagne Valley, Winterton, Kwa-Zulu Natal, 3340, South Africa",
  "phone": "+27364681221",
  "country-code": "LS",
  "country": "Lesotho"
 },
 {
  "id": 351,
  "name": "Golden Gate Highlands National Park",
  "address": "Die Lande farm, Fouriesburg, 9725, South Africa",
  "phone": "+27848384110",
  "country-code": "LS",
  "country": "Lesotho"
 },
 {
  "id": 352,
  "name": "platberg eco park in harrismith",
  "address": "D117 Off r74, R74, Bergville, 3550, South Africa",
  "phone": "11774743550",
  "country-code": "LS",
  "country": "Lesotho"
 },
 {
  "id": 353,
  "name": "Leribe Craft Centre",
  "address": "R394 Cathedral Peak Hotel Ukhahlamba Drakensberg Park Cathedral Peak, 3340, South Africa",
  "phone": "+27364881888",
  "country-code": "LS",
  "country": "Lesotho"
 },
 {
  "id": 354,
  "name": "Khanyane Mall of Leribe Lesotho",
  "address": "R711 corner of Caledonspoort and Clarens crossing, Fouriesburg, 9725, South Africa",
  "phone": "+27845125030",
  "country-code": "LS",
  "country": "Lesotho"
 },
 {
  "id": 355,
  "name": "Leribe",
  "address": "District Road D119, End of D119, Northern Drakensberg, Bergville, 3350, South Africa",
  "phone": "1191193350",
  "country-code": "LS",
  "country": "Lesotho"
 },
 {
  "id": 356,
  "name": "Sentinel Car Park",
  "address": "Clarens, 9707, South Africa",
  "phone": "",
  "country-code": "LS",
  "country": "Lesotho"
 },
 {
  "id": 357,
  "name": "Clarens kloof dam",
  "address": "Teyateyaneng, Lesotho",
  "phone": "+27832553626",
  "country-code": "LS",
  "country": "Lesotho"
 },
 {
  "id": 358,
  "name": "Mountain Highland Retreat",
  "address": "Plot 346 Free State, South Africa District, Fouriesburg, 9725, South Africa",
  "phone": "+27664662106",
  "country-code": "LS",
  "country": "Lesotho"
 },
 {
  "id": 359,
  "name": "God Help Me Pass",
  "address": "End of R57, Phuthaditjhaba, 9870, South Africa",
  "phone": "+27587136361",
  "country-code": "LS",
  "country": "Lesotho"
 },
 {
  "id": 360,
  "name": "Sporekrans Hiking Trail",
  "address": "R712, Golden Gate Highlands National Park, South Africa",
  "phone": "",
  "country-code": "LS",
  "country": "Lesotho"
 },
 {
  "id": 361,
  "name": "Malealea Lodge, Lesotho - Pony Trekking \u0026 MTB",
  "address": "23 Voortekker St, Ficksburg, 9736, South Africa",
  "phone": "",
  "country-code": "LS",
  "country": "Lesotho"
 },
 {
  "id": 362,
  "name": "Chain Ladder Route",
  "address": "R70, Ficksburg, 9730, South Africa",
  "phone": "+27822131299",
  "country-code": "LS",
  "country": "Lesotho"
 },
 {
  "id": 363,
  "name": "Mike's Pass",
  "address": "Camelroc Guest Farm, The Poplars, Farm: 199, Caledonspoort, Fouriesburg, 9725, South Africa",
  "phone": "+27582230368",
  "country-code": "LS",
  "country": "Lesotho"
 },
 {
  "id": 364,
  "name": "Mountain View Hotel",
  "address": "Berg St, Clarens, 9707, South Africa",
  "phone": "",
  "country-code": "LS",
  "country": "Lesotho"
 },
 {
  "id": 365,
  "name": "Sentinel Peak Hike",
  "address": "Golden Gate Highlands National Park, R712, Clarens, 9701, South Africa",
  "phone": "+27680624947",
  "country-code": "LS",
  "country": "Lesotho"
 },
 {
  "id": 366,
  "name": "Clarens Waterfall",
  "address": "Unnamed Road, \u0026nbsp, Clarens, 9707, South Africa",
  "phone": "+27582561270",
  "country-code": "LS",
  "country": "Lesotho"
 },
 {
  "id": 367,
  "name": "Sterkfontein Dam Nature Reserve",
  "address": "R26, KOMMISSIEPORT Off, Hospitaal Street, Kommissiepoort, Ladybrand, 9745, South Africa",
  "phone": "+27519245831",
  "country-code": "LS",
  "country": "Lesotho"
 },
 {
  "id": 368,
  "name": "Leribe Airport",
  "address": "Unnamed Road, Harrismith, 9880, South Africa",
  "phone": "+27840163094",
  "country-code": "LS",
  "country": "Lesotho"
 },
 {
  "id": 369,
  "name": "Moolmanshoek Private Game Reserve",
  "address": "On the R70 between Ficksburg and Rosendal, Ficksburg, 9730, South Africa",
  "phone": "+27519332220",
  "country-code": "LS",
  "country": "Lesotho"
 },
 {
  "id": 370,
  "name": "Zulu Cave",
  "address": "Unnamed Road, Hlotse, Lesotho",
  "phone": "",
  "country-code": "LS",
  "country": "Lesotho"
 },
 {
  "id": 371,
  "name": "Phuthaditjhaba Park",
  "address": "Wostijn No. 2, Portion 10, Cathkin Park, 3340, South Africa",
  "phone": "+27734816331",
  "country-code": "LS",
  "country": "Lesotho"
 },
 {
  "id": 372,
  "name": "Harrismith Botanical Gardens",
  "address": "Mota Rd, Phuthaditjhaba, 9869, South Africa",
  "phone": "",
  "country-code": "LS",
  "country": "Lesotho"
 },
 {
  "id": 373,
  "name": "iKhayalamafu Mountain Hideaway and Private Nature Reserve",
  "address": "Khetisas, Lesotho",
  "phone": "",
  "country-code": "LS",
  "country": "Lesotho"
 },
 {
  "id": 374,
  "name": "GZ Adventures LEAP Kiara Lodge Clarens, Quad Biking, Gorge Swing, Archery",
  "address": "Hlotse, Lesotho",
  "phone": "+26622400559",
  "country-code": "LS",
  "country": "Lesotho"
 },
 {
  "id": 375,
  "name": "CLARENS GOLF \u0026 LEISURE ESTATE",
  "address": "Close to Sterkfonten resort, Harrismith, South Africa",
  "phone": "+27586223520",
  "country-code": "LS",
  "country": "Lesotho"
 },
 {
  "id": 376,
  "name": "Nandi's Falls",
  "address": "1 Hill St, Clarens, South Africa",
  "phone": "",
  "country-code": "LS",
  "country": "Lesotho"
 },
 {
  "id": 377,
  "name": "Motloang",
  "address": "277 Main St, Clarens, 9707, South Africa",
  "phone": "+27582561875",
  "country-code": "LS",
  "country": "Lesotho"
 },
 {
  "id": 378,
  "name": "Butha-Buthe",
  "address": "Afriski Mountain Resort, 400, Lesotho",
  "phone": "+278612374754",
  "country-code": "LS",
  "country": "Lesotho"
 },
 {
  "id": 379,
  "name": "Morija",
  "address": "Farm Kleinbloemhof, Bethlehem, 9700, South Africa",
  "phone": "+27583041691",
  "country-code": "LS",
  "country": "Lesotho"
 },
 {
  "id": 380,
  "name": "Thaba Bosiu",
  "address": "Malealea Village, Malealea, Lesotho",
  "phone": "+26658839646",
  "country-code": "LS",
  "country": "Lesotho"
 },
 {
  "id": 381,
  "name": "Gen Jan Fick Museum",
  "address": "Appin Road, Swinburne, Free State, 9880, South Africa",
  "phone": "+27785144710",
  "country-code": "LS",
  "country": "Lesotho"
 },
 {
  "id": 382,
  "name": "Uithoek Natuurpark Fouriesburg",
  "address": "7 Muller St, Bethlehem, 9701, South Africa",
  "phone": "+27583035076",
  "country-code": "LS",
  "country": "Lesotho"
 },
 {
  "id": 383,
  "name": "Malealea",
  "address": "Bergville, 3350, South Africa",
  "phone": "",
  "country-code": "LS",
  "country": "Lesotho"
 },
 {
  "id": 384,
  "name": "Lesotho Mountain Crafts",
  "address": "R70, Rosendal, 9720, South Africa",
  "phone": "+27829018799",
  "country-code": "LS",
  "country": "Lesotho"
 },
 {
  "id": 385,
  "name": "Kestell",
  "address": "Rosendal, South Africa",
  "phone": "+27827765540",
  "country-code": "LS",
  "country": "Lesotho"
 },
 {
  "id": 386,
  "name": "Clarens townsquare",
  "address": "Unnamed 24Road, Hlotse, Lesotho",
  "phone": "+26658751277",
  "country-code": "LS",
  "country": "Lesotho"
 },
 {
  "id": 387,
  "name": "The Cavern Drakensberg Resort \u0026 Spa",
  "address": "Chain Ladder Rte, Phuthaditjhaba, 9870, South Africa",
  "phone": "+27587136361",
  "country-code": "LS",
  "country": "Lesotho"
 },
 {
  "id": 388,
  "name": "Koeneng",
  "address": "A1 opposite Masjid Mosque, Hlotse, Lesotho",
  "phone": "+26659480814",
  "country-code": "LS",
  "country": "Lesotho"
 },
 {
  "id": 389,
  "name": "Berea",
  "address": "Windmill Centre, Main Street, Clarens, 9707, South Africa",
  "phone": "+27582561757",
  "country-code": "LS",
  "country": "Lesotho"
 },
 {
  "id": 390,
  "name": "Maseru",
  "address": "Hlotse, Lesotho",
  "phone": "+26622400032",
  "country-code": "LS",
  "country": "Lesotho"
 },
 {
  "id": 391,
  "name": "Cathedral Peak Hotel",
  "address": "King St, Harrismith, 9880, South Africa",
  "phone": "",
  "country-code": "LS",
  "country": "Lesotho"
 },
 {
  "id": 392,
  "name": "Hlalanathi Drakensberg Resort",
  "address": "Unnamed Road, Lesotho, Bokong, Lesotho",
  "phone": "+26622910315",
  "country-code": "LS",
  "country": "Lesotho"
 },
 {
  "id": 393,
  "name": "Alpine View - Yellowwood Trail",
  "address": "Bestervlei Valley, S-344 District Road, Fouriesburg, 9725, South Africa",
  "phone": "+27722892827",
  "country-code": "LS",
  "country": "Lesotho"
 },
 {
  "id": 394,
  "name": "BergVenture",
  "address": "Clarens, 9707, South Africa",
  "phone": "+27582551000",
  "country-code": "LS",
  "country": "Lesotho"
 },
 {
  "id": 395,
  "name": "Bethlehem",
  "address": "Unnamed 24Road, Hlotse, Lesotho",
  "phone": "+26658751277",
  "country-code": "LS",
  "country": "Lesotho"
 },
 {
  "id": 396,
  "name": "Lord Fraser Guesthouse",
  "address": "Wepner Road, Mafeteng 900, Lesotho",
  "phone": "",
  "country-code": "LS",
  "country": "Lesotho"
 },
 {
  "id": 397,
  "name": "Lapeng Habo Bantu",
  "address": "Grace Guest House,Motse Mocha,Thabana Morena Rd, Mafeteng 900, Mafeteng 900, Lesotho",
  "phone": "+26658863223",
  "country-code": "LS",
  "country": "Lesotho"
 },
 {
  "id": 398,
  "name": "Grace Guest House Mafeteng",
  "address": "Van Jaarsveld St, Wepener, 9944, South Africa",
  "phone": "+27734871404",
  "country-code": "LS",
  "country": "Lesotho"
 },
 {
  "id": 399,
  "name": "Emem Kaza Guesthouse",
  "address": "10 De Bruin St, Wepener, 9944, South Africa",
  "phone": "+27515831480",
  "country-code": "LS",
  "country": "Lesotho"
 },
 {
  "id": 400,
  "name": "Bastys kitchen",
  "address": "Mafeteng, Lesotho",
  "phone": "+26659541206",
  "country-code": "LS",
  "country": "Lesotho"
 },
 {
  "id": 401,
  "name": "Captain Doregos Mafeteng",
  "address": "Wepener road, Mafeteng, Lesotho",
  "phone": "+26658721460",
  "country-code": "LS",
  "country": "Lesotho"
 },
 {
  "id": 402,
  "name": "Jankie's",
  "address": "Shop 1, Thusong Multi Building, Main South 1 Rd, Mafeteng, Lesotho",
  "phone": "+26622705466",
  "country-code": "LS",
  "country": "Lesotho"
 },
 {
  "id": 403,
  "name": "The Hut Diner",
  "address": "Malumeng, 099, Mafeteng, Lesotho",
  "phone": "",
  "country-code": "LS",
  "country": "Lesotho"
 },
 {
  "id": 404,
  "name": "The Michi Grill",
  "address": "Mafeteng, Lesotho",
  "phone": "+26658427871",
  "country-code": "LS",
  "country": "Lesotho"
 },
 {
  "id": 405,
  "name": "JALOPY",
  "address": "Mafeteng, Lesotho",
  "phone": "+26622700307",
  "country-code": "LS",
  "country": "Lesotho"
 },
 {
  "id": 406,
  "name": "Econo Foods Mafeteng",
  "address": "Mafeteng, Lesotho",
  "phone": "+26658020775",
  "country-code": "LS",
  "country": "Lesotho"
 },
 {
  "id": 407,
  "name": "KFC Leluma",
  "address": "Mafeteng, Lesotho",
  "phone": "+26657964997",
  "country-code": "LS",
  "country": "Lesotho"
 },
 {
  "id": 408,
  "name": "KFC Mafeteng",
  "address": "Mafeteng, Lesotho",
  "phone": "+26628326380",
  "country-code": "LS",
  "country": "Lesotho"
 },
 {
  "id": 409,
  "name": "JABBY FAST FOOD",
  "address": "Patsa Centre, Box 675, Mafeteng, Mafeteng, Lesotho",
  "phone": "+26628700449",
  "country-code": "LS",
  "country": "Lesotho"
 },
 {
  "id": 410,
  "name": "Paballong Motse-Mocha",
  "address": "Mabuti Street,, Mafeteng, Lesotho",
  "phone": "+26658780174",
  "country-code": "LS",
  "country": "Lesotho"
 },
 {
  "id": 411,
  "name": "Dunns Mafeteng",
  "address": "Mafeteng, Lesotho",
  "phone": "",
  "country-code": "LS",
  "country": "Lesotho"
 },
 {
  "id": 412,
  "name": "Masianokeng Lifestyle Center",
  "address": "Shop 4, Mafeteng Centre Main Road Mafeteng Lesotho, 123, Lesotho",
  "phone": "+26622700289",
  "country-code": "LS",
  "country": "Lesotho"
 },
 {
  "id": 413,
  "name": "Wheels of Life Bike Shop",
  "address": "Mafeteng, Lesotho",
  "phone": "+26622700953",
  "country-code": "LS",
  "country": "Lesotho"
 },
 {
  "id": 414,
  "name": "Shoprite Mafeteng",
  "address": "Mafeteng, Lesotho",
  "phone": "+26622700970",
  "country-code": "LS",
  "country": "Lesotho"
 },
 {
  "id": 415,
  "name": "Thaba Bosiu Cultural Village",
  "address": "Maseru, Lesotho",
  "phone": "+26622312238",
  "country-code": "LS",
  "country": "Lesotho"
 },
 {
  "id": 416,
  "name": "Gates of Paradise Pass",
  "address": "Unnamed Road, Lesotho, Bokong, Lesotho",
  "phone": "+26622910315",
  "country-code": "LS",
  "country": "Lesotho"
 },
 {
  "id": 417,
  "name": "The Lion Rock Mountain",
  "address": "Unnamed Road, Mateka, Lesotho",
  "phone": "+26658547673",
  "country-code": "LS",
  "country": "Lesotho"
 },
 {
  "id": 418,
  "name": "Mafeteng",
  "address": "Clarens, 9707, South Africa",
  "phone": "+27582551000",
  "country-code": "LS",
  "country": "Lesotho"
 },
 {
  "id": 419,
  "name": "Morija Museum \u0026 Archives",
  "address": "Motloang, Lesotho",
  "phone": "+26627021962",
  "country-code": "LS",
  "country": "Lesotho"
 },
 {
  "id": 420,
  "name": "Kome Caves",
  "address": "Church street Box 12, Morija 190, Lesotho",
  "phone": "+26622360308",
  "country-code": "LS",
  "country": "Lesotho"
 },
 {
  "id": 421,
  "name": "Katse Dam Botanical Gardens \u0026 Nursery",
  "address": "Khukhune, Lesotho",
  "phone": "+26622460723",
  "country-code": "LS",
  "country": "Lesotho"
 },
 {
  "id": 422,
  "name": "Basotho Hat",
  "address": "Unnamed Road, Lesotho, Malealea, Lesotho",
  "phone": "",
  "country-code": "LS",
  "country": "Lesotho"
 },
 {
  "id": 423,
  "name": "Golden Gate Highlands National Park",
  "address": "Maseru, Lesotho",
  "phone": "",
  "country-code": "LS",
  "country": "Lesotho"
 },
 {
  "id": 424,
  "name": "Lesotho Travel Agency",
  "address": "5 Eaton Rd, Tweespruit, 9770, South Africa",
  "phone": "+27519630023",
  "country-code": "LS",
  "country": "Lesotho"
 },
 {
  "id": 425,
  "name": "De Molen Farm",
  "address": "R712, Clarens, 9707, South Africa",
  "phone": "+27718309998",
  "country-code": "LS",
  "country": "Lesotho"
 },
 {
  "id": 426,
  "name": "Malealea Lodge, Lesotho - Pony Trekking \u0026 MTB",
  "address": "Die Lande farm, Fouriesburg, 9725, South Africa",
  "phone": "+27848384110",
  "country-code": "LS",
  "country": "Lesotho"
 },
 {
  "id": 427,
  "name": "Ha-Lepolesa",
  "address": "531 Sias Oosthuizen St, Clarens, 9707, South Africa",
  "phone": "+27582561260",
  "country-code": "LS",
  "country": "Lesotho"
 },
 {
  "id": 428,
  "name": "Tip Top Guest House",
  "address": "R711 corner of Caledonspoort and Clarens crossing, Fouriesburg, 9725, South Africa",
  "phone": "+27845125030",
  "country-code": "LS",
  "country": "Lesotho"
 },
 {
  "id": 429,
  "name": "The Michi Grill",
  "address": "1 Caledonspoort Road, Caledonspoort, Fouriesburg, 9725, South Africa",
  "phone": "+27582230274",
  "country-code": "LS",
  "country": "Lesotho"
 },
 {
  "id": 430,
  "name": "Teyateyaneng",
  "address": "Clarens, 9707, South Africa",
  "phone": "",
  "country-code": "LS",
  "country": "Lesotho"
 },
 {
  "id": 431,
  "name": "Setsoto Stadium",
  "address": "Unnamed Road, \u0026nbsp, Clarens, 9707, South Africa",
  "phone": "+27582561270",
  "country-code": "LS",
  "country": "Lesotho"
 },
 {
  "id": 432,
  "name": "Clarens Waterfall",
  "address": "R711 Old Fouriesburg road, Clarens, 9707, South Africa",
  "phone": "+27784572504",
  "country-code": "LS",
  "country": "Lesotho"
 },
 {
  "id": 433,
  "name": "Clarens Village Conservancy",
  "address": "R711, Fouriesburg, 9725, South Africa",
  "phone": "+27846684499",
  "country-code": "LS",
  "country": "Lesotho"
 },
 {
  "id": 434,
  "name": "Camelroc Guest Farm",
  "address": "Ficksburg, 9730, South Africa",
  "phone": "",
  "country-code": "LS",
  "country": "Lesotho"
 },
 {
  "id": 435,
  "name": "Ha Kome Caves",
  "address": "R70, Ficksburg, 9730, South Africa",
  "phone": "+27822131299",
  "country-code": "LS",
  "country": "Lesotho"
 },
 {
  "id": 436,
  "name": "Moolmanshoek Private Game Reserve",
  "address": "23 Voortekker St, Ficksburg, 9736, South Africa",
  "phone": "",
  "country-code": "LS",
  "country": "Lesotho"
 },
 {
  "id": 437,
  "name": "Likatola Horse Riding \u0026 Adventure",
  "address": "Berg St, Clarens, 9707, South Africa",
  "phone": "",
  "country-code": "LS",
  "country": "Lesotho"
 },
 {
  "id": 438,
  "name": "Semonkong Lodge",
  "address": "Clarens, 9707, South Africa",
  "phone": "+27834859654",
  "country-code": "LS",
  "country": "Lesotho"
 },
 {
  "id": 439,
  "name": "Lesotho Mountain Crafts",
  "address": "Teyateyaneng, Lesotho",
  "phone": "+27832553626",
  "country-code": "LS",
  "country": "Lesotho"
 },
 {
  "id": 440,
  "name": "Malealea",
  "address": "R26, KOMMISSIEPORT Off, Hospitaal Street, Kommissiepoort, Ladybrand, 9745, South Africa",
  "phone": "+27519245831",
  "country-code": "LS",
  "country": "Lesotho"
 },
 {
  "id": 441,
  "name": "Cashbuild",
  "address": "Thabana Morena Rd, Mafeteng 999, Lesotho",
  "phone": "+26622700292",
  "country-code": "LS",
  "country": "Lesotho"
 },
 {
  "id": 442,
  "name": "Border Posts - Maseru Bridge",
  "address": "Plot 346 Free State, South Africa District, Fouriesburg, 9725, South Africa",
  "phone": "+27664662106",
  "country-code": "LS",
  "country": "Lesotho"
 },
 {
  "id": 443,
  "name": "Quthing",
  "address": "277 Main St, Clarens, 9707, South Africa",
  "phone": "+27582561875",
  "country-code": "LS",
  "country": "Lesotho"
 },
 {
  "id": 444,
  "name": "Maseru",
  "address": "Golden Gate Highlands National Park, R712, Clarens, 9701, South Africa",
  "phone": "+27680624947",
  "country-code": "LS",
  "country": "Lesotho"
 },
 {
  "id": 445,
  "name": "Clarens Conservancy",
  "address": "Semonkong, Lesotho",
  "phone": "+26627006037",
  "country-code": "LS",
  "country": "Lesotho"
 },
 {
  "id": 446,
  "name": "Moteng Pass",
  "address": "Unnamed Road, Mateka, Lesotho",
  "phone": "+26658835143",
  "country-code": "LS",
  "country": "Lesotho"
 },
 {
  "id": 447,
  "name": "Imperani Mountain",
  "address": "Qeme, Ha Teko, Maseru, Lesotho",
  "phone": "+26658772207",
  "country-code": "LS",
  "country": "Lesotho"
 },
 {
  "id": 448,
  "name": "Tempelhof Guest \u0026 Game Farm",
  "address": "On the R70 between Ficksburg and Rosendal, Ficksburg, 9730, South Africa",
  "phone": "+27519332220",
  "country-code": "LS",
  "country": "Lesotho"
 },
 {
  "id": 449,
  "name": "Mafube Mountain Retreat",
  "address": "1 Hill St, Clarens, South Africa",
  "phone": "",
  "country-code": "LS",
  "country": "Lesotho"
 },
 {
  "id": 450,
  "name": "CLARENS GOLF \u0026 LEISURE ESTATE",
  "address": "Camelroc Guest Farm, The Poplars, Farm: 199, Caledonspoort, Fouriesburg, 9725, South Africa",
  "phone": "+27582230368",
  "country-code": "LS",
  "country": "Lesotho"
 },
 {
  "id": 451,
  "name": "Butha Buthe",
  "address": "Maseru, Lesotho",
  "phone": "",
  "country-code": "LS",
  "country": "Lesotho"
 },
 {
  "id": 452,
  "name": "Tsikoane",
  "address": "R712, Golden Gate Highlands National Park, South Africa",
  "phone": "",
  "country-code": "LS",
  "country": "Lesotho"
 },
 {
  "id": 453,
  "name": "Clarens townsquare",
  "address": "Mafeteng, Lesotho",
  "phone": "+26628326380",
  "country-code": "LS",
  "country": "Lesotho"
 },
 {
  "id": 454,
  "name": "Wyndford Holiday Farm",
  "address": "R70, Rosendal, 9720, South Africa",
  "phone": "+27829018799",
  "country-code": "LS",
  "country": "Lesotho"
 },
 {
  "id": 455,
  "name": "Roma",
  "address": "Mafeteng, Lesotho",
  "phone": "",
  "country-code": "LS",
  "country": "Lesotho"
 },
 {
  "id": 456,
  "name": "Wepener",
  "address": "Windmill Centre, Main Street, Clarens, 9707, South Africa",
  "phone": "+27582561757",
  "country-code": "LS",
  "country": "Lesotho"
 },
 {
  "id": 457,
  "name": "Glen Reenen Rest Camp and Chalets",
  "address": "Tip top ; Haramokhele, Mafeteng 900, Lesotho",
  "phone": "+26658549019",
  "country-code": "LS",
  "country": "Lesotho"
 },
 {
  "id": 458,
  "name": "JenLee's Country Shop \u0026 Kitchen",
  "address": "Mafeteng, Lesotho",
  "phone": "",
  "country-code": "LS",
  "country": "Lesotho"
 },
 {
  "id": 459,
  "name": "Leribe",
  "address": "A2 Rd,, Mafeteng, Lesotho",
  "phone": "+26658555813",
  "country-code": "LS",
  "country": "Lesotho"
 },
 {
  "id": 460,
  "name": "Bokong",
  "address": "Malealea Village, Malealea, Lesotho",
  "phone": "+26658839646",
  "country-code": "LS",
  "country": "Lesotho"
 },
 {
  "id": 461,
  "name": "Affi lande boetiek guestfarm , beer garden \u0026 grill, wedding venue",
  "address": "Main South 1, Thabaneng Mafeteng, 100, Lesotho",
  "phone": "+26662259057",
  "country-code": "LS",
  "country": "Lesotho"
 },
 {
  "id": 462,
  "name": "BusStop \u0026 Bergwoning Guest Farm",
  "address": "Ha- Lepolesa road, Mafeteng, Lesotho",
  "phone": "",
  "country-code": "LS",
  "country": "Lesotho"
 },
 {
  "id": 463,
  "name": "Butha-Buthe",
  "address": "Wepener road, Mafeteng, Lesotho",
  "phone": "+26658721460",
  "country-code": "LS",
  "country": "Lesotho"
 },
 {
  "id": 464,
  "name": "Qachas Nek",
  "address": "Bestervlei Valley, S-344 District Road, Fouriesburg, 9725, South Africa",
  "phone": "+27722892827",
  "country-code": "LS",
  "country": "Lesotho"
 },
 {
  "id": 465,
  "name": "Sterkspruit",
  "address": "Mafeteng, Lesotho",
  "phone": "",
  "country-code": "LS",
  "country": "Lesotho"
 },
 {
  "id": 466,
  "name": "Clocolan",
  "address": "1231, Mafeteng, Lesotho",
  "phone": "",
  "country-code": "LS",
  "country": "Lesotho"
 },
 {
  "id": 467,
  "name": "Kubung Hotel",
  "address": "Upper Moyeni, Sesoane Rd, Quthing 700, Lesotho",
  "phone": "+26622750038",
  "country-code": "LS",
  "country": "Lesotho"
 },
 {
  "id": 468,
  "name": "DIY RIGHT PRICE HARDWARE",
  "address": "Upper Moyeni, Quthing, Lesotho",
  "phone": "",
  "country-code": "LS",
  "country": "Lesotho"
 },
 {
  "id": 469,
  "name": "Quthing",
  "address": "Alwyns Kop, Lesotho",
  "phone": "",
  "country-code": "LS",
  "country": "Lesotho"
 },
 {
  "id": 470,
  "name": "Mountain View Country Inn / Lady Grey Hotel",
  "address": "Quthing, Mount Moorosi, Lesotho",
  "phone": "+26650329405",
  "country-code": "LS",
  "country": "Lesotho"
 },
 {
  "id": 471,
  "name": "Quthing",
  "address": "Cutting Camp, Lesotho",
  "phone": "",
  "country-code": "LS",
  "country": "Lesotho"
 },
 {
  "id": 472,
  "name": "Old Hoek Guest House",
  "address": "LOWER, Quthing, Lesotho",
  "phone": "",
  "country-code": "LS",
  "country": "Lesotho"
 },
 {
  "id": 473,
  "name": "Mitchells Cafe",
  "address": "Ha Tsepo,, Old Mohales Hoek, Lesotho",
  "phone": "+26658883454",
  "country-code": "LS",
  "country": "Lesotho"
 },
 {
  "id": 474,
  "name": "Shoreline Resort",
  "address": "36 Botha St, Lady Grey, 9755, South Africa",
  "phone": "+27829621999",
  "country-code": "LS",
  "country": "Lesotho"
 },
 {
  "id": 475,
  "name": "PEP Quithing Main Road",
  "address": "Quthing, Lesotho",
  "phone": "",
  "country-code": "LS",
  "country": "Lesotho"
 },
 {
  "id": 476,
  "name": "Riverside Mall",
  "address": "Quthing, Lesotho",
  "phone": "+26656204242",
  "country-code": "LS",
  "country": "Lesotho"
 },
 {
  "id": 477,
  "name": "Maseru Mall",
  "address": "Zastron Street, Sterkspruit, 9762, South Africa",
  "phone": "",
  "country-code": "LS",
  "country": "Lesotho"
 },
 {
  "id": 478,
  "name": "Upper Moyeni (Thoteng)",
  "address": "Main Rd, Sterkspruit, 9762, South Africa",
  "phone": "+27516110428",
  "country-code": "LS",
  "country": "Lesotho"
 },
 {
  "id": 479,
  "name": "Liphakoe Rd",
  "address": "Maseru, Lesotho",
  "phone": "+26622318221",
  "country-code": "LS",
  "country": "Lesotho"
 },
 {
  "id": 480,
  "name": "Quthing",
  "address": "Quthing, Lesotho",
  "phone": "+26622750257",
  "country-code": "LS",
  "country": "Lesotho"
 },
 {
  "id": 481,
  "name": "Fuleng Guest House",
  "address": "Shop 1, Main Road, Quthing 700, Lesotho",
  "phone": "+26622750489",
  "country-code": "LS",
  "country": "Lesotho"
 },
 {
  "id": 482,
  "name": "Mountainside Hotel",
  "address": "Box 177, Lower Moyeni 700, Quthing, Lesotho",
  "phone": "+26622750260",
  "country-code": "LS",
  "country": "Lesotho"
 },
 {
  "id": 483,
  "name": "Mall of the North",
  "address": "R81, Bendor, Polokwane, 0699, South Africa",
  "phone": "+27152651026",
  "country-code": "LS",
  "country": "Lesotho"
 },
 {
  "id": 484,
  "name": "Soshanguve Crossing Mall",
  "address": "Shop 13, Parkies Plaza, 230 Main Road, Sterkspruit, 9762, South Africa",
  "phone": "132309762",
  "country-code": "LS",
  "country": "Lesotho"
 },
 {
  "id": 485,
  "name": "Standard Lesotho Bank",
  "address": "Shop 10, Riverside Mall, Zastron Street, Sterkspruit, Eastern Cape, 9762, South Africa",
  "phone": "+27516110991",
  "country-code": "LS",
  "country": "Lesotho"
 },
 {
  "id": 486,
  "name": "Leloaleng",
  "address": "Shop Number 2, Mashiqa Building, Main Rd, Sterkspruit, 9762, South Africa",
  "phone": "+27860123000",
  "country-code": "LS",
  "country": "Lesotho"
 },
 {
  "id": 487,
  "name": "Jubilee Mall",
  "address": "Sterkspruit Plaza, Shop 45 Main Rd, Sterkspruit, 9762, South Africa",
  "phone": "+27510117910",
  "country-code": "LS",
  "country": "Lesotho"
 },
 {
  "id": 488,
  "name": "Jumbo Parkies Plaza",
  "address": "Van Tonder St Erf 89, Sterkspruit, 9762, South Africa",
  "phone": "+27510040115",
  "country-code": "LS",
  "country": "Lesotho"
 },
 {
  "id": 489,
  "name": "Ackermans Sterkspruit Plaza",
  "address": "R392, Sterkspruit, 9762, South Africa",
  "phone": "+27516110154",
  "country-code": "LS",
  "country": "Lesotho"
 },
 {
  "id": 490,
  "name": "Quthing",
  "address": "Shop 56A, Plaza, Main Rd, Sterkspruit, 9762, South Africa",
  "phone": "+27861235664",
  "country-code": "LS",
  "country": "Lesotho"
 },
 {
  "id": 491,
  "name": "Tekkie Town Sterkspruit Plaza",
  "address": "Shop 7B Boxer Centre, Main Road, Sterkspruit, 9762, South Africa",
  "phone": "+27516110581",
  "country-code": "LS",
  "country": "Lesotho"
 },
 {
  "id": 492,
  "name": "Vic Clothing",
  "address": "Shop 45 Sterkspruit Plaza, Main Rd, Sterkspruit, 9762, South Africa",
  "phone": "+27510117909",
  "country-code": "LS",
  "country": "Lesotho"
 },
 {
  "id": 493,
  "name": "PEP Sterkspruit Parkies Plaza",
  "address": "GLS Mehlomakulu Building, Main Street, Sterkspruit, 9762, South Africa",
  "phone": "+27516110050",
  "country-code": "LS",
  "country": "Lesotho"
 },
 {
  "id": 494,
  "name": "Street Fever Sterkspruit Plaza",
  "address": "Parkies Plaza, Shop 21B Main Rd, Sterkspruit, 9762, South Africa",
  "phone": "+27860102043",
  "country-code": "LS",
  "country": "Lesotho"
 },
 {
  "id": 495,
  "name": "PEP Cell Sterkspruit Parkies Plaza",
  "address": "Cnr Zastron \u0026 Voyizana, Roads, Sterkspruit, 9762, South Africa",
  "phone": "+27516112901",
  "country-code": "LS",
  "country": "Lesotho"
 },
 {
  "id": 496,
  "name": "Studio 88",
  "address": "Parkies Plaza, 230 Main Rd, Pambili, Sterkspruit, 9762, South Africa",
  "phone": "+27516118000",
  "country-code": "LS",
  "country": "Lesotho"
 },
 {
  "id": 497,
  "name": "Ackermans Sterkspruit",
  "address": "Shop 54, Plaza, Main Rd, Sterkspruit, 9762, South Africa",
  "phone": "+27440010452",
  "country-code": "LS",
  "country": "Lesotho"
 },
 {
  "id": 498,
  "name": "Lesotho Mountain Crafts",
  "address": "Plaza, Cnr Zastron \u0026 Herschel Rd Sterkspruit, Sterkspruit, 9762, South Africa",
  "phone": "+27860999119",
  "country-code": "LS",
  "country": "Lesotho"
 },
 {
  "id": 499,
  "name": "Ben DStv shop",
  "address": "60 Main Rd Shop 2, Boxer Shopping Centre, Erf 1316, Sterkspruit, 9762, South Africa",
  "phone": "60213169762",
  "country-code": "LS",
  "country": "Lesotho"
 },
 {
  "id": 500,
  "name": "Mr Price Sterkspruit",
  "address": "Shop 1, Parkies Plaza, 230 Main Rd, Sterkspruit, 9762, South Africa",
  "phone": "12309762",
  "country-code": "LS",
  "country": "Lesotho"
 },
 {
  "id": 501,
  "name": "Clicks Pharmacy Sterkspruit",
  "address": "Shop 1 Riverside Mall, 63 Zastron Rd, Sterkspruit, 9762, South Africa",
  "phone": "+27516110370",
  "country-code": "LS",
  "country": "Lesotho"
 },
 {
  "id": 502,
  "name": "Exact - Sterkspruit",
  "address": "3625 Shaganappi Trail NW, Calgary, AB T3A 0E2, Canada",
  "phone": "+14032885466",
  "country-code": "LS",
  "country": "Lesotho"
 },
 {
  "id": 503,
  "name": "PEP Sterkspruit",
  "address": "Shop 55, Sterkspruit Plaza Umlami Rd, Sterkspruit, 9762, South Africa",
  "phone": "+27101331855",
  "country-code": "LS",
  "country": "Lesotho"
 },
 {
  "id": 504,
  "name": "Umendo Pharmacy",
  "address": "SHOP 9 STERKSPRUIT PLAZA, Main Rd, Sterkspruit, 9762, South Africa",
  "phone": "+27516118090",
  "country-code": "LS",
  "country": "Lesotho"
 },
 {
  "id": 505,
  "name": "Sleepmasters Sterkspruit",
  "address": "Shop 56, Parkies Plaza 230 Umlani Road, Sterkspruit, 9762, South Africa",
  "phone": "562309762",
  "country-code": "LS",
  "country": "Lesotho"
 },
 {
  "id": 506,
  "name": "Sterkspruit 2 Boxer Superstores",
  "address": "Shop 40, Plaza, Main Rd, Sterkspruit, 9762, South Africa",
  "phone": "+27871090740",
  "country-code": "LS",
  "country": "Lesotho"
 },
 {
  "id": 507,
  "name": "Makhetheng",
  "address": "Main Rd, Sterkspruit, 9762, South Africa",
  "phone": "+27516110167",
  "country-code": "LS",
  "country": "Lesotho"
 },
 {
  "id": 508,
  "name": "Jet STERKSPRUIT",
  "address": "Shop 7, Sterkspruit Plaza, Umlamli Road, Sterkspruit, 9762, South Africa",
  "phone": "+27826904087",
  "country-code": "LS",
  "country": "Lesotho"
 },
 {
  "id": 509,
  "name": "Queen Motor Spares",
  "address": "Shop 3, Mather Mall Main Road, Main Rd, Sterkspruit, 9762, South Africa",
  "phone": "+27516110297",
  "country-code": "LS",
  "country": "Lesotho"
 },
 {
  "id": 510,
  "name": "Bradlows Sterkspruit",
  "address": "Shop 11 Parkies Plaza, Site No 230 - Umlamli Road, Karoo, Sterkspruit, 9792, South Africa",
  "phone": "112309792",
  "country-code": "LS",
  "country": "Lesotho"
 },
 {
  "id": 511,
  "name": "OK Furniture Sterkspruit",
  "address": "Zastron road street, Sterkspruit, 9762, South Africa",
  "phone": "+27789819948",
  "country-code": "LS",
  "country": "Lesotho"
 },
 {
  "id": 512,
  "name": "Lewis Sterkspruit",
  "address": "Shop 12 Parkies Plaza, Sterkspruit, 9762, South Africa",
  "phone": "+27516110732",
  "country-code": "LS",
  "country": "Lesotho"
 },
 {
  "id": 513,
  "name": "CF Market Mall",
  "address": "Teyateyaneng, Lesotho",
  "phone": "+27832553626",
  "country-code": "LS",
  "country": "Lesotho"
 },
 {
  "id": 514,
  "name": "Best Home \u0026 Electric Sterkspruit",
  "address": "Shop 7, Plaza, Main Rd, Sterkspruit, Wittenberg, 9762, South Africa",
  "phone": "+27516110062",
  "country-code": "LS",
  "country": "Lesotho"
 },
 {
  "id": 515,
  "name": "TymeBank Kiosk Boxer Superstore Sterkspruit 2",
  "address": "Shop 1 Mather Mall, Main Rd, Sterkspruit, 9762, South Africa",
  "phone": "+27516110394",
  "country-code": "LS",
  "country": "Lesotho"
 },
 {
  "id": 516,
  "name": "Shoprite LiquorShop Sterkspruit",
  "address": "Shop 6 Parkies Plaza, 230 Main Rd, Sterkspruit, 9762, South Africa",
  "phone": "62309762",
  "country-code": "LS",
  "country": "Lesotho"
 },
 {
  "id": 517,
  "name": "OBC Chicken and Meat Sterkspruit",
  "address": "Shop 50, Sterkspruit Plaza, Umlami Road, Sterkspruit, 9762, South Africa",
  "phone": "+27510230011",
  "country-code": "LS",
  "country": "Lesotho"
 },
 {
  "id": 518,
  "name": "Assupol Sterkspruit",
  "address": "Shop 21, Parkies Plaza Umlani Road, Sterkspruit, 9762, South Africa",
  "phone": "+27516110421",
  "country-code": "LS",
  "country": "Lesotho"
 },
 {
  "id": 519,
  "name": "Debonairs Pizza",
  "address": "Plaza, Shop 46, Sterkspruit, Sterkspruit, 9762, South Africa",
  "phone": "+27516531718",
  "country-code": "LS",
  "country": "Lesotho"
 },
 {
  "id": 520,
  "name": "PEP Sterkspruit Zastron Street",
  "address": "Parkies Plaza - Shop, 2 Main Rd, Sterkspruit, 9762, South Africa",
  "phone": "+27516110438",
  "country-code": "LS",
  "country": "Lesotho"
 },
 {
  "id": 521,
  "name": "Russells Sterkspruit",
  "address": "Shop 21, Parkies Plaza Umlani Road, Sterkspruit, 9762, South Africa",
  "phone": "+27118500000",
  "country-code": "LS",
  "country": "Lesotho"
 },
 {
  "id": 522,
  "name": "AutoZone Sterkspruit",
  "address": "Shop 53 Sterkspruit Plaza Umlami Road, Sterkspruit, 9762, South Africa",
  "phone": "+27586229006",
  "country-code": "LS",
  "country": "Lesotho"
 },
 {
  "id": 523,
  "name": "Steers",
  "address": "Shop 4 Parkies Plaza, Sterkspruit, 9762, South Africa",
  "phone": "+27516110404",
  "country-code": "LS",
  "country": "Lesotho"
 },
 {
  "id": 524,
  "name": "Build it Sterkspruit",
  "address": "Quthing, Lesotho",
  "phone": "",
  "country-code": "LS",
  "country": "Lesotho"
 },
 {
  "id": 525,
  "name": "Standard Bank | Sterkspruit Service Centre",
  "address": "Liphakoe Rd., Quthing, Lesotho",
  "phone": "+26622750288",
  "country-code": "LS",
  "country": "Lesotho"
 },
 {
  "id": 526,
  "name": "BUCO Sterkspruit",
  "address": "Jubilee Road, Hammanskraal, 0400, South Africa",
  "phone": "+27127271241",
  "country-code": "LS",
  "country": "Lesotho"
 },
 {
  "id": 527,
  "name": "Hungry Lion Sterkspruit",
  "address": "Corner Ruth First Road \u0026, Aubrey Matlakala St, Soshanguve, 0164, South Africa",
  "phone": "",
  "country-code": "LS",
  "country": "Lesotho"
 },
 {
  "id": 528,
  "name": "Gates of Paradise Pass",
  "address": "Maseru, Lesotho",
  "phone": "+26622312238",
  "country-code": "LS",
  "country": "Lesotho"
 },
 {
  "id": 529,
  "name": "Quthing",
  "address": "Qachas Nek, Lesotho",
  "phone": "+26653301880",
  "country-code": "LS",
  "country": "Lesotho"
 },
 {
  "id": 530,
  "name": "The Lion Rock Mountain",
  "address": "Khukhune, Lesotho",
  "phone": "+26622460723",
  "country-code": "LS",
  "country": "Lesotho"
 },
 {
  "id": 531,
  "name": "Liphofung Cave",
  "address": "Unnamed Road, Blue Gums, Lesotho",
  "phone": "",
  "country-code": "LS",
  "country": "Lesotho"
 },
 {
  "id": 532,
  "name": "Thaba Bosiu Cultural Village",
  "address": "30°18'35.3\"S 28°09'54.3\"E, Lesotho Sun Rd, Maseru, Lesotho",
  "phone": "30183532809543",
  "country-code": "LS",
  "country": "Lesotho"
 },
 {
  "id": 533,
  "name": "Qacha's Nek Snake Park",
  "address": "Motloang, Lesotho",
  "phone": "+26627021962",
  "country-code": "LS",
  "country": "Lesotho"
 },
 {
  "id": 534,
  "name": "Seaka Bridge",
  "address": "Unnamed Road, Lesotho, Malealea, Lesotho",
  "phone": "",
  "country-code": "LS",
  "country": "Lesotho"
 },
 {
  "id": 535,
  "name": "Quthing",
  "address": "Masitise, Lesotho",
  "phone": "",
  "country-code": "LS",
  "country": "Lesotho"
 },
 {
  "id": 536,
  "name": "Katse Dam Botanical Gardens \u0026 Nursery",
  "address": "Unnamed Road, Mateka, Lesotho",
  "phone": "+26658547673",
  "country-code": "LS",
  "country": "Lesotho"
 },
 {
  "id": 537,
  "name": "Tiffindell Ski Resort",
  "address": "Unnamed Road, Lesotho, Bokong, Lesotho",
  "phone": "+26622910315",
  "country-code": "LS",
  "country": "Lesotho"
 },
 {
  "id": 538,
  "name": "Sehlabathebe National Park",
  "address": "Church street Box 12, Morija 190, Lesotho",
  "phone": "+26622360308",
  "country-code": "LS",
  "country": "Lesotho"
 },
 {
  "id": 539,
  "name": "Kome Caves",
  "address": "Sehlabathebe, Lesotho",
  "phone": "+26663821103",
  "country-code": "LS",
  "country": "Lesotho"
 },
 {
  "id": 540,
  "name": "Masitise",
  "address": "Tiffindell Farm, Barkly East, 9786, South Africa",
  "phone": "+27117812620",
  "country-code": "LS",
  "country": "Lesotho"
 }
]