[
 {
  "id": 1,
  "name": "Hilton Port Moresby",
  "address": "Hunter St, Port Moresby, Papua New Guinea",
  "phone": "+6753093000",
  "country-code": "PG",
  "country": "Papua New Guinea"
 },
 {
  "id": 2,
  "name": "Gateway Hotel \u0026 Apartments",
  "address": "Islander Drive, Waigani Drive, Port Moresby, Papua New Guinea",
  "phone": "+67573732500",
  "country-code": "PG",
  "country": "Papua New Guinea"
 },
 {
  "id": 3,
  "name": "The Stanley Hotel And Suites Port Moresby",
  "address": "7 Mile, Jacksons Parade, Port Moresby 121, Papua New Guinea",
  "phone": "+67579990200",
  "country-code": "PG",
  "country": "Papua New Guinea"
 },
 {
  "id": 4,
  "name": "Hilton Port Moresby",
  "address": "Mary St, Port Moresby 121, Papua New Guinea",
  "phone": "+6753040000",
  "country-code": "PG",
  "country": "Papua New Guinea"
 },
 {
  "id": 5,
  "name": "Crown Hotel Port Moresby",
  "address": "Jackson Intl Airport, Jacksons Parade, 7 Mile, Boroko, Port Moresby 111, Papua New Guinea",
  "phone": "+6753245200",
  "country-code": "PG",
  "country": "Papua New Guinea"
 },
 {
  "id": 6,
  "name": "Holiday Inn Express Port Moresby",
  "address": "Lot 8 \u0026 9 Section 515 Sir John Guise Drive, WaiganI NCD Port Moresby Port Moresby, 121, Papua New Guinea",
  "phone": "89515121",
  "country-code": "PG",
  "country": "Papua New Guinea"
 },
 {
  "id": 7,
  "name": "Airways Hotel",
  "address": "Wards Rd, Port Moresby, Papua New Guinea",
  "phone": "+67575018000",
  "country-code": "PG",
  "country": "Papua New Guinea"
 },
 {
  "id": 8,
  "name": "Lamana Hotel (Port Moresby)",
  "address": "Wards Rd, Port Moresby, Papua New Guinea",
  "phone": "+67575018000",
  "country-code": "PG",
  "country": "Papua New Guinea"
 },
 {
  "id": 9,
  "name": "Grand Papua Hotel, a member of Radisson Individuals",
  "address": "Ela Beach Rd, Port Moresby 111, Papua New Guinea",
  "phone": "+67579986510",
  "country-code": "PG",
  "country": "Papua New Guinea"
 },
 {
  "id": 10,
  "name": "Ela Beach Hotel \u0026 Apartments",
  "address": "Waigani Dr, Port Moresby 495, Papua New Guinea",
  "phone": "+6753232333",
  "country-code": "PG",
  "country": "Papua New Guinea"
 },
 {
  "id": 11,
  "name": "Hotel Hideaway",
  "address": "H6FC+M63, Port Moresby, Papua New Guinea",
  "phone": "+67574441411",
  "country-code": "PG",
  "country": "Papua New Guinea"
 },
 {
  "id": 12,
  "name": "Holiday Inn \u0026 Suites Port Moresby PNG",
  "address": "G5HG+92, Port Moresby, Papua New Guinea",
  "phone": "",
  "country-code": "PG",
  "country": "Papua New Guinea"
 },
 {
  "id": 13,
  "name": "Citi boutique hotel",
  "address": "G5JV+JFR, Lahara Avenue Building, Port Moresby 111, Papua New Guinea",
  "phone": "+6753253501",
  "country-code": "PG",
  "country": "Papua New Guinea"
 },
 {
  "id": 14,
  "name": "Gateway Hotel \u0026 Apartments",
  "address": "G59W+RWV, Muniara St, Port Moresby, Papua New Guinea",
  "phone": "",
  "country-code": "PG",
  "country": "Papua New Guinea"
 },
 {
  "id": 15,
  "name": "The Shady Rest Hotel",
  "address": "H53C+4QP, Vaieke Street, Hohola Four, Port Moresby 131, Papua New Guinea",
  "phone": "+67578227432",
  "country-code": "PG",
  "country": "Papua New Guinea"
 },
 {
  "id": 16,
  "name": "Crowne Plaza Residences",
  "address": "G5FQ+246, Port Moresby, Papua New Guinea",
  "phone": "",
  "country-code": "PG",
  "country": "Papua New Guinea"
 },
 {
  "id": 17,
  "name": "Citi Serviced Apartments \u0026 Motel - Lagatoi Place, East Boroko",
  "address": "Jacksons Parade 7 Mile Boroko NCD Port Moresby NCD, 121, Papua New Guinea",
  "phone": "+6753254366",
  "country-code": "PG",
  "country": "Papua New Guinea"
 },
 {
  "id": 18,
  "name": "Renaissance LodgePlus",
  "address": "H59H+7V5, Waigani Dr, Port Moresby, Papua New Guinea",
  "phone": "+6753239331",
  "country-code": "PG",
  "country": "Papua New Guinea"
 },
 {
  "id": 19,
  "name": "Loloata Island Resort",
  "address": "Papua New Guinea, Port Moresby, Unnamed Road",
  "phone": "",
  "country-code": "PG",
  "country": "Papua New Guinea"
 },
 {
  "id": 20,
  "name": "Raintree Lodge",
  "address": "121 Pipit St, Port Moresby, Papua New Guinea",
  "phone": "+6753037400",
  "country-code": "PG",
  "country": "Papua New Guinea"
 },
 {
  "id": 21,
  "name": "Green Hills Pebac PNGCR",
  "address": "Section 338, lot. 06, Ranu Place, 111, Papua New Guinea",
  "phone": "33806111",
  "country-code": "PG",
  "country": "Papua New Guinea"
 },
 {
  "id": 22,
  "name": "Dream Inn Port Moresby PNG",
  "address": "G5QG+FWG, Port Moresby, Papua New Guinea",
  "phone": "+67574581966",
  "country-code": "PG",
  "country": "Papua New Guinea"
 },
 {
  "id": 23,
  "name": "Granville Motel",
  "address": "Lot 51, Section 375, Ensisi Valley, Hohola NCD, Port Moresby 131, Papua New Guinea",
  "phone": "51375131",
  "country-code": "PG",
  "country": "Papua New Guinea"
 },
 {
  "id": 24,
  "name": "Weigh Inn Hotel",
  "address": "H8W7+5W7, Riverview, Papua New Guinea",
  "phone": "+6753281223",
  "country-code": "PG",
  "country": "Papua New Guinea"
 },
 {
  "id": 25,
  "name": "Metro Inn - Port Moresby",
  "address": "Allotment 24-27 Waigani Drive, Port Moresby 507, Papua New Guinea",
  "phone": "+60125006383",
  "country-code": "PG",
  "country": "Papua New Guinea"
 },
 {
  "id": 26,
  "name": "Mahuru Seaview Hotel",
  "address": "H56W+PG7, Port Moresby, Papua New Guinea",
  "phone": "+6753104100",
  "country-code": "PG",
  "country": "Papua New Guinea"
 },
 {
  "id": 27,
  "name": "Rehoboth Lodge, Port Moresby",
  "address": "Tau Street Port Moresby NCD, 111, Papua New Guinea",
  "phone": "+6753234115",
  "country-code": "PG",
  "country": "Papua New Guinea"
 },
 {
  "id": 28,
  "name": "Edgewood Hotel",
  "address": "Hagen Drive Wahghi Parade Mount Hagen Western Highlands Province, 281, Papua New Guinea",
  "phone": "+67579999104",
  "country-code": "PG",
  "country": "Papua New Guinea"
 },
 {
  "id": 29,
  "name": "Paddy's Hotel \u0026 Apartments",
  "address": "25 Lahara Ave, Port Moresby 111, Papua New Guinea",
  "phone": "",
  "country-code": "PG",
  "country": "Papua New Guinea"
 },
 {
  "id": 30,
  "name": "Ponderosa Family Hotel",
  "address": "Section 470, Lot 41 Port Moresby, 121, Papua New Guinea",
  "phone": "47041121",
  "country-code": "PG",
  "country": "Papua New Guinea"
 },
 {
  "id": 31,
  "name": "Citi Serviced Apartments \u0026 Motel - Korobosea",
  "address": "Corner Elizabeth \u0026 Mcwilliam Goroka Eastern Highlands, 441, Papua New Guinea",
  "phone": "+67579999262",
  "country-code": "PG",
  "country": "Papua New Guinea"
 },
 {
  "id": 32,
  "name": "Dream Inn Port Moresby PNG",
  "address": "G5JW+J74 Mairi Pl Section 24, Allotment 25 Angau Dr, Port Moresby 111, Papua New Guinea",
  "phone": "5+742425111",
  "country-code": "PG",
  "country": "Papua New Guinea"
 },
 {
  "id": 33,
  "name": "Hodava Hotel",
  "address": "Section 276, Lot 60, Pitpit St., Port Moresby, Papua New Guinea",
  "phone": "",
  "country-code": "PG",
  "country": "Papua New Guinea"
 },
 {
  "id": 34,
  "name": "The Sanctuary Hotel and Spa",
  "address": "G5HR+CM8, Hodava Ave, Port Moresby, Papua New Guinea",
  "phone": "+6753238377",
  "country-code": "PG",
  "country": "Papua New Guinea"
 },
 {
  "id": 35,
  "name": "Crossroads Hotel",
  "address": "H57J+G4C, Toliman, Port Moresby, Papua New Guinea",
  "phone": "+6753253600",
  "country-code": "PG",
  "country": "Papua New Guinea"
 },
 {
  "id": 36,
  "name": "Comfort Inn",
  "address": "G59X+M49, Muniara St, Port Moresby, Papua New Guinea",
  "phone": "+6753230543",
  "country-code": "PG",
  "country": "Papua New Guinea"
 },
 {
  "id": 37,
  "name": "Bird of Paradise Hotel \u0026 Apartments",
  "address": "8WG8+FF, Lae, Papua New Guinea",
  "phone": "+6754751124",
  "country-code": "PG",
  "country": "Papua New Guinea"
 },
 {
  "id": 38,
  "name": "Highlander Hotel \u0026 Apartments",
  "address": "Boroko Port Moresby National Capital CIty PG 111, Port Moresby, Papua New Guinea",
  "phone": "+6753233202",
  "country-code": "PG",
  "country": "Papua New Guinea"
 },
 {
  "id": 39,
  "name": "Mapang Missionary Home",
  "address": "Vaivai Ave, Port Moresby, Papua New Guinea",
  "phone": "+6753231904",
  "country-code": "PG",
  "country": "Papua New Guinea"
 },
 {
  "id": 40,
  "name": "Aldy Lodge",
  "address": "H622+3CX, Nuana Rd, Port Moresby, Papua New Guinea",
  "phone": "+6753234888",
  "country-code": "PG",
  "country": "Papua New Guinea"
 },
 {
  "id": 41,
  "name": "Lapwing Travelodge",
  "address": "H662+4W8, Hubert Murray Hwy, Port Moresby, Papua New Guinea",
  "phone": "+6753257192",
  "country-code": "PG",
  "country": "Papua New Guinea"
 },
 {
  "id": 42,
  "name": "Airport Link Lodge",
  "address": "H57J+G4C, Toliman, Port Moresby, Papua New Guinea",
  "phone": "+6753253600",
  "country-code": "PG",
  "country": "Papua New Guinea"
 },
 {
  "id": 43,
  "name": "Bluff Inn Motel",
  "address": "Spring Garden Rd, Port Moresby, Papua New Guinea",
  "phone": "+6753217777",
  "country-code": "PG",
  "country": "Papua New Guinea"
 },
 {
  "id": 44,
  "name": "Ensisi Heights",
  "address": "G6H3+XFQ, Ilimo Ave, Port Moresby, Papua New Guinea",
  "phone": "+6753238888",
  "country-code": "PG",
  "country": "Papua New Guinea"
 },
 {
  "id": 45,
  "name": "Hohola Apartments",
  "address": "Korobosea Drive, Section 84, Lot 111, National Capital District Box 525, WaterFront PO, National Capital District, Port Moresby 111, Papua New Guinea",
  "phone": "84111525111",
  "country-code": "PG",
  "country": "Papua New Guinea"
 },
 {
  "id": 46,
  "name": "4 Mile Inn/Motel",
  "address": "G6X6+93W, Kittyhawk St, Port Moresby, Papua New Guinea",
  "phone": "+6753257155",
  "country-code": "PG",
  "country": "Papua New Guinea"
 },
 {
  "id": 47,
  "name": "The Sanctuary Hotel Resort and Spa",
  "address": "Baruni Rd Port Moresby National Capital District PG 121, Baruni Rd, Port Moresby 121, Papua New Guinea",
  "phone": "+67571604108",
  "country-code": "PG",
  "country": "Papua New Guinea"
 },
 {
  "id": 48,
  "name": "Lodge 9",
  "address": "G5GQ+MRW, Geboso Pl, Port Moresby, Papua New Guinea",
  "phone": "+6753237135",
  "country-code": "PG",
  "country": "Papua New Guinea"
 },
 {
  "id": 49,
  "name": "Salvation Army Boroko Motel",
  "address": "PORTION 1069,BOOTLESS BAY, TAHIRA, CENTRAL, Port Moresby, Papua New Guinea",
  "phone": "+67571088000",
  "country-code": "PG",
  "country": "Papua New Guinea"
 },
 {
  "id": 50,
  "name": "Badili Inn Lodge",
  "address": "7 Mile, Jacksons Parade, Port Moresby 121, Papua New Guinea",
  "phone": "+67579990200",
  "country-code": "PG",
  "country": "Papua New Guinea"
 },
 {
  "id": 51,
  "name": "MALOLO HAVEN ABNB",
  "address": "G6G4+WM3 East Boroko, Lagatoi Pl., Port Moresby, Papua New Guinea",
  "phone": "+6753234561",
  "country-code": "PG",
  "country": "Papua New Guinea"
 },
 {
  "id": 52,
  "name": "Airways Residences Port Moresby",
  "address": "Citi boutique hotel, Port Moresby 121, Papua New Guinea",
  "phone": "",
  "country-code": "PG",
  "country": "Papua New Guinea"
 },
 {
  "id": 53,
  "name": "Citi Boutique Apartments",
  "address": "Lot 24, Section 8, McGregor, Port Moresby, Papua New Guinea",
  "phone": "+6753083100",
  "country-code": "PG",
  "country": "Papua New Guinea"
 },
 {
  "id": 54,
  "name": "PERLEASE APARTMENTS KOROBOSEA",
  "address": "Taurama Rd, Port Moresby, Papua New Guinea",
  "phone": "+6753230000",
  "country-code": "PG",
  "country": "Papua New Guinea"
 },
 {
  "id": 55,
  "name": "Laguna Hotel",
  "address": "G6X4+673, 459 Tamara Rd, Port Moresby, Papua New Guinea",
  "phone": "+6753236888",
  "country-code": "PG",
  "country": "Papua New Guinea"
 },
 {
  "id": 56,
  "name": "Bacchus Restaurant",
  "address": "G5C2+VJ7, Port Moresby, Papua New Guinea",
  "phone": "+67571114012",
  "country-code": "PG",
  "country": "Papua New Guinea"
 },
 {
  "id": 57,
  "name": "Rapala Restaurant",
  "address": "-477075, 147.148373, 9th St, Lae, Papua New Guinea",
  "phone": "4770751471483739",
  "country-code": "PG",
  "country": "Papua New Guinea"
 },
 {
  "id": 58,
  "name": "Tasty Bite Indian Restaurant",
  "address": "G4FX+6GQ, Harbour Side, Port Moresby, Papua New Guinea",
  "phone": "+67576290488",
  "country-code": "PG",
  "country": "Papua New Guinea"
 },
 {
  "id": 59,
  "name": "Seoul House Restaurant",
  "address": "G5P4+J3C, Poreporena Fwy, Port Moresby, Papua New Guinea",
  "phone": "+67571966666",
  "country-code": "PG",
  "country": "Papua New Guinea"
 },
 {
  "id": 60,
  "name": "Fusion Bistro",
  "address": "G5C2+HG9, Mary St, Port Moresby, Papua New Guinea",
  "phone": "+6753093000",
  "country-code": "PG",
  "country": "Papua New Guinea"
 },
 {
  "id": 61,
  "name": "Tandoor on the Harbour",
  "address": "G5QX+WXM, Port Moresby, Papua New Guinea",
  "phone": "+6753252231",
  "country-code": "PG",
  "country": "Papua New Guinea"
 },
 {
  "id": 62,
  "name": "Asia Aromas Harbour Side West PNG",
  "address": "H628+4CQ, Jacksons Parade, Port Moresby, Papua New Guinea",
  "phone": "+67532452003400",
  "country-code": "PG",
  "country": "Papua New Guinea"
 },
 {
  "id": 63,
  "name": "Savannah Bistro",
  "address": "H57M+25R, Port Moresby, Papua New Guinea",
  "phone": "+6753028888",
  "country-code": "PG",
  "country": "Papua New Guinea"
 },
 {
  "id": 64,
  "name": "Alibi Bar \u0026 Grill",
  "address": "Portion 771 \u0026 1158, Portion 773 Gradv Harbourside West, Ground Floor Unit 3, Port Moresby, Papua New Guinea",
  "phone": "77111587733",
  "country-code": "PG",
  "country": "Papua New Guinea"
 },
 {
  "id": 65,
  "name": "Mumu Restaurant",
  "address": "G5PM+MR, Port Moresby, Papua New Guinea",
  "phone": "",
  "country-code": "PG",
  "country": "Papua New Guinea"
 },
 {
  "id": 66,
  "name": "Port Terrace Restaurant \u0026 Bar",
  "address": "H56H+FRP, Port Moresby, Papua New Guinea",
  "phone": "",
  "country-code": "PG",
  "country": "Papua New Guinea"
 },
 {
  "id": 67,
  "name": "Daikoku Japanese Steak House",
  "address": "G5PW+F8Q, Port Moresby, Papua New Guinea",
  "phone": "",
  "country-code": "PG",
  "country": "Papua New Guinea"
 },
 {
  "id": 68,
  "name": "THE DIRTY KITCHEN",
  "address": "Section 38 Lot 30, Port Moresby 121, Papua New Guinea",
  "phone": "+67578385351",
  "country-code": "PG",
  "country": "Papua New Guinea"
 },
 {
  "id": 69,
  "name": "Maggie Seafood Resturant",
  "address": "Koki sec 21 lot 111, Port Moresby, Papua New Guinea",
  "phone": "+67572011616",
  "country-code": "PG",
  "country": "Papua New Guinea"
 },
 {
  "id": 70,
  "name": "Big Boi Burger Bar",
  "address": "H56J+XHP, Waigani Dr, Port Moresby, Papua New Guinea",
  "phone": "+67570670486",
  "country-code": "PG",
  "country": "Papua New Guinea"
 },
 {
  "id": 71,
  "name": "Fusion Bistro 2",
  "address": "Boroko Port Moresby National Capital CIty PG 111, Port Moresby, Papua New Guinea",
  "phone": "",
  "country-code": "PG",
  "country": "Papua New Guinea"
 },
 {
  "id": 72,
  "name": "City Point Restaurant",
  "address": "G5HP+5HM, Eros St, Port Moresby, Papua New Guinea",
  "phone": "",
  "country-code": "PG",
  "country": "Papua New Guinea"
 },
 {
  "id": 73,
  "name": "Luluai",
  "address": "G4CX+HX9, Douglas St, Port Moresby, Papua New Guinea",
  "phone": "",
  "country-code": "PG",
  "country": "Papua New Guinea"
 },
 {
  "id": 74,
  "name": "Ang's Restaurant",
  "address": "None, Jacksons Parade, 7 Mile, Port Moresby 121, Papua New Guinea",
  "phone": "+67574129470",
  "country-code": "PG",
  "country": "Papua New Guinea"
 },
 {
  "id": 75,
  "name": "Palazzo Restaurant",
  "address": "G5WP+PRX, Port Moresby, Papua New Guinea",
  "phone": "",
  "country-code": "PG",
  "country": "Papua New Guinea"
 },
 {
  "id": 76,
  "name": "Grand Palace",
  "address": "H55J+326, Lamana Hotel, Waigani Dr, Port Moresby, Papua New Guinea",
  "phone": "+6753232333",
  "country-code": "PG",
  "country": "Papua New Guinea"
 },
 {
  "id": 77,
  "name": "Heritage Cafe PNG",
  "address": "H54J+PJM, Port Moresby, Papua New Guinea",
  "phone": "",
  "country-code": "PG",
  "country": "Papua New Guinea"
 },
 {
  "id": 78,
  "name": "Cozy's Diner",
  "address": "Gordon's, Jabiru Dr, Port Moresby 121, Papua New Guinea",
  "phone": "+67571708961",
  "country-code": "PG",
  "country": "Papua New Guinea"
 },
 {
  "id": 79,
  "name": "Golden Bowl Restaurant",
  "address": "Daure Cres, Port Moresby, Papua New Guinea",
  "phone": "",
  "country-code": "PG",
  "country": "Papua New Guinea"
 },
 {
  "id": 80,
  "name": "Bamboo Hut Kai Bar",
  "address": "G5P4+92H, Harbour City, Port Moresby, Papua New Guinea",
  "phone": "",
  "country-code": "PG",
  "country": "Papua New Guinea"
 },
 {
  "id": 81,
  "name": "Restaurant 168",
  "address": "G5GW+4VW, Port Moresby, Papua New Guinea",
  "phone": "",
  "country-code": "PG",
  "country": "Papua New Guinea"
 },
 {
  "id": 82,
  "name": "The Italian",
  "address": "H55G+VQJ, Port Moresby, Papua New Guinea",
  "phone": "+67573399999",
  "country-code": "PG",
  "country": "Papua New Guinea"
 },
 {
  "id": 83,
  "name": "Ephratah Delicacies",
  "address": "Vision City Mega Mall, Port Moresby, Papua New Guinea",
  "phone": "",
  "country-code": "PG",
  "country": "Papua New Guinea"
 },
 {
  "id": 84,
  "name": "Prada Restaurant",
  "address": "Hunter St, Port Moresby, Papua New Guinea",
  "phone": "+67581111110",
  "country-code": "PG",
  "country": "Papua New Guinea"
 },
 {
  "id": 85,
  "name": "The Cellar Restaurant",
  "address": "G5WP+CHW, Banksia St, Port Moresby, Papua New Guinea",
  "phone": "",
  "country-code": "PG",
  "country": "Papua New Guinea"
 },
 {
  "id": 86,
  "name": "Spice Southern Indian Restaurant",
  "address": "G5F2+6WR, McGregor, Port Moresby, Papua New Guinea",
  "phone": "",
  "country-code": "PG",
  "country": "Papua New Guinea"
 },
 {
  "id": 87,
  "name": "GAINO's Bar \u0026 Restaurants",
  "address": "Cameron Rd, Port Moresby, Papua New Guinea",
  "phone": "+67574111774",
  "country-code": "PG",
  "country": "Papua New Guinea"
 },
 {
  "id": 88,
  "name": "Silver Leaf Restaurant",
  "address": "H57J+744, Port Moresby, Papua New Guinea",
  "phone": "",
  "country-code": "PG",
  "country": "Papua New Guinea"
 },
 {
  "id": 89,
  "name": "EVAN SISTERS RESTAURANT",
  "address": "G5WP+M9P, Port Moresby, Papua New Guinea",
  "phone": "",
  "country-code": "PG",
  "country": "Papua New Guinea"
 },
 {
  "id": 90,
  "name": "Diners Place",
  "address": "G-barracks, Warias Street, Port Moresby 121, Papua New Guinea",
  "phone": "+67578965090",
  "country-code": "PG",
  "country": "Papua New Guinea"
 },
 {
  "id": 91,
  "name": "Feast Restaurant",
  "address": "G5PW+2FP, Okari St, Port Moresby, Papua New Guinea",
  "phone": "",
  "country-code": "PG",
  "country": "Papua New Guinea"
 },
 {
  "id": 92,
  "name": "The Dirty Kitchen",
  "address": "Level 2 Sec. 32, Lot 12 Poinciana Street, Port Moresby, Papua New Guinea",
  "phone": "",
  "country-code": "PG",
  "country": "Papua New Guinea"
 },
 {
  "id": 93,
  "name": "DC Cafe Bar Restaurant",
  "address": "G5XR+R8C, Port Moresby, Papua New Guinea",
  "phone": "",
  "country-code": "PG",
  "country": "Papua New Guinea"
 },
 {
  "id": 94,
  "name": "Ribito Grill \u0026 Restaurant",
  "address": "Section 73 Allotment 34, Boroko NCD, Gagoma St, Port Moresby 111, Papua New Guinea",
  "phone": "",
  "country-code": "PG",
  "country": "Papua New Guinea"
 },
 {
  "id": 95,
  "name": "Plaza Inn Restaurant",
  "address": "Cnr of Ago Street and Varahe Road, Gordons Industrial Port Moresby, Port Moresby, Papua New Guinea",
  "phone": "",
  "country-code": "PG",
  "country": "Papua New Guinea"
 },
 {
  "id": 96,
  "name": "DAIKOKU Harbourside PNG",
  "address": "Allotment 6 Section 122 , Gordons Port Moresby National Capital District, 121, Papua New Guinea",
  "phone": "+67573769963",
  "country-code": "PG",
  "country": "Papua New Guinea"
 },
 {
  "id": 97,
  "name": "China Restaurant",
  "address": "G5VV+XVX, Gabaka St, Port Moresby, Papua New Guinea",
  "phone": "+6753258528",
  "country-code": "PG",
  "country": "Papua New Guinea"
 },
 {
  "id": 98,
  "name": "Chow Masters",
  "address": "G5XV+5X4, Spring Garden Rd, Port Moresby, Papua New Guinea",
  "phone": "",
  "country-code": "PG",
  "country": "Papua New Guinea"
 },
 {
  "id": 99,
  "name": "Fisho's Fish \u0026 Chip Shop",
  "address": "G5XM+MRW, Port Moresby, Papua New Guinea",
  "phone": "+67573558562",
  "country-code": "PG",
  "country": "Papua New Guinea"
 },
 {
  "id": 100,
  "name": "Jeans Delight",
  "address": "Cobon St, Port Moresby 121, Papua New Guinea",
  "phone": "+67574523092",
  "country-code": "PG",
  "country": "Papua New Guinea"
 },
 {
  "id": 101,
  "name": "Sizzler's Family Restaurant",
  "address": "H52P+RH9, Port Moresby, Papua New Guinea",
  "phone": "+6753230188",
  "country-code": "PG",
  "country": "Papua New Guinea"
 },
 {
  "id": 102,
  "name": "Wild Orchid Restaurant",
  "address": "Section 61, Allotment 06, Munahu St, Port Moresby 112, Papua New Guinea",
  "phone": "+67578805060",
  "country-code": "PG",
  "country": "Papua New Guinea"
 },
 {
  "id": 103,
  "name": "Latha Kitchen",
  "address": "H53P+268, Port Moresby, Papua New Guinea",
  "phone": "+67572436280",
  "country-code": "PG",
  "country": "Papua New Guinea"
 },
 {
  "id": 104,
  "name": "Element Bar",
  "address": "25 Lahara Ave, Port Moresby, Papua New Guinea",
  "phone": "",
  "country-code": "PG",
  "country": "Papua New Guinea"
 },
 {
  "id": 105,
  "name": "Finch's",
  "address": "H54M+G4W, Port Moresby, Papua New Guinea",
  "phone": "",
  "country-code": "PG",
  "country": "Papua New Guinea"
 },
 {
  "id": 106,
  "name": "Spices",
  "address": "G5MW+XQ8, Okari St, Port Moresby, Papua New Guinea",
  "phone": "",
  "country-code": "PG",
  "country": "Papua New Guinea"
 },
 {
  "id": 107,
  "name": "KAI BAR",
  "address": "POM NDC, Melanesian dr CGO Building, Papua New Guinea",
  "phone": "+67570681766",
  "country-code": "PG",
  "country": "Papua New Guinea"
 },
 {
  "id": 108,
  "name": "Dynasty Seafood Restaurant",
  "address": "Klinki St, Port Moresby 121, Papua New Guinea",
  "phone": "+67578803633",
  "country-code": "PG",
  "country": "Papua New Guinea"
 },
 {
  "id": 109,
  "name": "The Kopi Haus Restaurant",
  "address": "G5P3+665, Port Moresby, Papua New Guinea",
  "phone": "+67579955263",
  "country-code": "PG",
  "country": "Papua New Guinea"
 },
 {
  "id": 110,
  "name": "House of Cuisine",
  "address": "H56G+CXF, Port Moresby, Papua New Guinea",
  "phone": "+67572353889",
  "country-code": "PG",
  "country": "Papua New Guinea"
 },
 {
  "id": 111,
  "name": "Red House Chinese Restaurant",
  "address": "H56J+JMG, Port Moresby, Papua New Guinea",
  "phone": "",
  "country-code": "PG",
  "country": "Papua New Guinea"
 },
 {
  "id": 112,
  "name": "Cafe Pacific Restaurant",
  "address": "G5WP+FH7, Waigani Dr, Port Moresby, Papua New Guinea",
  "phone": "",
  "country-code": "PG",
  "country": "Papua New Guinea"
 },
 {
  "id": 113,
  "name": "King Hot Pot and BBQ",
  "address": "G5WR+WPJ, Goroa St, Port Moresby, Papua New Guinea",
  "phone": "",
  "country-code": "PG",
  "country": "Papua New Guinea"
 },
 {
  "id": 114,
  "name": "INKZ CAFE \u0026 RESTAURANT",
  "address": "H54P+24R, Port Moresby, Papua New Guinea",
  "phone": "",
  "country-code": "PG",
  "country": "Papua New Guinea"
 },
 {
  "id": 115,
  "name": "Okaria Restaurant",
  "address": "Cnr Waigani, Wards Rd, Port Moresby 121, Papua New Guinea",
  "phone": "+67571706530",
  "country-code": "PG",
  "country": "Papua New Guinea"
 },
 {
  "id": 116,
  "name": "Bistro Savannah - Wokples Building",
  "address": "G4CX+GV7, Port Moresby, Papua New Guinea",
  "phone": "",
  "country-code": "PG",
  "country": "Papua New Guinea"
 },
 {
  "id": 117,
  "name": "Edge Cafe Port Moresby",
  "address": "G49W+XM2, Bougainville Cres, Port Moresby, Papua New Guinea",
  "phone": "",
  "country-code": "PG",
  "country": "Papua New Guinea"
 },
 {
  "id": 118,
  "name": "Anna’s Kitchen",
  "address": "H56J+VJR, Vision City Mega Mall,, Port Moresby, Papua New Guinea",
  "phone": "+6753028538",
  "country-code": "PG",
  "country": "Papua New Guinea"
 },
 {
  "id": 119,
  "name": "Sparkling Restaurant \u0026 KTV",
  "address": "Heduru Haus, Port Moresby, Papua New Guinea",
  "phone": "",
  "country-code": "PG",
  "country": "Papua New Guinea"
 },
 {
  "id": 120,
  "name": "Jean's Delight Waigani",
  "address": "G5VV+WGJ, Gabaka St, Port Moresby, Papua New Guinea",
  "phone": "+67572047244",
  "country-code": "PG",
  "country": "Papua New Guinea"
 },
 {
  "id": 121,
  "name": "Plaza Food Station",
  "address": "Jackson's Parade, Port Moresby 121, Papua New Guinea",
  "phone": "+6753278172",
  "country-code": "PG",
  "country": "Papua New Guinea"
 },
 {
  "id": 122,
  "name": "POM Restaurant",
  "address": "G4CX+RP3, Hanuabada Port Moresby, 🇵🇬, Papua New Guinea",
  "phone": "+67572528778",
  "country-code": "PG",
  "country": "Papua New Guinea"
 },
 {
  "id": 123,
  "name": "Kingdom",
  "address": "G5FM+X95, Hubert Murray Hwy, Port Moresby, Papua New Guinea",
  "phone": "+6753258433",
  "country-code": "PG",
  "country": "Papua New Guinea"
 },
 {
  "id": 124,
  "name": "Big Rooster",
  "address": "Hunter St, Port Moresby, Papua New Guinea",
  "phone": "+67581111120",
  "country-code": "PG",
  "country": "Papua New Guinea"
 },
 {
  "id": 125,
  "name": "Fu Gui",
  "address": "Jacksons Parade, Port Moresby 121, Papua New Guinea",
  "phone": "+6753278711",
  "country-code": "PG",
  "country": "Papua New Guinea"
 },
 {
  "id": 126,
  "name": "Rays Resturant",
  "address": "G5MW+VW7, Port Moresby, Papua New Guinea",
  "phone": "",
  "country-code": "PG",
  "country": "Papua New Guinea"
 },
 {
  "id": 127,
  "name": "Double Dose Kitchen",
  "address": "Twin Merilon Business Centre, Section 122, Lot 10, Cobon Street, Geauta Dr, Port Moresby, Papua New Guinea",
  "phone": "+67576862021",
  "country-code": "PG",
  "country": "Papua New Guinea"
 },
 {
  "id": 128,
  "name": "The Legends Sports Bar \u0026 Cafe'",
  "address": "G4FX+8J6, Harbour Side, Port Moresby, Papua New Guinea",
  "phone": "",
  "country-code": "PG",
  "country": "Papua New Guinea"
 },
 {
  "id": 129,
  "name": "Bamboo Hut Kai Bar",
  "address": "Kawai Dr, Port Moresby 111, Papua New Guinea",
  "phone": "",
  "country-code": "PG",
  "country": "Papua New Guinea"
 },
 {
  "id": 130,
  "name": "Baker Boy (PNG)",
  "address": "Banksia Street Waigani Drive Waigani Central, Port Moresby 121, Papua New Guinea",
  "phone": "+67571788269",
  "country-code": "PG",
  "country": "Papua New Guinea"
 },
 {
  "id": 131,
  "name": "McBell's Kitchen",
  "address": "G49X+HXR, Musgrave St, Port Moresby, Papua New Guinea",
  "phone": "+67578132082",
  "country-code": "PG",
  "country": "Papua New Guinea"
 },
 {
  "id": 132,
  "name": "Burning BBQ",
  "address": "Banksia St, Port Moresby, Papua New Guinea",
  "phone": "",
  "country-code": "PG",
  "country": "Papua New Guinea"
 },
 {
  "id": 133,
  "name": "Kiwa Korean",
  "address": "Town PMV Stop, Port Moresby, Papua New Guinea",
  "phone": "+6753230640",
  "country-code": "PG",
  "country": "Papua New Guinea"
 },
 {
  "id": 134,
  "name": "Hagen Park",
  "address": "H52H+6WM, Wards Rd, Port Moresby, Papua New Guinea",
  "phone": "+67575018000",
  "country-code": "PG",
  "country": "Papua New Guinea"
 },
 {
  "id": 135,
  "name": "Wantok pizza",
  "address": "Scratchley Rd Badili Port Moresby National Capital District, 121, Papua New Guinea",
  "phone": "+67570671823",
  "country-code": "PG",
  "country": "Papua New Guinea"
 },
 {
  "id": 136,
  "name": "Lucky Lucky",
  "address": "H56M+V47, Port Moresby, Papua New Guinea",
  "phone": "+6753028888",
  "country-code": "PG",
  "country": "Papua New Guinea"
 },
 {
  "id": 137,
  "name": "Pacific Pizza",
  "address": "Steamships Compound Port Moresby NCD, 121, Papua New Guinea",
  "phone": "+67576481821",
  "country-code": "PG",
  "country": "Papua New Guinea"
 },
 {
  "id": 138,
  "name": "Buffalo Burger - Waigani Store",
  "address": "G5XV+29M, Port Moresby, Papua New Guinea",
  "phone": "",
  "country-code": "PG",
  "country": "Papua New Guinea"
 },
 {
  "id": 139,
  "name": "Big Rooster Waigani Central",
  "address": "111 Kawai Dr, Port Moresby, Papua New Guinea",
  "phone": "",
  "country-code": "PG",
  "country": "Papua New Guinea"
 },
 {
  "id": 140,
  "name": "Korean BBQ Restaurnt",
  "address": "H54Q+FC, Port Moresby, Papua New Guinea",
  "phone": "",
  "country-code": "PG",
  "country": "Papua New Guinea"
 },
 {
  "id": 141,
  "name": "The Wok Restaurant -Noko Lodge",
  "address": "3 Mile, The Shady Rest Hotel, Taurama Rd, Port Moresby 121, Papua New Guinea",
  "phone": "+6753230000",
  "country-code": "PG",
  "country": "Papua New Guinea"
 },
 {
  "id": 142,
  "name": "Buffalo Burger - Town Store",
  "address": "H59H+7V5, Waigani Dr, Port Moresby, Papua New Guinea",
  "phone": "",
  "country-code": "PG",
  "country": "Papua New Guinea"
 },
 {
  "id": 143,
  "name": "Stop N Shop Eat Street",
  "address": "H54H+VWJ, Waigani Dr, Port Moresby 495, Papua New Guinea",
  "phone": "",
  "country-code": "PG",
  "country": "Papua New Guinea"
 },
 {
  "id": 144,
  "name": "Kula Fried Lambflaps",
  "address": "G4CX+826, Port Moresby, Papua New Guinea",
  "phone": "",
  "country-code": "PG",
  "country": "Papua New Guinea"
 },
 {
  "id": 145,
  "name": "Binks's BBQ",
  "address": "John Guise Dr, Port Moresby, Papua New Guinea",
  "phone": "+6753251656",
  "country-code": "PG",
  "country": "Papua New Guinea"
 },
 {
  "id": 146,
  "name": "Central Waigani SNS Kitchen",
  "address": "111 Kawai Dr, Port Moresby, Papua New Guinea",
  "phone": "+6753112826",
  "country-code": "PG",
  "country": "Papua New Guinea"
 },
 {
  "id": 147,
  "name": "Rio's Brazilian BBQ \u0026 Steakhouse Churrascaria",
  "address": "H54H+XWH, Waigani Dr, Port Moresby 495, Papua New Guinea",
  "phone": "+6753232333",
  "country-code": "PG",
  "country": "Papua New Guinea"
 },
 {
  "id": 148,
  "name": "Sandy Restaurant",
  "address": "H55P+5C3, Cameron Rd, Port Moresby, Papua New Guinea",
  "phone": "+67573369020",
  "country-code": "PG",
  "country": "Papua New Guinea"
 },
 {
  "id": 149,
  "name": "Big Rooster",
  "address": "H52Q+RP, Port Moresby, Papua New Guinea",
  "phone": "+6753230863",
  "country-code": "PG",
  "country": "Papua New Guinea"
 },
 {
  "id": 150,
  "name": "Enzo's Pizza - Gateway Hotel",
  "address": "Sec: 60 Lot:26, Gabaka Street,, Gordons NCD NCD, 121, Papua New Guinea",
  "phone": "+67573682072",
  "country-code": "PG",
  "country": "Papua New Guinea"
 },
 {
  "id": 151,
  "name": "Lucky Strike",
  "address": "H54M+Q48, Port Moresby, Papua New Guinea",
  "phone": "+67579170077",
  "country-code": "PG",
  "country": "Papua New Guinea"
 },
 {
  "id": 152,
  "name": "Food Junction",
  "address": "H57J+F3Q, Toliman, Port Moresby, Papua New Guinea",
  "phone": "",
  "country-code": "PG",
  "country": "Papua New Guinea"
 },
 {
  "id": 153,
  "name": "Vision City Mega Mall",
  "address": "J567+98X, Gerehu Dr, Port Moresby, Papua New Guinea",
  "phone": "",
  "country-code": "PG",
  "country": "Papua New Guinea"
 },
 {
  "id": 154,
  "name": "Unity Mall",
  "address": "G6M9+W5X, Port Moresby, Papua New Guinea",
  "phone": "",
  "country-code": "PG",
  "country": "Papua New Guinea"
 },
 {
  "id": 155,
  "name": "J Mart Shopping Center",
  "address": "Lot 7, 8 \u0026 9, Section 429, 131 National Capital District, Waigani Dr, Port Moresby, Papua New Guinea",
  "phone": "789429131",
  "country-code": "PG",
  "country": "Papua New Guinea"
 },
 {
  "id": 156,
  "name": "Gerehu Shopping Centre",
  "address": "H673+2JR, Port Moresby, Papua New Guinea",
  "phone": "",
  "country-code": "PG",
  "country": "Papua New Guinea"
 },
 {
  "id": 157,
  "name": "Gordons Plaza",
  "address": "H53P+H2F, Port Moresby, Papua New Guinea",
  "phone": "",
  "country-code": "PG",
  "country": "Papua New Guinea"
 },
 {
  "id": 158,
  "name": "NWTL Shopping Mall",
  "address": "H56H+FRP, Port Moresby, Papua New Guinea",
  "phone": "",
  "country-code": "PG",
  "country": "Papua New Guinea"
 },
 {
  "id": 159,
  "name": "Papindo Shopping Centre",
  "address": "G5J3+W5C, Port Moresby, Papua New Guinea",
  "phone": "+67571062845",
  "country-code": "PG",
  "country": "Papua New Guinea"
 },
 {
  "id": 160,
  "name": "Waterfront Foodworld (Konedobu)",
  "address": "G5PX+624, Angau Dr, Port Moresby, Papua New Guinea",
  "phone": "",
  "country-code": "PG",
  "country": "Papua New Guinea"
 },
 {
  "id": 161,
  "name": "Rangeview Plaza - Retail and Residential",
  "address": "H53Q+7J5, Kawai Dr, Port Moresby, Papua New Guinea",
  "phone": "+67572282622",
  "country-code": "PG",
  "country": "Papua New Guinea"
 },
 {
  "id": 162,
  "name": "Steamships Downtown Plaza",
  "address": "H56M+R29, Port Moresby, Papua New Guinea",
  "phone": "",
  "country-code": "PG",
  "country": "Papua New Guinea"
 },
 {
  "id": 163,
  "name": "RH Hypermarket Vision City",
  "address": "Gerehu Dr, Port Moresby 121, Papua New Guinea",
  "phone": "+67570016171",
  "country-code": "PG",
  "country": "Papua New Guinea"
 },
 {
  "id": 164,
  "name": "Stop N Shop Harbour City",
  "address": "Unit 12 Waigani Shopping Complex Waigani NCD, 121, Papua New Guinea",
  "phone": "+6753120000",
  "country-code": "PG",
  "country": "Papua New Guinea"
 },
 {
  "id": 165,
  "name": "Garden City",
  "address": "J526+42R, Port Moresby, Papua New Guinea",
  "phone": "",
  "country-code": "PG",
  "country": "Papua New Guinea"
 },
 {
  "id": 166,
  "name": "Brian Bell Plaza Boroko",
  "address": "H53M+9VV, Waigani Dr, Port Moresby, Papua New Guinea",
  "phone": "+67575282719",
  "country-code": "PG",
  "country": "Papua New Guinea"
 },
 {
  "id": 167,
  "name": "China Town Market",
  "address": "NCDC, PNG National Capital District, Port Moresby Sec 53, Lot 3-5 Varahe Rd, Port Moresby 121, Papua New Guinea",
  "phone": "+67573255610",
  "country-code": "PG",
  "country": "Papua New Guinea"
 },
 {
  "id": 168,
  "name": "Mosin Plaza",
  "address": "H674+P52, Port Moresby, Erima, Papua New Guinea",
  "phone": "",
  "country-code": "PG",
  "country": "Papua New Guinea"
 },
 {
  "id": 169,
  "name": "Prouds Vision City",
  "address": "G5MV+WR5, Port Moresby, Papua New Guinea",
  "phone": "",
  "country-code": "PG",
  "country": "Papua New Guinea"
 },
 {
  "id": 170,
  "name": "SNS EXPRESS, AIRWAYS",
  "address": "NCD, Kawai Dr, Port Moresby 111, Papua New Guinea",
  "phone": "+6753252265",
  "country-code": "PG",
  "country": "Papua New Guinea"
 },
 {
  "id": 171,
  "name": "Thomand Plaza",
  "address": "H53Q+6JX, Kawai Dr, Port Moresby, Papua New Guinea",
  "phone": "+6753258469",
  "country-code": "PG",
  "country": "Papua New Guinea"
 },
 {
  "id": 172,
  "name": "Thomand Plaza",
  "address": "3708 Milinch of, Fourmil, Port Moresby 121, Papua New Guinea",
  "phone": "+67572150660",
  "country-code": "PG",
  "country": "Papua New Guinea"
 },
 {
  "id": 173,
  "name": "RH Hypermarket Gordons",
  "address": "G6X9+23F, Port Moresby, Papua New Guinea",
  "phone": "",
  "country-code": "PG",
  "country": "Papua New Guinea"
 },
 {
  "id": 174,
  "name": "Brian Bell Home Centre Gordons",
  "address": "3708 Milinch of, Fourmil, Port Moresby 121, Papua New Guinea",
  "phone": "+67572150660",
  "country-code": "PG",
  "country": "Papua New Guinea"
 },
 {
  "id": 175,
  "name": "Ori Lavi House",
  "address": "G6J5+34J, Boio St, Port Moresby, Papua New Guinea",
  "phone": "+67579953226",
  "country-code": "PG",
  "country": "Papua New Guinea"
 },
 {
  "id": 176,
  "name": "Rainbow Cash \u0026 Carry",
  "address": "J564+VPM, Port Moresby, Papua New Guinea",
  "phone": "+67573858464",
  "country-code": "PG",
  "country": "Papua New Guinea"
 },
 {
  "id": 177,
  "name": "Erimart",
  "address": "Lot 7, 8 \u0026 9, Section 429, 131 National Capital District, Waigani Dr Port Moresby, 219, Papua New Guinea",
  "phone": "789429131219",
  "country-code": "PG",
  "country": "Papua New Guinea"
 },
 {
  "id": 178,
  "name": "Stop and Shop Waigani Central",
  "address": "Angau Dr, Port Moresby, Papua New Guinea",
  "phone": "+6753259900",
  "country-code": "PG",
  "country": "Papua New Guinea"
 },
 {
  "id": 179,
  "name": "BNBM HARDWARE VARAHE BRANCH",
  "address": "G5MV+RX5, Turumu St, Port Moresby, Papua New Guinea",
  "phone": "+6753255411",
  "country-code": "PG",
  "country": "Papua New Guinea"
 },
 {
  "id": 180,
  "name": "Pacifika Women Network Trade Center",
  "address": "Lot 7, 8 \u0026 9, Section 429, 131 National Capital District, Waigani Drive Port Moresby NCD, 121, Papua New Guinea",
  "phone": "789429131121",
  "country-code": "PG",
  "country": "Papua New Guinea"
 },
 {
  "id": 181,
  "name": "Trends Essential Beauty Shop Rainbow Plaza",
  "address": "G5P4+932, Port Moresby, Papua New Guinea",
  "phone": "+6753120000",
  "country-code": "PG",
  "country": "Papua New Guinea"
 },
 {
  "id": 182,
  "name": "Brian Bell Home Centre - Vision City Mall",
  "address": "G4CX+VXH, Port, Port Moresby, Papua New Guinea",
  "phone": "",
  "country-code": "PG",
  "country": "Papua New Guinea"
 },
 {
  "id": 183,
  "name": "Papua New Guinea National Museum and Art Gallery",
  "address": "H5FQ+PX8, Port Moresby, Papua New Guinea",
  "phone": "+6753252405",
  "country-code": "PG",
  "country": "Papua New Guinea"
 },
 {
  "id": 184,
  "name": "Adventure Park PNG",
  "address": "Port Moresby Mosque, Wards Rd, Port Moresby, Papua New Guinea",
  "phone": "+6753259882",
  "country-code": "PG",
  "country": "Papua New Guinea"
 },
 {
  "id": 185,
  "name": "Ela Beach",
  "address": "G49X+PW4, Musgrave St, Port Moresby, Papua New Guinea",
  "phone": "",
  "country-code": "PG",
  "country": "Papua New Guinea"
 },
 {
  "id": 186,
  "name": "Mosque Hohola",
  "address": "J74G+CWF, Tanubada, Papua New Guinea",
  "phone": "+6753112471",
  "country-code": "PG",
  "country": "Papua New Guinea"
 },
 {
  "id": 187,
  "name": "Saint Mary's Catholic Cathedral",
  "address": "Bomana Road Port Morseby NCD, 121, Papua New Guinea",
  "phone": "",
  "country-code": "PG",
  "country": "Papua New Guinea"
 },
 {
  "id": 188,
  "name": "Vision City Mega Mall",
  "address": "Goro - Kaeaga Rd, Port Moresby, Papua New Guinea",
  "phone": "+6753260248",
  "country-code": "PG",
  "country": "Papua New Guinea"
 },
 {
  "id": 189,
  "name": "Port Moresby",
  "address": "Champion Parade, Granville, Port Moresby, Port Moresby 140, Papua New Guinea",
  "phone": "+6753211700",
  "country-code": "PG",
  "country": "Papua New Guinea"
 },
 {
  "id": 190,
  "name": "Royal Papua Yacht Club Port Moresby",
  "address": "Lot 7, 8 \u0026 9, Section 429, 131 National Capital District, Waigani Dr, Port Moresby, Papua New Guinea",
  "phone": "789429131",
  "country-code": "PG",
  "country": "Papua New Guinea"
 },
 {
  "id": 191,
  "name": "Papua New Guinea Parliament House",
  "address": "G6J5+34J, Boio St, Port Moresby, Papua New Guinea",
  "phone": "+67579953226",
  "country-code": "PG",
  "country": "Papua New Guinea"
 },
 {
  "id": 192,
  "name": "APEC Haus",
  "address": "H53Q+7J5, Kawai Dr, Port Moresby, Papua New Guinea",
  "phone": "+67572282622",
  "country-code": "PG",
  "country": "Papua New Guinea"
 },
 {
  "id": 193,
  "name": "Owers' Corner",
  "address": "PORTION 1069,BOOTLESS BAY, TAHIRA, CENTRAL, Port Moresby, Papua New Guinea",
  "phone": "+67571088000",
  "country-code": "PG",
  "country": "Papua New Guinea"
 },
 {
  "id": 194,
  "name": "Koki Fish Market",
  "address": "G598+5V2, Walter Bay, Port Moresby, Papua New Guinea",
  "phone": "",
  "country-code": "PG",
  "country": "Papua New Guinea"
 },
 {
  "id": 195,
  "name": "Sirinumu Dam",
  "address": "H56J+JJ9, Port Moresby, Papua New Guinea",
  "phone": "+6753028550",
  "country-code": "PG",
  "country": "Papua New Guinea"
 },
 {
  "id": 196,
  "name": "Hog's Breath Cafe",
  "address": "Mokoraha Rd, Port Moresby, Papua New Guinea",
  "phone": "",
  "country-code": "PG",
  "country": "Papua New Guinea"
 },
 {
  "id": 197,
  "name": "Waigani Market",
  "address": "G582+M6X, Paga Ring Road, Port Moresby, Papua New Guinea",
  "phone": "",
  "country-code": "PG",
  "country": "Papua New Guinea"
 },
 {
  "id": 198,
  "name": "Gordons Plaza",
  "address": "JFQQ+55V, Fulimuti, Papua New Guinea",
  "phone": "",
  "country-code": "PG",
  "country": "Papua New Guinea"
 },
 {
  "id": 199,
  "name": "China Town Market",
  "address": "H5CR+QQ3, Port Moresby, Papua New Guinea",
  "phone": "+67574393146",
  "country-code": "PG",
  "country": "Papua New Guinea"
 },
 {
  "id": 200,
  "name": "Hotel Morobe",
  "address": "7293+H7F, 3rd St, Lae, Papua New Guinea",
  "phone": "+67576325932",
  "country-code": "PG",
  "country": "Papua New Guinea"
 },
 {
  "id": 201,
  "name": "Crossroads Hotel",
  "address": "8WG8+FF, Lae, Papua New Guinea",
  "phone": "+6754751124",
  "country-code": "PG",
  "country": "Papua New Guinea"
 },
 {
  "id": 202,
  "name": "Huon Gulf Hotel \u0026 Apartments",
  "address": "Markham Rd, Lae, Papua New Guinea",
  "phone": "+67579990100",
  "country-code": "PG",
  "country": "Papua New Guinea"
 },
 {
  "id": 203,
  "name": "Lae International Hotel",
  "address": "Section 177 Lot 1 \u0026 2, Coronation Dr, Lae 411, Papua New Guinea",
  "phone": "17712411",
  "country-code": "PG",
  "country": "Papua New Guinea"
 },
 {
  "id": 204,
  "name": "SIL Guesthouse",
  "address": "4th St, Lae, Papua New Guinea",
  "phone": "+6754722000",
  "country-code": "PG",
  "country": "Papua New Guinea"
 },
 {
  "id": 205,
  "name": "Bungaraya Restaurant",
  "address": "7XHP+JGP, Lae, Papua New Guinea",
  "phone": "",
  "country-code": "PG",
  "country": "Papua New Guinea"
 },
 {
  "id": 206,
  "name": "Enzo's Kitchen",
  "address": "72G4+934, Majestic Malahang Training Room-, Lae, Lae, Papua New Guinea",
  "phone": "",
  "country-code": "PG",
  "country": "Papua New Guinea"
 },
 {
  "id": 207,
  "name": "Restourant Bunga Raya",
  "address": "Markham Road Lae Morobe Province, 411, Papua New Guinea",
  "phone": "+6754724844",
  "country-code": "PG",
  "country": "Papua New Guinea"
 },
 {
  "id": 208,
  "name": "99 Restaurant",
  "address": "7X7Q+WVJ, Mangola St, Lae, Papua New Guinea",
  "phone": "+6754724722",
  "country-code": "PG",
  "country": "Papua New Guinea"
 },
 {
  "id": 209,
  "name": "Lae Bowls Kitchen",
  "address": "7XCW+VQC, Lae, Papua New Guinea",
  "phone": "",
  "country-code": "PG",
  "country": "Papua New Guinea"
 },
 {
  "id": 210,
  "name": "Zaffaran",
  "address": "7X7Q+GG3, Montoro St, Lae, Papua New Guinea",
  "phone": "",
  "country-code": "PG",
  "country": "Papua New Guinea"
 },
 {
  "id": 211,
  "name": "Hospital Restaurant",
  "address": "7XPV+F49, Lae, Papua New Guinea",
  "phone": "+67575341112",
  "country-code": "PG",
  "country": "Papua New Guinea"
 },
 {
  "id": 212,
  "name": "Soo Min Limited",
  "address": "7XPV+7QX, Buchanan cor Gurney Street, Lae City, Lae, Papua New Guinea",
  "phone": "",
  "country-code": "PG",
  "country": "Papua New Guinea"
 },
 {
  "id": 213,
  "name": "BIG ROOSTER and BIG DONUTS",
  "address": "7XMP+2Q9, Cedar Rd, Lae, Papua New Guinea",
  "phone": "+6754727177",
  "country-code": "PG",
  "country": "Papua New Guinea"
 },
 {
  "id": 214,
  "name": "Big Rooster",
  "address": "7X9V+J2F, Air Corps Rd, Lae, Papua New Guinea",
  "phone": "+6754791555",
  "country-code": "PG",
  "country": "Papua New Guinea"
 },
 {
  "id": 215,
  "name": "Ocean Restaurant",
  "address": "7XFX+X27, Lae, Papua New Guinea",
  "phone": "+6754790100",
  "country-code": "PG",
  "country": "Papua New Guinea"
 },
 {
  "id": 216,
  "name": "Irfa Kaibar, Irfa Holdings Limited.",
  "address": "72C2+FWH, Lae, Papua New Guinea",
  "phone": "+6754791555",
  "country-code": "PG",
  "country": "Papua New Guinea"
 },
 {
  "id": 217,
  "name": "Kwik Bange",
  "address": "Maipa corner, Boundary Rd, Lae, Papua New Guinea",
  "phone": "+67570952988",
  "country-code": "PG",
  "country": "Papua New Guinea"
 },
 {
  "id": 218,
  "name": "Vanda Restaurant",
  "address": "7293+G5V, 3rd St, Lae, Papua New Guinea",
  "phone": "",
  "country-code": "PG",
  "country": "Papua New Guinea"
 },
 {
  "id": 219,
  "name": "Lae City Cafe \u0026 Restaurant",
  "address": "7293+J4F, Lae, Papua New Guinea",
  "phone": "",
  "country-code": "PG",
  "country": "Papua New Guinea"
 },
 {
  "id": 220,
  "name": "EnKays BBQ \u0026 Grill",
  "address": "7294+JC5, 3rd St, Lae, Papua New Guinea",
  "phone": "",
  "country-code": "PG",
  "country": "Papua New Guinea"
 },
 {
  "id": 221,
  "name": "Mu Enterprise Limited",
  "address": "Morobe, Lae Aviat Club, Huon Rd, Lae 411, Papua New Guinea",
  "phone": "+67571096082",
  "country-code": "PG",
  "country": "Papua New Guinea"
 },
 {
  "id": 222,
  "name": "Fil Lae Food Hub",
  "address": "7X6M+CWR, Lae, Papua New Guinea",
  "phone": "+67570476986",
  "country-code": "PG",
  "country": "Papua New Guinea"
 },
 {
  "id": 223,
  "name": "Luluai's Italian Restaurant",
  "address": "Morobe, Chayter House Unit 4, Lae 411, Papua New Guinea",
  "phone": "+67571021121",
  "country-code": "PG",
  "country": "Papua New Guinea"
 },
 {
  "id": 224,
  "name": "Big Rooster",
  "address": "7XMV+JGM, Lae, Papua New Guinea",
  "phone": "",
  "country-code": "PG",
  "country": "Papua New Guinea"
 },
 {
  "id": 225,
  "name": "China Town Lae, Hydrolics PNG Ltd.",
  "address": "7XJQ+M28, Bumbu Rd, Lae, Papua New Guinea",
  "phone": "",
  "country-code": "PG",
  "country": "Papua New Guinea"
 },
 {
  "id": 226,
  "name": "Golf Club Gate",
  "address": "7X8R+R42, Malaita St, Lae, Papua New Guinea",
  "phone": "",
  "country-code": "PG",
  "country": "Papua New Guinea"
 },
 {
  "id": 227,
  "name": "Wickid Chicken",
  "address": "7XJR+47F, Casuarina Ave, Lae, Papua New Guinea",
  "phone": "+67571096082",
  "country-code": "PG",
  "country": "Papua New Guinea"
 },
 {
  "id": 228,
  "name": "Coastal Retail Services Limited",
  "address": "Morobe, Buimo Rd, Lae 411, Papua New Guinea",
  "phone": "+67571411106",
  "country-code": "PG",
  "country": "Papua New Guinea"
 },
 {
  "id": 229,
  "name": "Nu Wii Trading",
  "address": "7XMV+JFR, Hibiscus Ave, Lae, Papua New Guinea",
  "phone": "+67572011616",
  "country-code": "PG",
  "country": "Papua New Guinea"
 },
 {
  "id": 230,
  "name": "Phillip's Restaurant",
  "address": "7294+JC5, 3rd St, Lae, Papua New Guinea",
  "phone": "+6754722000",
  "country-code": "PG",
  "country": "Papua New Guinea"
 },
 {
  "id": 231,
  "name": "Kokomo Restaurant (Lae International)",
  "address": "72C2+PGQ, Lae, Papua New Guinea",
  "phone": "+67570246946",
  "country-code": "PG",
  "country": "Papua New Guinea"
 },
 {
  "id": 232,
  "name": "Top Bull Restaurant",
  "address": "7293+G7M, 3rd St, Lae, Papua New Guinea",
  "phone": "",
  "country-code": "PG",
  "country": "Papua New Guinea"
 },
 {
  "id": 233,
  "name": "RotLink investment",
  "address": "Morobe, Lot 5 Section 5, Lae 411, Papua New Guinea",
  "phone": "+67572412183",
  "country-code": "PG",
  "country": "Papua New Guinea"
 },
 {
  "id": 234,
  "name": "Boss LAEdy Burgers",
  "address": "7294+JFR, 3rd St, Lae, Papua New Guinea",
  "phone": "+6754722000",
  "country-code": "PG",
  "country": "Papua New Guinea"
 },
 {
  "id": 235,
  "name": "Lae Garden Restaurant",
  "address": "Lae, Mangola St, Lae 561, Papua New Guinea",
  "phone": "+67574395854",
  "country-code": "PG",
  "country": "Papua New Guinea"
 },
 {
  "id": 236,
  "name": "Big Rooster",
  "address": "Toptown Lae Png, 511, Papua New Guinea",
  "phone": "+67573703045",
  "country-code": "PG",
  "country": "Papua New Guinea"
 },
 {
  "id": 237,
  "name": "Belleview Square",
  "address": "7X7Q+GJQ Lae, Mangola St, Madang 151, Papua New Guinea",
  "phone": "+67571273379",
  "country-code": "PG",
  "country": "Papua New Guinea"
 },
 {
  "id": 238,
  "name": "Village Center West",
  "address": "7X9V+84V, Air Corps Rd, Lae, Papua New Guinea",
  "phone": "",
  "country-code": "PG",
  "country": "Papua New Guinea"
 },
 {
  "id": 239,
  "name": "Rainforest Habitat",
  "address": "7X9V+84V, Air Corps Rd, Lae, Papua New Guinea",
  "phone": "",
  "country-code": "PG",
  "country": "Papua New Guinea"
 },
 {
  "id": 240,
  "name": "Amelia Earhart Memorial",
  "address": "7X9X+H9H, Lae, Papua New Guinea",
  "phone": "",
  "country-code": "PG",
  "country": "Papua New Guinea"
 },
 {
  "id": 241,
  "name": "Lae Botanic Gardens",
  "address": "7274+4W6, Lae, Papua New Guinea",
  "phone": "+6754724091",
  "country-code": "PG",
  "country": "Papua New Guinea"
 },
 {
  "id": 242,
  "name": "Lae",
  "address": "7XHW+2M9, Lae, Papua New Guinea",
  "phone": "",
  "country-code": "PG",
  "country": "Papua New Guinea"
 },
 {
  "id": 243,
  "name": "Lae Main Market",
  "address": "7X8R+WWW, Kisere St, Lae, Papua New Guinea",
  "phone": "",
  "country-code": "PG",
  "country": "Papua New Guinea"
 },
 {
  "id": 244,
  "name": "Kamkumung Market",
  "address": "8XQW+H6H, Lae, Papua New Guinea",
  "phone": "+6754734662",
  "country-code": "PG",
  "country": "Papua New Guinea"
 },
 {
  "id": 245,
  "name": "Port Moresby Nature Park",
  "address": "72W2+8FG, Lae, Papua New Guinea",
  "phone": "+67572554936",
  "country-code": "PG",
  "country": "Papua New Guinea"
 },
 {
  "id": 246,
  "name": "LAE PLAZ",
  "address": "7XHW+RHC, Lae 675, Papua New Guinea",
  "phone": "",
  "country-code": "PG",
  "country": "Papua New Guinea"
 },
 {
  "id": 247,
  "name": "Lae Yacht Club",
  "address": "Goro - Kaeaga Rd, Port Moresby, Papua New Guinea",
  "phone": "+6753260248",
  "country-code": "PG",
  "country": "Papua New Guinea"
 },
 {
  "id": 248,
  "name": "Brian Bell Plaza",
  "address": "8WG8+FF, Lae, Papua New Guinea",
  "phone": "+6754751124",
  "country-code": "PG",
  "country": "Papua New Guinea"
 },
 {
  "id": 249,
  "name": "Hotel Morobe",
  "address": "Nadzab Lae, Morobe Province Papua New Guinean, 411, Papua New Guinea",
  "phone": "+6754753095",
  "country-code": "PG",
  "country": "Papua New Guinea"
 },
 {
  "id": 250,
  "name": "Bitapaka War Cemetery",
  "address": "M777+M4C, Kokopo, Papua New Guinea",
  "phone": "+6759828453",
  "country-code": "PG",
  "country": "Papua New Guinea"
 },
 {
  "id": 251,
  "name": "SVS Department Store",
  "address": "7X7Q+GJQ Lae, Mangola St, Madang 151, Papua New Guinea",
  "phone": "+67571273379",
  "country-code": "PG",
  "country": "Papua New Guinea"
 },
 {
  "id": 252,
  "name": "Andersons Foodland",
  "address": "4th St, Lae, Papua New Guinea",
  "phone": "+6754722000",
  "country-code": "PG",
  "country": "Papua New Guinea"
 },
 {
  "id": 253,
  "name": "Lae International Hotel",
  "address": "Section 177 Lot 1 \u0026 2, Coronation Dr, Lae 411, Papua New Guinea",
  "phone": "17712411",
  "country-code": "PG",
  "country": "Papua New Guinea"
 },
 {
  "id": 254,
  "name": "Kokopo War Museum",
  "address": "7XPR+8Q8, Bumbu Rd, Lae, Papua New Guinea",
  "phone": "+6754722366",
  "country-code": "PG",
  "country": "Papua New Guinea"
 },
 {
  "id": 255,
  "name": "Foodmart",
  "address": "H7VX+4P3, Ratavul, Papua New Guinea",
  "phone": "",
  "country-code": "PG",
  "country": "Papua New Guinea"
 },
 {
  "id": 256,
  "name": "Crossroads Hotel",
  "address": "7292+RCJ, 4th St, Lae, Papua New Guinea",
  "phone": "+6754721688",
  "country-code": "PG",
  "country": "Papua New Guinea"
 },
 {
  "id": 257,
  "name": "Lae Nadzab Airport",
  "address": "Corner of 7th Street \u0026 Huon Road Right next to the round about Lae, Morobe Province Papua New Guinea, Huon Rd, Lae 411, Papua New Guinea",
  "phone": "+6754793288",
  "country-code": "PG",
  "country": "Papua New Guinea"
 },
 {
  "id": 258,
  "name": "Rising Sun Lodge",
  "address": "Section 16 Arawa Autonomous Region of Bougainville, 355, Papua New Guinea",
  "phone": "+67572619719",
  "country-code": "PG",
  "country": "Papua New Guinea"
 },
 {
  "id": 259,
  "name": "DJ Garden Lodge",
  "address": "Section 10, Arawa Bougainville Arawa, 111, Papua New Guinea",
  "phone": "+67571176065",
  "country-code": "PG",
  "country": "Papua New Guinea"
 },
 {
  "id": 260,
  "name": "Jerohi Kai Bar",
  "address": "QHG7+F4C, Arawa, Papua New Guinea",
  "phone": "",
  "country-code": "PG",
  "country": "Papua New Guinea"
 },
 {
  "id": 261,
  "name": "XYZ Kai Bar",
  "address": "P.O Box 43 Buka, Arawa, Papua New Guinea",
  "phone": "+67573786667",
  "country-code": "PG",
  "country": "Papua New Guinea"
 },
 {
  "id": 262,
  "name": "Eagle Roots",
  "address": "P.O.Box 158, Arawa, Papua New Guinea",
  "phone": "",
  "country-code": "PG",
  "country": "Papua New Guinea"
 },
 {
  "id": 263,
  "name": "Mati Hauswin Bar \u0026 Grill",
  "address": "QHG8+PCF, Unnamed Road, Arawa, Papua New Guinea",
  "phone": "",
  "country-code": "PG",
  "country": "Papua New Guinea"
 },
 {
  "id": 264,
  "name": "Gold Dust Inn",
  "address": "QHG8+77P, Simba Street, Arawa, Papua New Guinea",
  "phone": "",
  "country-code": "PG",
  "country": "Papua New Guinea"
 },
 {
  "id": 265,
  "name": "Bougainville Machinery",
  "address": "Loloho Contituency Former BCL Recreational Area Kieta, Loloho, Papua New Guinea",
  "phone": "+67571505212",
  "country-code": "PG",
  "country": "Papua New Guinea"
 },
 {
  "id": 266,
  "name": "Bovo Fast Food Bar",
  "address": "Section 6, Arawa, Papua New Guinea",
  "phone": "",
  "country-code": "PG",
  "country": "Papua New Guinea"
 },
 {
  "id": 267,
  "name": "Kaih bomai",
  "address": "Section 11, Arawa, Papua New Guinea",
  "phone": "+67572862270",
  "country-code": "PG",
  "country": "Papua New Guinea"
 },
 {
  "id": 268,
  "name": "STI Shopping Centre",
  "address": "QHC9+XP4, Arawa, Papua New Guinea",
  "phone": "",
  "country-code": "PG",
  "country": "Papua New Guinea"
 },
 {
  "id": 269,
  "name": "Jayberth Plaza",
  "address": "QHFC+R4H, Unnamed Road, Arawa, Papua New Guinea",
  "phone": "",
  "country-code": "PG",
  "country": "Papua New Guinea"
 },
 {
  "id": 270,
  "name": "Animal Block City Hall",
  "address": "QHHG+G7V, Bougainville Island, Arawa, Papua New Guinea",
  "phone": "",
  "country-code": "PG",
  "country": "Papua New Guinea"
 },
 {
  "id": 271,
  "name": "Lynchar Arawa Shopping Centre",
  "address": "QHH7+8QG, Arawa, Papua New Guinea",
  "phone": "",
  "country-code": "PG",
  "country": "Papua New Guinea"
 },
 {
  "id": 272,
  "name": "Highlander Hotel \u0026 Apartments",
  "address": "Hagen Drive Wahghi Parade Mount Hagen Western Highlands Province, 281, Papua New Guinea",
  "phone": "+67579999104",
  "country-code": "PG",
  "country": "Papua New Guinea"
 },
 {
  "id": 273,
  "name": "Highlander Hotel \u0026 Apartments",
  "address": "Hagen Drive Wahghi Parade Mount Hagen Western Highlands Province, 281, Papua New Guinea",
  "phone": "+67579999104",
  "country-code": "PG",
  "country": "Papua New Guinea"
 },
 {
  "id": 274,
  "name": "Mt Hagen Missionary Home",
  "address": "Kuminga Road, Mount Hagen, Papua New Guinea",
  "phone": "+6755421041",
  "country-code": "PG",
  "country": "Papua New Guinea"
 },
 {
  "id": 275,
  "name": "McRoyal Hotel",
  "address": "Poimend, Downtown P.O Box 496 281, Mount Hagen, Papua New Guinea",
  "phone": "+6755422779",
  "country-code": "PG",
  "country": "Papua New Guinea"
 },
 {
  "id": 276,
  "name": "Hotel Kimininga",
  "address": "P.O.BOX 1706, Airport Access Road, Mount Hagen 281, Papua New Guinea",
  "phone": "+67579057602",
  "country-code": "PG",
  "country": "Papua New Guinea"
 },
 {
  "id": 277,
  "name": "Martha's Retreat \u0026 Cafe",
  "address": "Dobel 5451264 Mt Hagen Western Highlands Province, 675, Papua New Guinea",
  "phone": "5451264675",
  "country-code": "PG",
  "country": "Papua New Guinea"
 },
 {
  "id": 278,
  "name": "Hagen International Hotel",
  "address": "562R+84C, Highlands Hwy, Mount Hagen 281, Papua New Guinea",
  "phone": "+6755421100",
  "country-code": "PG",
  "country": "Papua New Guinea"
 },
 {
  "id": 279,
  "name": "Stubenschick ninety one",
  "address": "46QH+G9, Mount Hagen, Papua New Guinea",
  "phone": "",
  "country-code": "PG",
  "country": "Papua New Guinea"
 },
 {
  "id": 280,
  "name": "Enotria",
  "address": "46WP+M4G, Mount Hagen, Papua New Guinea",
  "phone": "",
  "country-code": "PG",
  "country": "Papua New Guinea"
 },
 {
  "id": 281,
  "name": "Pizzeria Gabbiano",
  "address": "46J6+5P3, Mount Hagen, Papua New Guinea",
  "phone": "",
  "country-code": "PG",
  "country": "Papua New Guinea"
 },
 {
  "id": 282,
  "name": "Mediteran Steakhaus",
  "address": "46RM+CWP, Kum Road, Mount Hagen, Papua New Guinea",
  "phone": "+67570217378",
  "country-code": "PG",
  "country": "Papua New Guinea"
 },
 {
  "id": 283,
  "name": "Restaurant Haus Schlesierland",
  "address": "Kapal haus, Mount Hagen, Papua New Guinea",
  "phone": "",
  "country-code": "PG",
  "country": "Papua New Guinea"
 },
 {
  "id": 284,
  "name": "Cave 66 - Fingerfood \u0026 Bar",
  "address": "Highlands, Kuminga Road Mt Hagen Western, 281, Papua New Guinea",
  "phone": "+67570785751",
  "country-code": "PG",
  "country": "Papua New Guinea"
 },
 {
  "id": 285,
  "name": "Santorini-Grill",
  "address": "579X+8V4, Airport Road, Mount Hagen, Papua New Guinea",
  "phone": "",
  "country-code": "PG",
  "country": "Papua New Guinea"
 },
 {
  "id": 286,
  "name": "Restaurant an der Volme",
  "address": "46WP+G4G, Mount Hagen, Papua New Guinea",
  "phone": "+67573417766",
  "country-code": "PG",
  "country": "Papua New Guinea"
 }
]