[
 {
  "id": 1,
  "name": "Bel Jou Hotel",
  "address": "Anse Cochon, Anse La Raye, St. Lucia",
  "phone": "+17584568101",
  "country-code": "LC",
  "country": "Saint Lucia"
 },
 {
  "id": 2,
  "name": "Harbour Vista Inn",
  "address": "Cooper Rd, Castries, St. Lucia",
  "phone": "+17587276902",
  "country-code": "LC",
  "country": "Saint Lucia"
 },
 {
  "id": 3,
  "name": "Windjammer Landing Villa Beach Resort",
  "address": "La Pansee Rd, Castries, St. Lucia",
  "phone": "+17584561800",
  "country-code": "LC",
  "country": "Saint Lucia"
 },
 {
  "id": 4,
  "name": "Bayside Villa St. Lucia",
  "address": "Malabar Beach, Castries 00000, St. Lucia",
  "phone": "+17584577900",
  "country-code": "LC",
  "country": "Saint Lucia"
 },
 {
  "id": 5,
  "name": "Coco Palm Resort",
  "address": "Cr. Bayside Drive \u0026, Old Military Rd, Castries, St. Lucia",
  "phone": "+17584846480",
  "country-code": "LC",
  "country": "Saint Lucia"
 },
 {
  "id": 6,
  "name": "Ti Kaye Resort \u0026 Spa",
  "address": "Choc, St. Lucia",
  "phone": "+17584522691",
  "country-code": "LC",
  "country": "Saint Lucia"
 },
 {
  "id": 7,
  "name": "Villa Beach",
  "address": "1504 Castries Labrelotte bay, st lucia, St. Lucia",
  "phone": "8775220722",
  "country-code": "LC",
  "country": "Saint Lucia"
 },
 {
  "id": 8,
  "name": "StolenTime by Rendezvous",
  "address": "Rodney Bay Marina, Gros Islet, St. Lucia",
  "phone": "+17587312900",
  "country-code": "LC",
  "country": "Saint Lucia"
 },
 {
  "id": 9,
  "name": "Zoëtry Marigot Bay St. Lucia",
  "address": "Mamma Sheila's Road Marigot Bay, Castries, St. Lucia",
  "phone": "+17582846975",
  "country-code": "LC",
  "country": "Saint Lucia"
 },
 {
  "id": 10,
  "name": "Bay Gardens Beach Resort \u0026 Spa",
  "address": "Morne Du Don, Castries, St. Lucia",
  "phone": "+17584537132",
  "country-code": "LC",
  "country": "Saint Lucia"
 },
 {
  "id": 11,
  "name": "Marigot Palms Luxury Caribbean Apartment Suites",
  "address": "Gros Islet, St. Lucia",
  "phone": "+17584536761",
  "country-code": "LC",
  "country": "Saint Lucia"
 },
 {
  "id": 12,
  "name": "Bay Gardens Hotel",
  "address": "La Mer Bougainvillea Drive, Cap Estate Gros Islet Post Office Gros Islet LC01 101, St. Lucia",
  "phone": "+17584508240",
  "country-code": "LC",
  "country": "Saint Lucia"
 },
 {
  "id": 13,
  "name": "Aanola Villas",
  "address": "Gros Islet, St. Lucia",
  "phone": "+17584843066",
  "country-code": "LC",
  "country": "Saint Lucia"
 },
 {
  "id": 14,
  "name": "Jade Mountain Resort",
  "address": "Rodney Heights, Rodney Bay, St. Lucia",
  "phone": "+17585844404",
  "country-code": "LC",
  "country": "Saint Lucia"
 },
 {
  "id": 15,
  "name": "Royal By Rex Resorts",
  "address": "Marigot, Marigot Bay, St. Lucia",
  "phone": "+17584508909",
  "country-code": "LC",
  "country": "Saint Lucia"
 },
 {
  "id": 16,
  "name": "Marigot Palms Luxury Caribbean Apartment Suites",
  "address": "Tapon Ave, La Clery, St. Lucia",
  "phone": "+17587147565",
  "country-code": "LC",
  "country": "Saint Lucia"
 },
 {
  "id": 17,
  "name": "Aanola Villas",
  "address": "Orange Cres, Rodney Bay Village, St. Lucia",
  "phone": "+17584578514",
  "country-code": "LC",
  "country": "Saint Lucia"
 },
 {
  "id": 18,
  "name": "City Oasis",
  "address": "Castries, St. Lucia",
  "phone": "8887263257",
  "country-code": "LC",
  "country": "Saint Lucia"
 },
 {
  "id": 19,
  "name": "Papillon By Rex Resorts",
  "address": "PO Box MG 7227, Marigot, St. Lucia",
  "phone": "+17584585300",
  "country-code": "LC",
  "country": "Saint Lucia"
 },
 {
  "id": 20,
  "name": "Mystique St. Lucia by Royalton",
  "address": "John St, Castries, St. Lucia",
  "phone": "",
  "country-code": "LC",
  "country": "Saint Lucia"
 },
 {
  "id": 21,
  "name": "Morne Seaview Apartments",
  "address": "La Croix Maingot P.o. Lx6514, Marigot Bay, St. Lucia",
  "phone": "+17587217693",
  "country-code": "LC",
  "country": "Saint Lucia"
 },
 {
  "id": 22,
  "name": "BodyHoliday Saint Lucia",
  "address": "Caye Mange, Gros Islet, St. Lucia",
  "phone": "+17584520186",
  "country-code": "LC",
  "country": "Saint Lucia"
 },
 {
  "id": 23,
  "name": "Soco House  Adults Only - All Inclusive",
  "address": "Anse la Verdure, St. Lucia",
  "phone": "+17584520280",
  "country-code": "LC",
  "country": "Saint Lucia"
 },
 {
  "id": 24,
  "name": "Apartment Espoir",
  "address": "Marigot Bay Castries St. Lucia, Soucis, St. Lucia",
  "phone": "+17584583188",
  "country-code": "LC",
  "country": "Saint Lucia"
 },
 {
  "id": 25,
  "name": "Bay Gardens Inn",
  "address": "Unnamed Road, Roseau, St. Lucia",
  "phone": "",
  "country-code": "LC",
  "country": "Saint Lucia"
 },
 {
  "id": 26,
  "name": "La Haut Resort",
  "address": "Old Military Rd, Gros Islet, St. Lucia",
  "phone": "+17585841120",
  "country-code": "LC",
  "country": "Saint Lucia"
 },
 {
  "id": 27,
  "name": "Tropical Breeze Vacations",
  "address": "Mongiraud, St. Lucia",
  "phone": "+17584520960",
  "country-code": "LC",
  "country": "Saint Lucia"
 },
 {
  "id": 28,
  "name": "Harmony Suites",
  "address": "Cas en Bas Rd, Beach, St. Lucia",
  "phone": "+17585720417",
  "country-code": "LC",
  "country": "Saint Lucia"
 },
 {
  "id": 29,
  "name": "East Winds",
  "address": "Mongiraud, St. Lucia",
  "phone": "+17584520960",
  "country-code": "LC",
  "country": "Saint Lucia"
 },
 {
  "id": 30,
  "name": "Sol Sanctum Hotel and Wellness Studio",
  "address": "Red Sunset Ave. Marigot Bay St. Lucia, Marigot Bay, St. Lucia",
  "phone": "+393455895657",
  "country-code": "LC",
  "country": "Saint Lucia"
 },
 {
  "id": 31,
  "name": "Samfi Gardens",
  "address": "Mon Repos, St. Lucia",
  "phone": "+17584553271",
  "country-code": "LC",
  "country": "Saint Lucia"
 },
 {
  "id": 32,
  "name": "Somewhere Special Guesthouse",
  "address": "Castries, St. Lucia",
  "phone": "+17584524359",
  "country-code": "LC",
  "country": "Saint Lucia"
 },
 {
  "id": 33,
  "name": "Eden Crest Villa",
  "address": "Government House Rd, Castries, St. Lucia",
  "phone": "",
  "country-code": "LC",
  "country": "Saint Lucia"
 },
 {
  "id": 34,
  "name": "Bay Heights Escape",
  "address": "La Clery, St. Lucia",
  "phone": "+17584523506",
  "country-code": "LC",
  "country": "Saint Lucia"
 },
 {
  "id": 35,
  "name": "Beachcross Villa Apartments",
  "address": "Bisee, St. Lucia",
  "phone": "",
  "country-code": "LC",
  "country": "Saint Lucia"
 },
 {
  "id": 36,
  "name": "Sandals Regency La Toc",
  "address": "Mary Ann St, Castries, St. Lucia",
  "phone": "",
  "country-code": "LC",
  "country": "Saint Lucia"
 },
 {
  "id": 37,
  "name": "Bay Gardens Marina Haven",
  "address": "Trouya Pointe, Gros Islet, St. Lucia",
  "phone": "+17584520933",
  "country-code": "LC",
  "country": "Saint Lucia"
 },
 {
  "id": 38,
  "name": "La Kaye Nou by SMO Wellness",
  "address": "Castries, St. Lucia",
  "phone": "",
  "country-code": "LC",
  "country": "Saint Lucia"
 },
 {
  "id": 39,
  "name": "Sandals Halcyon Beach",
  "address": "Seaview Avenue Marigot Bay, Soucis, St. Lucia",
  "phone": "4848889895",
  "country-code": "LC",
  "country": "Saint Lucia"
 },
 {
  "id": 40,
  "name": "Sandals Grande St. Lucian",
  "address": "Charlotte, St. Lucia",
  "phone": "8593128941",
  "country-code": "LC",
  "country": "Saint Lucia"
 },
 {
  "id": 41,
  "name": "Vacation Club by Lush",
  "address": "Belmar's Lane Morne Fortune, Good Lands, St. Lucia",
  "phone": "+17582853098",
  "country-code": "LC",
  "country": "Saint Lucia"
 },
 {
  "id": 42,
  "name": "Royalton Saint Lucia, An Autograph Collection All-Inclusive Resort",
  "address": "Building 1, Smuggler's Cove, St. Lucia",
  "phone": "8003312713",
  "country-code": "LC",
  "country": "Saint Lucia"
 },
 {
  "id": 43,
  "name": "St. James's Club Morgan Bay, St. Lucia - All-Inclusive",
  "address": "Bayside Dr, Charlotte, St. Lucia",
  "phone": "+17587160920",
  "country-code": "LC",
  "country": "Saint Lucia"
 },
 {
  "id": 44,
  "name": "Pink Plantation",
  "address": "Bonaire Estate, Marisule Gros Islet, St. Lucia",
  "phone": "+17584563500",
  "country-code": "LC",
  "country": "Saint Lucia"
 },
 {
  "id": 45,
  "name": "Poinsettia Villa Apartments",
  "address": "Belizaire Rd, Vigie, St. Lucia",
  "phone": "+17584560469",
  "country-code": "LC",
  "country": "Saint Lucia"
 },
 {
  "id": 46,
  "name": "Ocean Crest Villas",
  "address": "Chef Harry Drive The More Castries, Good Lands, St. Lucia",
  "phone": "+17584525422",
  "country-code": "LC",
  "country": "Saint Lucia"
 },
 {
  "id": 47,
  "name": "Cap Maison Resort \u0026 Spa",
  "address": "Choc Bay, Choc, St. Lucia",
  "phone": "8005974761",
  "country-code": "LC",
  "country": "Saint Lucia"
 },
 {
  "id": 48,
  "name": "Oasis Marigot, St. Lucia Villas",
  "address": "Castries - Gros Islet Hwy, Castries, St. Lucia",
  "phone": "8887263257",
  "country-code": "LC",
  "country": "Saint Lucia"
 },
 {
  "id": 49,
  "name": "Amazing Beach View Apartment",
  "address": "12 Fond Bay Drive, Escap, St. Lucia",
  "phone": "+17587180774",
  "country-code": "LC",
  "country": "Saint Lucia"
 },
 {
  "id": 50,
  "name": "D'office inn",
  "address": "Vielle Bay, Pointe Seraphine, Castries 00000, St. Lucia",
  "phone": "+17584563000",
  "country-code": "LC",
  "country": "Saint Lucia"
 },
 {
  "id": 51,
  "name": "C'est La Vie",
  "address": "Rodney Bay Marina, Gros Islet, St. Lucia",
  "phone": "+17584568500",
  "country-code": "LC",
  "country": "Saint Lucia"
 },
 {
  "id": 52,
  "name": "Seaview Apartmemts",
  "address": "La Toc Road, Castries, St. Lucia",
  "phone": "8887263257",
  "country-code": "LC",
  "country": "Saint Lucia"
 },
 {
  "id": 53,
  "name": "The Fox Grove Inn",
  "address": "Marie Therese St, Gros Islet, St. Lucia",
  "phone": "+17585195787",
  "country-code": "LC",
  "country": "Saint Lucia"
 },
 {
  "id": 54,
  "name": "Villa Susanna Saint Lucia - Luxury Villa Marigot Bay",
  "address": "Colombette Drive, Colombette ,Soufriere, St.Lucia, St. Lucia",
  "phone": "+17585186100",
  "country-code": "LC",
  "country": "Saint Lucia"
 },
 {
  "id": 55,
  "name": "Xhale Luxury Villa",
  "address": "St.lucia Address - Gros Islet, 0, St. Lucia",
  "phone": "+17587311000",
  "country-code": "LC",
  "country": "Saint Lucia"
 },
 {
  "id": 56,
  "name": "Alize Inn Hotel",
  "address": "La Brelotte Bay, Gros Islet, St. Lucia",
  "phone": "+17584528212",
  "country-code": "LC",
  "country": "Saint Lucia"
 },
 {
  "id": 57,
  "name": "Cap Cove St. Lucia",
  "address": "Bois d'Inde, St. Lucia",
  "phone": "",
  "country-code": "LC",
  "country": "Saint Lucia"
 },
 {
  "id": 58,
  "name": "Villa Cybelle",
  "address": "32 Saint Louis Street, Castries, St. Lucia",
  "phone": "+17584528756",
  "country-code": "LC",
  "country": "Saint Lucia"
 },
 {
  "id": 59,
  "name": "Alize Inn Hotel",
  "address": "38 Massie Street, Massade Gros-Islet, Gros Islet, Dauphin St, Gros Islet, St. Lucia",
  "phone": "+17584500589",
  "country-code": "LC",
  "country": "Saint Lucia"
 },
 {
  "id": 60,
  "name": "Villa Pomme D'Amour",
  "address": "Reduit Beach Ave, Rodney Bay, St. Lucia",
  "phone": "+17582851153",
  "country-code": "LC",
  "country": "Saint Lucia"
 },
 {
  "id": 61,
  "name": "Mango Beach Inn",
  "address": "269 Labrolette Crescent, Castries, St. Lucia",
  "phone": "+17584528134",
  "country-code": "LC",
  "country": "Saint Lucia"
 },
 {
  "id": 62,
  "name": "Les Chaudieres",
  "address": "Reduit Beach Ave, Rodney Bay, St. Lucia",
  "phone": "3054716170",
  "country-code": "LC",
  "country": "Saint Lucia"
 },
 {
  "id": 63,
  "name": "Augustas Apartments",
  "address": "Cariblue Beach, Cap Estate, St. Lucia, West Indies, St. Lucia",
  "phone": "+17584577800",
  "country-code": "LC",
  "country": "Saint Lucia"
 },
 {
  "id": 64,
  "name": "La Clery B \u0026 B Apartments",
  "address": "Vicky D Drive, Trouya, St. Lucia",
  "phone": "+17587276552",
  "country-code": "LC",
  "country": "Saint Lucia"
 },
 {
  "id": 65,
  "name": "Hillside Plaza Guest House",
  "address": "Arundel Hill Rd, Charlotte, St. Lucia",
  "phone": "+17587251638",
  "country-code": "LC",
  "country": "Saint Lucia"
 },
 {
  "id": 66,
  "name": "Water's Edge Villas by Bay Gardens Resorts",
  "address": "Reduit Beach Ave Gros Islet LC01 405, Gros Islet, St. Lucia",
  "phone": "+17584573131",
  "country-code": "LC",
  "country": "Saint Lucia"
 },
 {
  "id": 67,
  "name": "Marigot Bay",
  "address": "12 Tapion Reef Road, Castries, St. Lucia",
  "phone": "+17584532223",
  "country-code": "LC",
  "country": "Saint Lucia"
 },
 {
  "id": 68,
  "name": "Honeymoon Hideaway Suites",
  "address": "Reduit Beach Ave, Rodney Bay, St. Lucia",
  "phone": "3054716170",
  "country-code": "LC",
  "country": "Saint Lucia"
 },
 {
  "id": 69,
  "name": "Villa Atlantis",
  "address": "Reduit Beach Ave, Rodney Bay, St. Lucia",
  "phone": "+17584520984",
  "country-code": "LC",
  "country": "Saint Lucia"
 },
 {
  "id": 70,
  "name": "Villa Ashiana",
  "address": "Mamin, St. Lucia",
  "phone": "8002231108",
  "country-code": "LC",
  "country": "Saint Lucia"
 },
 {
  "id": 71,
  "name": "Beachwalk Inn",
  "address": "12 Tapion Reef Road, Castries, St. Lucia",
  "phone": "+17584532223",
  "country-code": "LC",
  "country": "Saint Lucia"
 },
 {
  "id": 72,
  "name": "Villa Capri",
  "address": "Reduit Beach Ave, Rodney Bay, St. Lucia",
  "phone": "8779574051",
  "country-code": "LC",
  "country": "Saint Lucia"
 },
 {
  "id": 73,
  "name": "Grandtosh Luxury Apartments",
  "address": "Rodney Bay Village, Gros-Islet, St. Lucia",
  "phone": "+17584578010",
  "country-code": "LC",
  "country": "Saint Lucia"
 },
 {
  "id": 74,
  "name": "The Balcony Restaurant \u0026 Bar St.Lucia",
  "address": "Jeremie St, Castries, St. Lucia",
  "phone": "+17584518125",
  "country-code": "LC",
  "country": "Saint Lucia"
 },
 {
  "id": 75,
  "name": "Chef Robby's Caribbean Pirates",
  "address": "Darling road, Castries, St. Lucia",
  "phone": "",
  "country-code": "LC",
  "country": "Saint Lucia"
 },
 {
  "id": 76,
  "name": "Flamingo Restaurant",
  "address": "Jeremie St, Castries, St. Lucia",
  "phone": "+17584613526",
  "country-code": "LC",
  "country": "Saint Lucia"
 },
 {
  "id": 77,
  "name": "Indulge",
  "address": "Micoud St, Castries, St. Lucia",
  "phone": "+17584521691",
  "country-code": "LC",
  "country": "Saint Lucia"
 },
 {
  "id": 78,
  "name": "Aunties place",
  "address": "Chisel St, Castries, St. Lucia",
  "phone": "+17587173737",
  "country-code": "LC",
  "country": "Saint Lucia"
 },
 {
  "id": 79,
  "name": "Three Angels Cafe",
  "address": "Chausee Rd, Castries, St. Lucia",
  "phone": "+17587162252",
  "country-code": "LC",
  "country": "Saint Lucia"
 },
 {
  "id": 80,
  "name": "7 A Live Restaurant \u0026 Bar",
  "address": "La Place Carenage, Jeremie Street, Castries, St. Lucia",
  "phone": "+17584522543",
  "country-code": "LC",
  "country": "Saint Lucia"
 },
 {
  "id": 81,
  "name": "Bonne Table",
  "address": "Castries, St. Lucia",
  "phone": "",
  "country-code": "LC",
  "country": "Saint Lucia"
 },
 {
  "id": 82,
  "name": "JC's Restaurant \u0026 Bar",
  "address": "Castries - Gros Islet Hwy, Choc, St. Lucia",
  "phone": "",
  "country-code": "LC",
  "country": "Saint Lucia"
 },
 {
  "id": 83,
  "name": "Leo's Restaurant",
  "address": "Good Lands, St. Lucia",
  "phone": "+17584515617",
  "country-code": "LC",
  "country": "Saint Lucia"
 },
 {
  "id": 84,
  "name": "Caribbean Hot Wings",
  "address": "Cul de sac, Bexon highway Castries, St. Lucia",
  "phone": "+17587146062",
  "country-code": "LC",
  "country": "Saint Lucia"
 },
 {
  "id": 85,
  "name": "Karib Bytez",
  "address": "Good Lands, St. Lucia",
  "phone": "+17587256151",
  "country-code": "LC",
  "country": "Saint Lucia"
 },
 {
  "id": 86,
  "name": "Just See Food",
  "address": "Vielle Bay, Pointe Seraphine, Castries 00000, St. Lucia",
  "phone": "+17584563000",
  "country-code": "LC",
  "country": "Saint Lucia"
 },
 {
  "id": 87,
  "name": "The White House Restaurant and Bar",
  "address": "Castries - Gros Islet Hwy, Choc, St. Lucia",
  "phone": "",
  "country-code": "LC",
  "country": "Saint Lucia"
 },
 {
  "id": 88,
  "name": "Donna's",
  "address": "Market Place, Castries City, 1023, St. Lucia",
  "phone": "+17584527979",
  "country-code": "LC",
  "country": "Saint Lucia"
 },
 {
  "id": 89,
  "name": "Sea town restaurant",
  "address": "la Toc Rd, Castries, St. Lucia",
  "phone": "+17587214441",
  "country-code": "LC",
  "country": "Saint Lucia"
 },
 {
  "id": 90,
  "name": "Sea town restaurant",
  "address": "la Toc Rd, Charlotte, St. Lucia",
  "phone": "+17584524047",
  "country-code": "LC",
  "country": "Saint Lucia"
 },
 {
  "id": 91,
  "name": "Sharon's Food Place",
  "address": "La Belle Vie, Ciceron Castries, Ciceron, St. Lucia",
  "phone": "+17587123729",
  "country-code": "LC",
  "country": "Saint Lucia"
 },
 {
  "id": 92,
  "name": "La Burger Joint",
  "address": "Castries - Gros Islet Hwy, Choc, St. Lucia",
  "phone": "",
  "country-code": "LC",
  "country": "Saint Lucia"
 },
 {
  "id": 93,
  "name": "Sparkles Place",
  "address": "la Toc Rd, Charlotte, St. Lucia",
  "phone": "+17587163500",
  "country-code": "LC",
  "country": "Saint Lucia"
 },
 {
  "id": 94,
  "name": "Nyaim’s Restaurant \u0026 Bar",
  "address": "St Louis St, Bisee, St. Lucia",
  "phone": "+17584527018",
  "country-code": "LC",
  "country": "Saint Lucia"
 },
 {
  "id": 95,
  "name": "Sandra’s place",
  "address": "Chausee Rd, Bisee, St. Lucia",
  "phone": "",
  "country-code": "LC",
  "country": "Saint Lucia"
 },
 {
  "id": 96,
  "name": "Dexter's 2 For 1 Bar \u0026 Grill",
  "address": "Castries - Gros Islet Hwy, Choc, St. Lucia",
  "phone": "",
  "country-code": "LC",
  "country": "Saint Lucia"
 },
 {
  "id": 97,
  "name": "Dezen Eats",
  "address": "Universal Cycle Center, Lower, Block H Shop#2, Darling Rd, Opposite, St. Lucia",
  "phone": "+17587321622",
  "country-code": "LC",
  "country": "Saint Lucia"
 },
 {
  "id": 98,
  "name": "Sylvia's Place",
  "address": "Gablewoods mall, sunny acres, Castries, Choc, St. Lucia",
  "phone": "",
  "country-code": "LC",
  "country": "Saint Lucia"
 },
 {
  "id": 99,
  "name": "KFC",
  "address": "Castries, Charlotte, St. Lucia",
  "phone": "",
  "country-code": "LC",
  "country": "Saint Lucia"
 },
 {
  "id": 100,
  "name": "Efresco Cafe \u0026 Restaurant",
  "address": "GPO170 Maynard Hill, Castries, St. Lucia",
  "phone": "+17585188303",
  "country-code": "LC",
  "country": "Saint Lucia"
 },
 {
  "id": 101,
  "name": "City Gate Bar Castries",
  "address": "Sunny Acres Castries, La Clery, St. Lucia",
  "phone": "",
  "country-code": "LC",
  "country": "Saint Lucia"
 },
 {
  "id": 102,
  "name": "Livity Foods Ltd",
  "address": "Castries, St. Lucia",
  "phone": "+17584589875",
  "country-code": "LC",
  "country": "Saint Lucia"
 },
 {
  "id": 103,
  "name": "J's Street Food",
  "address": "Chase Gardens, Castries, St. Lucia",
  "phone": "",
  "country-code": "LC",
  "country": "Saint Lucia"
 },
 {
  "id": 104,
  "name": "Cheryl's Place",
  "address": "Morne Doudon Rd, Bisee, St. Lucia",
  "phone": "+17587290641",
  "country-code": "LC",
  "country": "Saint Lucia"
 },
 {
  "id": 105,
  "name": "Monkey",
  "address": "Castries, St. Lucia",
  "phone": "",
  "country-code": "LC",
  "country": "Saint Lucia"
 },
 {
  "id": 106,
  "name": "Monty's Place, Venders Arcade",
  "address": "Castries, La Clery, St. Lucia",
  "phone": "+17587302188",
  "country-code": "LC",
  "country": "Saint Lucia"
 },
 {
  "id": 107,
  "name": "Kc's Trini Cuisine",
  "address": "Castries, St. Lucia",
  "phone": "+17584524676",
  "country-code": "LC",
  "country": "Saint Lucia"
 },
 {
  "id": 108,
  "name": "Pitou 'S French Snack-bar",
  "address": "Sans Souci, Castries, St. Lucia",
  "phone": "+17587225369",
  "country-code": "LC",
  "country": "Saint Lucia"
 },
 {
  "id": 109,
  "name": "New town Chinese restaurant",
  "address": "Bridge St, Castries, St. Lucia",
  "phone": "+17584514049",
  "country-code": "LC",
  "country": "Saint Lucia"
 },
 {
  "id": 110,
  "name": "Subway",
  "address": "Chef Harry Drive The More Castries, Good Lands, St. Lucia",
  "phone": "+17584525422",
  "country-code": "LC",
  "country": "Saint Lucia"
 },
 {
  "id": 111,
  "name": "Fnf \u0026 new world chinese restaurant",
  "address": "Castries, St. Lucia",
  "phone": "+17587206642",
  "country-code": "LC",
  "country": "Saint Lucia"
 },
 {
  "id": 112,
  "name": "Beyond Vegan",
  "address": "Blue Coral Mall, Castries, St. Lucia",
  "phone": "+17584521600",
  "country-code": "LC",
  "country": "Saint Lucia"
 },
 {
  "id": 113,
  "name": "Le Ton",
  "address": "New Village, Castries, St. Lucia",
  "phone": "",
  "country-code": "LC",
  "country": "Saint Lucia"
 },
 {
  "id": 114,
  "name": "Tropica Vybz",
  "address": "28 St Louis St, Castries, St. Lucia",
  "phone": "+17587183034",
  "country-code": "LC",
  "country": "Saint Lucia"
 },
 {
  "id": 115,
  "name": "Green Eats Cafe",
  "address": "Castries, St. Lucia",
  "phone": "+17584531936",
  "country-code": "LC",
  "country": "Saint Lucia"
 },
 {
  "id": 116,
  "name": "Ming's Chinese Restaurant",
  "address": "Castries, St. Lucia",
  "phone": "+17584525347",
  "country-code": "LC",
  "country": "Saint Lucia"
 },
 {
  "id": 117,
  "name": "Mokocho Vegetarian Cuisine",
  "address": "Castries, St. Lucia",
  "phone": "",
  "country-code": "LC",
  "country": "Saint Lucia"
 },
 {
  "id": 118,
  "name": "JJ'S Bar Feat ATOMIK",
  "address": "Calvary Rd, Castries, St. Lucia",
  "phone": "+17587294652",
  "country-code": "LC",
  "country": "Saint Lucia"
 },
 {
  "id": 119,
  "name": "Royal Castle Fast Food \u0026Pastries plus",
  "address": "7 St Louis St, Castries, St. Lucia",
  "phone": "",
  "country-code": "LC",
  "country": "Saint Lucia"
 },
 {
  "id": 120,
  "name": "Brenee‘s Place #19",
  "address": "Corner Of Jeremie And, Cadet Streets - Downtown, St. Lucia",
  "phone": "+17584500136",
  "country-code": "LC",
  "country": "Saint Lucia"
 },
 {
  "id": 121,
  "name": "Subway",
  "address": "Broglie St, Castries, St. Lucia",
  "phone": "+17587191580",
  "country-code": "LC",
  "country": "Saint Lucia"
 },
 {
  "id": 122,
  "name": "中華料理店（中央）",
  "address": "Castries, St. Lucia",
  "phone": "+17587197609",
  "country-code": "LC",
  "country": "Saint Lucia"
 },
 {
  "id": 123,
  "name": "F \u0026 F Chinese Restaurant",
  "address": "Castries, St. Lucia",
  "phone": "",
  "country-code": "LC",
  "country": "Saint Lucia"
 },
 {
  "id": 124,
  "name": "TT's Hotspot Restaurant",
  "address": "St. Lucia Marketting Board, Castries, St. Lucia",
  "phone": "+17585189435",
  "country-code": "LC",
  "country": "Saint Lucia"
 },
 {
  "id": 125,
  "name": "Fresh One's Restaurant \u0026 Bar",
  "address": "Westhall Lane, Castries, St. Lucia",
  "phone": "+17584877774",
  "country-code": "LC",
  "country": "Saint Lucia"
 },
 {
  "id": 126,
  "name": "Flavor Flave",
  "address": "St. Lucia, Castries, Micoud St, Corner Monigiraud St. and",
  "phone": "+17584521026",
  "country-code": "LC",
  "country": "Saint Lucia"
 },
 {
  "id": 127,
  "name": "Waterfront Gardens Restaurant",
  "address": "45 Chausee Rd, Castries, St. Lucia",
  "phone": "+17584883728",
  "country-code": "LC",
  "country": "Saint Lucia"
 },
 {
  "id": 128,
  "name": "Mel’s Place",
  "address": "Peynier St, Castries, St. Lucia",
  "phone": "",
  "country-code": "LC",
  "country": "Saint Lucia"
 },
 {
  "id": 129,
  "name": "The Coal Pot Restaurant",
  "address": "9 Mary Ann St, Castries, St. Lucia",
  "phone": "+17587298976",
  "country-code": "LC",
  "country": "Saint Lucia"
 },
 {
  "id": 130,
  "name": "J's Delight",
  "address": "Morne Bus Stand, St Louis St, Castries, St. Lucia",
  "phone": "+17584521268",
  "country-code": "LC",
  "country": "Saint Lucia"
 },
 {
  "id": 131,
  "name": "Felly Belly",
  "address": "44 Chausee Rd, Castries, St. Lucia",
  "phone": "",
  "country-code": "LC",
  "country": "Saint Lucia"
 },
 {
  "id": 132,
  "name": "Pink Plantation",
  "address": "Jeremie St, Castries, St. Lucia",
  "phone": "+17584500136",
  "country-code": "LC",
  "country": "Saint Lucia"
 },
 {
  "id": 133,
  "name": "Blue Canoe Bar",
  "address": "Castries, St. Lucia",
  "phone": "",
  "country-code": "LC",
  "country": "Saint Lucia"
 },
 {
  "id": 134,
  "name": "Blue Monkey Cafe",
  "address": "Castries, St. Lucia",
  "phone": "",
  "country-code": "LC",
  "country": "Saint Lucia"
 },
 {
  "id": 135,
  "name": "Fuzion Restaurant and Lounge",
  "address": "Castries, St. Lucia",
  "phone": "",
  "country-code": "LC",
  "country": "Saint Lucia"
 },
 {
  "id": 136,
  "name": "Althee’s Hideaway Bar \u0026 Restaurant",
  "address": "JnBaptiste St, Castries, St. Lucia",
  "phone": "",
  "country-code": "LC",
  "country": "Saint Lucia"
 },
 {
  "id": 137,
  "name": "Island Pops",
  "address": "Coral St, Castries, St. Lucia",
  "phone": "",
  "country-code": "LC",
  "country": "Saint Lucia"
 },
 {
  "id": 138,
  "name": "Kimonos",
  "address": "Jeremie St, Castries, St. Lucia",
  "phone": "+17585180818",
  "country-code": "LC",
  "country": "Saint Lucia"
 },
 {
  "id": 139,
  "name": "Shio’s Place",
  "address": "High St, Castries, St. Lucia",
  "phone": "",
  "country-code": "LC",
  "country": "Saint Lucia"
 },
 {
  "id": 140,
  "name": "Food Festival Restaurant/Coconuts and Cocktails Bar",
  "address": "William Peter Boulevard Castries, Castries, St. Lucia",
  "phone": "+17587279194",
  "country-code": "LC",
  "country": "Saint Lucia"
 },
 {
  "id": 141,
  "name": "Dax Sports Bar",
  "address": "Jeremie St, Castries, St. Lucia",
  "phone": "+17587290800",
  "country-code": "LC",
  "country": "Saint Lucia"
 },
 {
  "id": 142,
  "name": "Clover's Catering Services",
  "address": "Castries, St. Lucia",
  "phone": "+17584582901",
  "country-code": "LC",
  "country": "Saint Lucia"
 },
 {
  "id": 143,
  "name": "Pitons Restaurant",
  "address": "Brazil St, Castries, St. Lucia",
  "phone": "+17587176926",
  "country-code": "LC",
  "country": "Saint Lucia"
 },
 {
  "id": 144,
  "name": "Exquisite Delight Restaurant \u0026 Bar",
  "address": "Castries, St. Lucia",
  "phone": "+17584578963",
  "country-code": "LC",
  "country": "Saint Lucia"
 },
 {
  "id": 145,
  "name": "Under the Breadfruit Tree",
  "address": "Cadet Street, Castries, St. Lucia",
  "phone": "+17582879464",
  "country-code": "LC",
  "country": "Saint Lucia"
 },
 {
  "id": 146,
  "name": "Kimonos",
  "address": "Castries, St. Lucia",
  "phone": "+17584580044",
  "country-code": "LC",
  "country": "Saint Lucia"
 },
 {
  "id": 147,
  "name": "Irie Grill",
  "address": "No1, William Peter, boulevard, St. Lucia",
  "phone": "+17582877711",
  "country-code": "LC",
  "country": "Saint Lucia"
 },
 {
  "id": 148,
  "name": "Melly's Mix It Up Restaurant",
  "address": "Castries, St. Lucia",
  "phone": "",
  "country-code": "LC",
  "country": "Saint Lucia"
 },
 {
  "id": 149,
  "name": "Burger Plus",
  "address": "4 Laborie St, Castries, St. Lucia",
  "phone": "",
  "country-code": "LC",
  "country": "Saint Lucia"
 },
 {
  "id": 150,
  "name": "Mado's Restaurant",
  "address": "Broglie St, Castries, St. Lucia",
  "phone": "+17128574",
  "country-code": "LC",
  "country": "Saint Lucia"
 },
 {
  "id": 151,
  "name": "Eugeny's Place",
  "address": "3 Chisel St, Castries, St. Lucia",
  "phone": "+17587240572",
  "country-code": "LC",
  "country": "Saint Lucia"
 },
 {
  "id": 152,
  "name": "whites's local restaurant and bar",
  "address": "Castries, St. Lucia",
  "phone": "+17584508592",
  "country-code": "LC",
  "country": "Saint Lucia"
 },
 {
  "id": 153,
  "name": "Andy’s - Nature on a plate",
  "address": "Castries, St. Lucia",
  "phone": "+17584532016",
  "country-code": "LC",
  "country": "Saint Lucia"
 },
 {
  "id": 154,
  "name": "Bayside Restaurant",
  "address": "Jeremie St, Castries, St. Lucia",
  "phone": "",
  "country-code": "LC",
  "country": "Saint Lucia"
 },
 {
  "id": 155,
  "name": "Hardest Hard Restaurant \u0026 Bar",
  "address": "Castries, St. Lucia",
  "phone": "+17584582821",
  "country-code": "LC",
  "country": "Saint Lucia"
 },
 {
  "id": 156,
  "name": "Johnny Fries",
  "address": "Coral St, Castries, St. Lucia",
  "phone": "+17585206547",
  "country-code": "LC",
  "country": "Saint Lucia"
 },
 {
  "id": 157,
  "name": "Shirlin's Temtational Cakes And Pastries",
  "address": "Castries, St. Lucia",
  "phone": "+17584532016",
  "country-code": "LC",
  "country": "Saint Lucia"
 },
 {
  "id": 158,
  "name": "Marios Italian Cusine",
  "address": "Micoud St, Castries, St. Lucia",
  "phone": "",
  "country-code": "LC",
  "country": "Saint Lucia"
 },
 {
  "id": 159,
  "name": "Morne Rotisserie",
  "address": "Victoria St, Castries, St. Lucia",
  "phone": "+17587320413",
  "country-code": "LC",
  "country": "Saint Lucia"
 },
 {
  "id": 160,
  "name": "Auberge Seraphine",
  "address": "Micoud St, Castries, St. Lucia",
  "phone": "+17582846553",
  "country-code": "LC",
  "country": "Saint Lucia"
 },
 {
  "id": 161,
  "name": "La Place Carenage",
  "address": "Castries-Gros Islet Hwy, Rodney Bay, St. Lucia",
  "phone": "",
  "country-code": "LC",
  "country": "Saint Lucia"
 },
 {
  "id": 162,
  "name": "Blue Coral Mall Ltd",
  "address": "Jeremie St, Castries, St. Lucia",
  "phone": "",
  "country-code": "LC",
  "country": "Saint Lucia"
 },
 {
  "id": 163,
  "name": "Duty Free Pointe Seraphine Shopping Complex",
  "address": "Blue Coral Mall Ltd, Bridge St, Castries, St. Lucia",
  "phone": "+17584882168",
  "country-code": "LC",
  "country": "Saint Lucia"
 },
 {
  "id": 164,
  "name": "Baywalk Shopping Mall",
  "address": "Choc, St. Lucia",
  "phone": "+17584537752",
  "country-code": "LC",
  "country": "Saint Lucia"
 },
 {
  "id": 165,
  "name": "Massy Stores Supermarket",
  "address": "Jeremie St, Castries, St. Lucia",
  "phone": "+17584530670",
  "country-code": "LC",
  "country": "Saint Lucia"
 },
 {
  "id": 166,
  "name": "S \u0026 S Bois D'Orange",
  "address": "Micoud St, Castries, St. Lucia",
  "phone": "+17584522802",
  "country-code": "LC",
  "country": "Saint Lucia"
 },
 {
  "id": 167,
  "name": "Sea Island Cotton Shop",
  "address": "Castries, St. Lucia",
  "phone": "+17584526320",
  "country-code": "LC",
  "country": "Saint Lucia"
 },
 {
  "id": 168,
  "name": "Vieux Fort Plaza",
  "address": "Vieux Fort, St. Lucia",
  "phone": "",
  "country-code": "LC",
  "country": "Saint Lucia"
 },
 {
  "id": 169,
  "name": "Renwick \u0026 Company Ltd.",
  "address": "Vide Bouteille Rd, Bisee, St. Lucia",
  "phone": "+17584558000",
  "country-code": "LC",
  "country": "Saint Lucia"
 },
 {
  "id": 170,
  "name": "Choiseul Plaza",
  "address": "Unnamed Road, La Fargue, St. Lucia",
  "phone": "",
  "country-code": "LC",
  "country": "Saint Lucia"
 },
 {
  "id": 171,
  "name": "Cream N Bean",
  "address": "St Judes Hwy, Vieux Fort, St. Lucia",
  "phone": "",
  "country-code": "LC",
  "country": "Saint Lucia"
 },
 {
  "id": 172,
  "name": "Daher Commercial Building",
  "address": "Micoud St, Castries, St. Lucia",
  "phone": "+17584522260",
  "country-code": "LC",
  "country": "Saint Lucia"
 },
 {
  "id": 173,
  "name": "Karlione Court",
  "address": "Rodney Bay, St. Lucia",
  "phone": "+17587183121",
  "country-code": "LC",
  "country": "Saint Lucia"
 },
 {
  "id": 174,
  "name": "Voyager Department Store, A. F. Valmont Building",
  "address": "Gros Islet, St. Lucia",
  "phone": "+17584522802",
  "country-code": "LC",
  "country": "Saint Lucia"
 }
]