[
 {
  "id": 1,
  "name": "Tanoa International Dateline Hotel",
  "address": "Nuku'alofa, Tonga",
  "phone": "+67621049",
  "country-code": "TO",
  "country": "Tonga"
 },
 {
  "id": 2,
  "name": "Seaview Lodge",
  "address": "Vuna Rd, Nuku'alofa, Tonga",
  "phone": "+67622888",
  "country-code": "TO",
  "country": "Tonga"
 },
 {
  "id": 3,
  "name": "Emerald Hotel",
  "address": "Tonga, Nuku'alofa, Vuna Road Ma'ufanga",
  "phone": "+6767768333",
  "country-code": "TO",
  "country": "Tonga"
 },
 {
  "id": 4,
  "name": "Jezami Hotel Tonga",
  "address": "Salote Rd, Nuku'alofa, Tonga",
  "phone": "+67623660",
  "country-code": "TO",
  "country": "Tonga"
 },
 {
  "id": 5,
  "name": "House of Tonga",
  "address": "Vuna Rd, Nuku'alofa, Tonga",
  "phone": "+67623709",
  "country-code": "TO",
  "country": "Tonga"
 },
 {
  "id": 6,
  "name": "Toni's Guest House",
  "address": "GPS Kolomotua, Vuna Rd, Nuku'alofa, Tonga",
  "phone": "+67625053",
  "country-code": "TO",
  "country": "Tonga"
 },
 {
  "id": 7,
  "name": "Villa Ishadora",
  "address": "Taufa'ahau Rd, Nuku'alofa, Tonga",
  "phone": "+6767715857",
  "country-code": "TO",
  "country": "Tonga"
 },
 {
  "id": 8,
  "name": "The Village Backpackers",
  "address": "Vuna Rd, Nuku'alofa, Tonga",
  "phone": "+67623411",
  "country-code": "TO",
  "country": "Tonga"
 },
 {
  "id": 9,
  "name": "Little Italy Hotel",
  "address": "Taufa'ahau Road, Alaivahamama'o Bypass Road, Nuku'alofa, Tonga",
  "phone": "+6767715950",
  "country-code": "TO",
  "country": "Tonga"
 },
 {
  "id": 10,
  "name": "Waterfront Lodge",
  "address": "Vuna Rd, Nuku'alofa, Tonga",
  "phone": "+67625260",
  "country-code": "TO",
  "country": "Tonga"
 },
 {
  "id": 11,
  "name": "Lose Lodge",
  "address": "Taufa'ahau Rd, Afa, Tonga",
  "phone": "",
  "country-code": "TO",
  "country": "Tonga"
 },
 {
  "id": 12,
  "name": "The Black Pearl Suites",
  "address": "Kanokupolu, Tonga",
  "phone": "+67641233",
  "country-code": "TO",
  "country": "Tonga"
 },
 {
  "id": 13,
  "name": "Loumaile Lodge",
  "address": "Waterfront, Hikutamole, 'Utungake, Tonga",
  "phone": "+6768746400",
  "country-code": "TO",
  "country": "Tonga"
 },
 {
  "id": 14,
  "name": "Roby Anne's Lodge",
  "address": "Naufahu Rd, Neiafu, Tonga",
  "phone": "+67670209",
  "country-code": "TO",
  "country": "Tonga"
 },
 {
  "id": 15,
  "name": "Backpackers Townhouse",
  "address": "Nuku'alofa, Tonga",
  "phone": "",
  "country-code": "TO",
  "country": "Tonga"
 },
 {
  "id": 16,
  "name": "Dupincia Lodge",
  "address": "Tonga, Nuku'alofa, Mataika",
  "phone": "+6767719431",
  "country-code": "TO",
  "country": "Tonga"
 },
 {
  "id": 17,
  "name": "Hafu's House Backpackers",
  "address": "Foa, Main Rd, Faleloa tonga, Tonga",
  "phone": "+67669766",
  "country-code": "TO",
  "country": "Tonga"
 },
 {
  "id": 18,
  "name": "Paradise First Hotel",
  "address": "Tonga, Nuku'alofa, Eua Ferry, Nuku'alofa",
  "phone": "",
  "country-code": "TO",
  "country": "Tonga"
 },
 {
  "id": 19,
  "name": "Keleti Beach Resort",
  "address": "Airport Rd, Fua'amotu, Tonga",
  "phone": "+6768781411",
  "country-code": "TO",
  "country": "Tonga"
 },
 {
  "id": 20,
  "name": "Misas Guest House",
  "address": "Fua'amotu, Nuku'alofa, Tonga",
  "phone": "+6768625439",
  "country-code": "TO",
  "country": "Tonga"
 },
 {
  "id": 21,
  "name": "Hafu's House Backpackers",
  "address": "Kanokupolu, Tonga",
  "phone": "+67641599",
  "country-code": "TO",
  "country": "Tonga"
 },
 {
  "id": 22,
  "name": "Malau Lodge",
  "address": "Wellington Rd, Nuku'alofa, Tonga",
  "phone": "+6768747282",
  "country-code": "TO",
  "country": "Tonga"
 },
 {
  "id": 23,
  "name": "Olini Lodge",
  "address": "Tonga, Nuku'alofa, 'Api 'Isileli Schaumkel, off Vuna road. Sopu o' Taufa'ahau",
  "phone": "+6767715152",
  "country-code": "TO",
  "country": "Tonga"
 },
 {
  "id": 24,
  "name": "Friendly Islander Hotel",
  "address": "Unnamed Road, Nuku'alofa, Tonga, Nuku'alofa, Tonga",
  "phone": "+6768727014",
  "country-code": "TO",
  "country": "Tonga"
 },
 {
  "id": 25,
  "name": "One's Guesthouse",
  "address": "Liku Rd, Nakolo, Tonga",
  "phone": "+6767744001",
  "country-code": "TO",
  "country": "Tonga"
 },
 {
  "id": 26,
  "name": "Paradise First Hotel",
  "address": "Palm Ave, Kanokupolu, Tonga",
  "phone": "+67641600",
  "country-code": "TO",
  "country": "Tonga"
 },
 {
  "id": 27,
  "name": "Meida Hotel",
  "address": "Vaiomok Rd, Nuku'alofa, Tonga",
  "phone": "",
  "country-code": "TO",
  "country": "Tonga"
 },
 {
  "id": 28,
  "name": "Nukuma'anu Cottages",
  "address": "Laifone Rd, Nuku'alofa, Tonga",
  "phone": "+67622797",
  "country-code": "TO",
  "country": "Tonga"
 },
 {
  "id": 29,
  "name": "Lagoon Lodge",
  "address": "Teukava Beach Oasis Ha'atafu Tongatapu, Nuku'alofa, Tonga",
  "phone": "+67623810",
  "country-code": "TO",
  "country": "Tonga"
 },
 {
  "id": 30,
  "name": "Misas Guest House",
  "address": "Utukehe Beach, Fo'ui, Ha'utu, 799, Tonga",
  "phone": "+6768689383",
  "country-code": "TO",
  "country": "Tonga"
 },
 {
  "id": 31,
  "name": "Royal Sunset Island Resort",
  "address": "Nuku'alofa, Tonga",
  "phone": "+6768874744",
  "country-code": "TO",
  "country": "Tonga"
 },
 {
  "id": 32,
  "name": "Tonga Holiday Villa",
  "address": "Nuku'alofa, Tonga",
  "phone": "+67621049",
  "country-code": "TO",
  "country": "Tonga"
 },
 {
  "id": 33,
  "name": "Winnies Bed \u0026 Breakfast",
  "address": "Tamakautonga Rd, Nuku'alofa, Tonga",
  "phone": "+6768794419",
  "country-code": "TO",
  "country": "Tonga"
 },
 {
  "id": 34,
  "name": "Backpackers Townhouse",
  "address": "Nuku'alofa, Tonga",
  "phone": "+67622186",
  "country-code": "TO",
  "country": "Tonga"
 },
 {
  "id": 35,
  "name": "Simon's Place Motel",
  "address": "Bay of Manumataongo, Nuku'alofa, Tonga",
  "phone": "+6767746504",
  "country-code": "TO",
  "country": "Tonga"
 },
 {
  "id": 36,
  "name": "Heilala Holiday Lodge",
  "address": "Atata Island, Nuku'alofa, Tonga",
  "phone": "+67624923",
  "country-code": "TO",
  "country": "Tonga"
 },
 {
  "id": 37,
  "name": "Utu'one",
  "address": "Tonga, Nuku'alofa, salote rd, fasi, Nuku'alofa, Tongatapu",
  "phone": "+67622193",
  "country-code": "TO",
  "country": "Tonga"
 },
 {
  "id": 38,
  "name": "Katea Retreat",
  "address": "Tonga, Nuku'alofa, Haavakaotua N/A, Longolongo",
  "phone": "+6768830353",
  "country-code": "TO",
  "country": "Tonga"
 },
 {
  "id": 39,
  "name": "Saoirses East",
  "address": "Umusi, Nuku’alofa, Nuku'alofa, Tonga",
  "phone": "+67626515",
  "country-code": "TO",
  "country": "Tonga"
 },
 {
  "id": 40,
  "name": "Jula's BnB",
  "address": "Nuku'alofa, Tonga",
  "phone": "",
  "country-code": "TO",
  "country": "Tonga"
 },
 {
  "id": 41,
  "name": "Teukava Beach Oasis",
  "address": "Nuku'alofa, Tonga",
  "phone": "+67621049",
  "country-code": "TO",
  "country": "Tonga"
 },
 {
  "id": 42,
  "name": "NOA Guest House",
  "address": "Taufa'ahau Road, Nuku'alofa, Haveluloto, Nuku'alofa, Tonga",
  "phone": "+67625777",
  "country-code": "TO",
  "country": "Tonga"
 },
 {
  "id": 43,
  "name": "Blue Banana Beach House",
  "address": "Fasi-moe-afi Road Nuku'alofa, Tonga, Fasi-moe-afi Rd, Nuku'alofa, Tonga",
  "phone": "+6767770123",
  "country-code": "TO",
  "country": "Tonga"
 },
 {
  "id": 44,
  "name": "Aloft Airport Accommodation",
  "address": "Bay of Manumataongo, Nuku'alofa, Tonga",
  "phone": "+6767746504",
  "country-code": "TO",
  "country": "Tonga"
 },
 {
  "id": 45,
  "name": "Matafonua Lodge Resort and Restaurant",
  "address": "Nuku'alofa, Tonga",
  "phone": "+6767744870",
  "country-code": "TO",
  "country": "Tonga"
 },
 {
  "id": 46,
  "name": "Fale Tonga Guesthouse",
  "address": "Nuku'alofa, Tonga",
  "phone": "+6767744870",
  "country-code": "TO",
  "country": "Tonga"
 },
 {
  "id": 47,
  "name": "Hilltop Hotel",
  "address": "Ha'ateiho, Tonga",
  "phone": "+67629400",
  "country-code": "TO",
  "country": "Tonga"
 },
 {
  "id": 48,
  "name": "Tongan Beach Resort",
  "address": "Nuku'alofa, Tonga",
  "phone": "+6768874744",
  "country-code": "TO",
  "country": "Tonga"
 },
 {
  "id": 49,
  "name": "Oceanside Guesthouse",
  "address": "Nuku'alofa, Tonga",
  "phone": "+67621650",
  "country-code": "TO",
  "country": "Tonga"
 },
 {
  "id": 50,
  "name": "Fua'amotu Transit Lodge",
  "address": "Nuku'alofa, Tonga",
  "phone": "+67628393",
  "country-code": "TO",
  "country": "Tonga"
 },
 {
  "id": 51,
  "name": "Coastline hotel",
  "address": "Taufa'ahau Rd, Nuku'alofa, Tonga",
  "phone": "+6768828444",
  "country-code": "TO",
  "country": "Tonga"
 },
 {
  "id": 52,
  "name": "Vakaloa Beach Resort",
  "address": "Fatafehi Rd, Nuku'alofa, Tonga",
  "phone": "+67621431",
  "country-code": "TO",
  "country": "Tonga"
 },
 {
  "id": 53,
  "name": "Chef Zero Restaurant",
  "address": "Nuku'alofa, Tonga",
  "phone": "",
  "country-code": "TO",
  "country": "Tonga"
 },
 {
  "id": 54,
  "name": "Mums Cafe Nukualofa",
  "address": "Nuku'alofa, Tonga",
  "phone": "+67625091",
  "country-code": "TO",
  "country": "Tonga"
 },
 {
  "id": 55,
  "name": "The TOP Restaurant and Lounge",
  "address": "Wellington and Taufa’ahau Rds, Nuku'alofa, Tonga",
  "phone": "+6766855482",
  "country-code": "TO",
  "country": "Tonga"
 },
 {
  "id": 56,
  "name": "Talahiva Restaurant",
  "address": "Nuku'alofa, Tonga",
  "phone": "",
  "country-code": "TO",
  "country": "Tonga"
 },
 {
  "id": 57,
  "name": "Young’s Kitchen",
  "address": "Tonga, Nuku'alofa, Sanft Building",
  "phone": "+6767724609",
  "country-code": "TO",
  "country": "Tonga"
 },
 {
  "id": 58,
  "name": "Cafe Escape",
  "address": "Nuku'alofa, Tonga",
  "phone": "+67624084",
  "country-code": "TO",
  "country": "Tonga"
 },
 {
  "id": 59,
  "name": "Pot Luck Restaurant",
  "address": "Vuna Rd, Nuku'alofa, Tonga",
  "phone": "+67628940",
  "country-code": "TO",
  "country": "Tonga"
 },
 {
  "id": 60,
  "name": "Billfish Bar and Restaurant",
  "address": "Nuku'alofa, Tonga",
  "phone": "+6767760065",
  "country-code": "TO",
  "country": "Tonga"
 },
 {
  "id": 61,
  "name": "Vuna Restaurant and Bar",
  "address": "Tamakautonga Rd, Nuku'alofa, Tonga",
  "phone": "+676771338021178",
  "country-code": "TO",
  "country": "Tonga"
 },
 {
  "id": 62,
  "name": "Sama Restaurant",
  "address": "Taufa'ahau Rd, Nuku'alofa, Tonga",
  "phone": "+67621212",
  "country-code": "TO",
  "country": "Tonga"
 },
 {
  "id": 63,
  "name": "Tropical Taste",
  "address": "Taufa'ahau Rd, Nuku'alofa, Tonga",
  "phone": "+6767753547",
  "country-code": "TO",
  "country": "Tonga"
 },
 {
  "id": 64,
  "name": "Little Italy Pizzeria Restaurant",
  "address": "Vuna Rd, Nuku'alofa, Tonga",
  "phone": "+67623192",
  "country-code": "TO",
  "country": "Tonga"
 },
 {
  "id": 65,
  "name": "Precious Stone",
  "address": "Wellington Rd, Nuku'alofa, Tonga",
  "phone": "",
  "country-code": "TO",
  "country": "Tonga"
 },
 {
  "id": 66,
  "name": "Mi Chef",
  "address": "Taufa'ahau Rd, Pea, Tonga",
  "phone": "+6768703941",
  "country-code": "TO",
  "country": "Tonga"
 },
 {
  "id": 67,
  "name": "Swagman's Hut",
  "address": "Vuna Rd, Nuku'alofa, Tonga",
  "phone": "+67622888",
  "country-code": "TO",
  "country": "Tonga"
 },
 {
  "id": 68,
  "name": "Roast Pork Away",
  "address": "Vaiomok Rd, Nuku'alofa, Tonga",
  "phone": "+6767713551",
  "country-code": "TO",
  "country": "Tonga"
 },
 {
  "id": 69,
  "name": "Butchers Take Away",
  "address": "Taufa'ahau Rd, Nuku'alofa, Tonga",
  "phone": "+61402735406",
  "country-code": "TO",
  "country": "Tonga"
 },
 {
  "id": 70,
  "name": "tiger inn",
  "address": "Taufa'ahau Rd, Nuku'alofa, Tonga",
  "phone": "+67623466",
  "country-code": "TO",
  "country": "Tonga"
 },
 {
  "id": 71,
  "name": "Fakalato Restaurant",
  "address": "Salote Rd, Nuku'alofa, Tonga",
  "phone": "+67627323",
  "country-code": "TO",
  "country": "Tonga"
 },
 {
  "id": 72,
  "name": "Frangipani - Korean Restaurant/Karaoke",
  "address": "Vuna Rd, Nuku'alofa, Tonga",
  "phone": "+67623709",
  "country-code": "TO",
  "country": "Tonga"
 },
 {
  "id": 73,
  "name": "Nauti Ruby's Bar \u0026 Restaurant",
  "address": "Havelulotu, Vaha'Akolo Rd, Nuku'alofa, Tonga",
  "phone": "+6767784143",
  "country-code": "TO",
  "country": "Tonga"
 },
 {
  "id": 74,
  "name": "Evergreen Chinese Restaurant",
  "address": "Maufanga, Nuku'alofa, Tonga",
  "phone": "+6767886250",
  "country-code": "TO",
  "country": "Tonga"
 },
 {
  "id": 75,
  "name": "CTR Restaurant",
  "address": "Bay ' O Manumataongo, Ma'ufanga, Nuku'alofa, Tonga",
  "phone": "+67626278",
  "country-code": "TO",
  "country": "Tonga"
 },
 {
  "id": 76,
  "name": "Marco's Pizza Pasta",
  "address": "Umusi Rd, Nuku'alofa, Tonga",
  "phone": "+67628014",
  "country-code": "TO",
  "country": "Tonga"
 },
 {
  "id": 77,
  "name": "Sabrina's Chicken Vilovilo",
  "address": "Vuna Rd, Vaiomoko Rd, Maufanga, Tonga",
  "phone": "+6767714509",
  "country-code": "TO",
  "country": "Tonga"
 },
 {
  "id": 78,
  "name": "Hakau Horse Bar \u0026 Restaurant",
  "address": "Taufa'ahau road, Tungi Colonnade, Nuku'alofa, Tonga",
  "phone": "+67627430",
  "country-code": "TO",
  "country": "Tonga"
 },
 {
  "id": 79,
  "name": "Billfish",
  "address": "Nuku'alofa, Tonga",
  "phone": "",
  "country-code": "TO",
  "country": "Tonga"
 },
 {
  "id": 80,
  "name": "lina's Restaurant",
  "address": "Vuna Rd, Nuku'alofa, Tonga",
  "phone": "+67625260",
  "country-code": "TO",
  "country": "Tonga"
 },
 {
  "id": 81,
  "name": "Dayang Chinese Restaurant",
  "address": "Nuku'alofa, Tonga",
  "phone": "",
  "country-code": "TO",
  "country": "Tonga"
 },
 {
  "id": 82,
  "name": "Linchi Restaurant",
  "address": "Nuku'alofa, Tonga",
  "phone": "+6767715411",
  "country-code": "TO",
  "country": "Tonga"
 },
 {
  "id": 83,
  "name": "Island Hut Steak House Rest.",
  "address": "Nuku'alofa, Tonga",
  "phone": "+6768838122",
  "country-code": "TO",
  "country": "Tonga"
 },
 {
  "id": 84,
  "name": "MATALUPE Food Center",
  "address": "Nuku'alofa, Tonga",
  "phone": "+6768741623",
  "country-code": "TO",
  "country": "Tonga"
 },
 {
  "id": 85,
  "name": "Cottage Breeze Restaurant",
  "address": "Wellington Rd, Nuku'alofa, Tonga",
  "phone": "",
  "country-code": "TO",
  "country": "Tonga"
 },
 {
  "id": 86,
  "name": "Ngutulei Bar \u0026 Restaurant",
  "address": "Hekoni Rd, Nuku'alofa, Tonga",
  "phone": "+67622995",
  "country-code": "TO",
  "country": "Tonga"
 },
 {
  "id": 87,
  "name": "Ha’apai Delight",
  "address": "Wellington Rd, Nuku'alofa, Tonga",
  "phone": "",
  "country-code": "TO",
  "country": "Tonga"
 },
 {
  "id": 88,
  "name": "Fatty Boys Pizza",
  "address": "Taufa'ahau Rd, Nuku'alofa, Tonga, Taufa'ahau Rd, Nuku'alofa, Tonga",
  "phone": "+67622181",
  "country-code": "TO",
  "country": "Tonga"
 },
 {
  "id": 89,
  "name": "Fa 'ua Evergreen Restaurant",
  "address": "Nuku'alofa, Tonga",
  "phone": "+6768625615",
  "country-code": "TO",
  "country": "Tonga"
 },
 {
  "id": 90,
  "name": "Chands Curry House",
  "address": "Nuku'alofa, Tonga",
  "phone": "+67623585",
  "country-code": "TO",
  "country": "Tonga"
 },
 {
  "id": 91,
  "name": "Singapore Restaurant",
  "address": "GPS Kolomotua, Vuna Rd, Nuku'alofa, Tonga",
  "phone": "+67625053",
  "country-code": "TO",
  "country": "Tonga"
 },
 {
  "id": 92,
  "name": "Vietnamese Cafe",
  "address": "Nuku'alofa, Tonga",
  "phone": "",
  "country-code": "TO",
  "country": "Tonga"
 },
 {
  "id": 93,
  "name": "Fish n Chips",
  "address": "Albert St, Nuku'alofa, Tonga",
  "phone": "+67625592",
  "country-code": "TO",
  "country": "Tonga"
 },
 {
  "id": 94,
  "name": "Snak Bar",
  "address": "Laifone Rd, Nuku'alofa, Tonga",
  "phone": "+67622118",
  "country-code": "TO",
  "country": "Tonga"
 },
 {
  "id": 95,
  "name": "Little Italy Hotel",
  "address": "Nuku'alofa, Tonga",
  "phone": "+6768626155",
  "country-code": "TO",
  "country": "Tonga"
 },
 {
  "id": 96,
  "name": "Angela's Guest House and Restaurant",
  "address": "Vuna Rd, Nuku'alofa, Tonga",
  "phone": "+6768742487",
  "country-code": "TO",
  "country": "Tonga"
 },
 {
  "id": 97,
  "name": "Ofa Ki Tonga Pizza hut",
  "address": "Hekoni Rd, Nuku'alofa, Tonga",
  "phone": "+6767710009",
  "country-code": "TO",
  "country": "Tonga"
 },
 {
  "id": 98,
  "name": "Patrick's Corner",
  "address": "Nuku'alofa, Tonga",
  "phone": "+6767776173",
  "country-code": "TO",
  "country": "Tonga"
 },
 {
  "id": 99,
  "name": "Little india",
  "address": "Nuku'alofa, Tonga",
  "phone": "+67622666",
  "country-code": "TO",
  "country": "Tonga"
 },
 {
  "id": 100,
  "name": "Filise Vakaahi",
  "address": "Nuku'alofa, Tonga",
  "phone": "+6768422955",
  "country-code": "TO",
  "country": "Tonga"
 },
 {
  "id": 101,
  "name": "Samu's Fiji Food Corner",
  "address": "Nuku'alofa, Tonga",
  "phone": "",
  "country-code": "TO",
  "country": "Tonga"
 },
 {
  "id": 102,
  "name": "Yummie Treats",
  "address": "Vuna Rd, Nuku'alofa, Tonga",
  "phone": "+6767716385",
  "country-code": "TO",
  "country": "Tonga"
 },
 {
  "id": 103,
  "name": "Vakuuho Bbq",
  "address": "Nuku'alofa, Tonga",
  "phone": "+6767748064",
  "country-code": "TO",
  "country": "Tonga"
 },
 {
  "id": 104,
  "name": "Canton Fastfood",
  "address": "Nuku'alofa, Tonga",
  "phone": "",
  "country-code": "TO",
  "country": "Tonga"
 },
 {
  "id": 105,
  "name": "Hi5 Delights",
  "address": "Alaivahamama'o Bypass Rd, Nuku'alofa, Tonga",
  "phone": "+67622995",
  "country-code": "TO",
  "country": "Tonga"
 },
 {
  "id": 106,
  "name": "12 Seafood Restaurants",
  "address": "Tonga, Nuku'alofa, 18973 Salote Road, Nuku'alofa, Tonga",
  "phone": "",
  "country-code": "TO",
  "country": "Tonga"
 },
 {
  "id": 107,
  "name": "Jonah's Pizza",
  "address": "Laifone Rd, Nuku'alofa, Tonga",
  "phone": "",
  "country-code": "TO",
  "country": "Tonga"
 },
 {
  "id": 108,
  "name": "Mr. Chicken",
  "address": "Havelu, Nuku'alofa, Tonga",
  "phone": "+67626382",
  "country-code": "TO",
  "country": "Tonga"
 },
 {
  "id": 109,
  "name": "Waterfront Lodge",
  "address": "Nuku'alofa, Tonga",
  "phone": "",
  "country-code": "TO",
  "country": "Tonga"
 },
 {
  "id": 110,
  "name": "Al Mamun Gourmet",
  "address": "Unga Rd, Nuku'alofa, Tonga",
  "phone": "+6768897588",
  "country-code": "TO",
  "country": "Tonga"
 },
 {
  "id": 111,
  "name": "Neni \u0026 Kina's Canteen",
  "address": "Nuku'alofa, Tonga",
  "phone": "+6768737350",
  "country-code": "TO",
  "country": "Tonga"
 },
 {
  "id": 112,
  "name": "Victor's Cafe",
  "address": "Nuku'alofa, Tonga",
  "phone": "+676215638422955",
  "country-code": "TO",
  "country": "Tonga"
 },
 {
  "id": 113,
  "name": "Seaview Lodge",
  "address": "Ma'ufanga, Faua Wharf, Vuna Rd, Nuku'alofa, Tonga",
  "phone": "+67627808",
  "country-code": "TO",
  "country": "Tonga"
 },
 {
  "id": 114,
  "name": "Coffee Post",
  "address": "Nuku'alofa, Tonga",
  "phone": "+67624044",
  "country-code": "TO",
  "country": "Tonga"
 },
 {
  "id": 115,
  "name": "Tali'eva Inn Bar",
  "address": "Wellington Rd, Nuku'alofa, Tonga",
  "phone": "+6768765888",
  "country-code": "TO",
  "country": "Tonga"
 },
 {
  "id": 116,
  "name": "Reload Bar",
  "address": "Vuna Rd, Nuku'alofa, Tonga",
  "phone": "+6768747755",
  "country-code": "TO",
  "country": "Tonga"
 },
 {
  "id": 117,
  "name": "Matson shipping",
  "address": "Salote Rd, Nuku'alofa, Tonga",
  "phone": "",
  "country-code": "TO",
  "country": "Tonga"
 },
 {
  "id": 118,
  "name": "Ben's Restaurant",
  "address": "Nuku'alofa, Tonga",
  "phone": "+6767798584",
  "country-code": "TO",
  "country": "Tonga"
 },
 {
  "id": 119,
  "name": "'Ofeina Restaurant",
  "address": "Vaiomok Rd, Nuku'alofa, Tonga",
  "phone": "",
  "country-code": "TO",
  "country": "Tonga"
 },
 {
  "id": 120,
  "name": "Friends Cafe and Tourist Center",
  "address": "Nuku'alofa, Tonga",
  "phone": "",
  "country-code": "TO",
  "country": "Tonga"
 },
 {
  "id": 121,
  "name": "Pea Tunu Puaka Services",
  "address": "Taufa'ahau Rd, Nuku'alofa, Tonga",
  "phone": "+67621301",
  "country-code": "TO",
  "country": "Tonga"
 },
 {
  "id": 122,
  "name": "Emerald Hotel",
  "address": "Nuku'alofa, Tonga",
  "phone": "+67624741",
  "country-code": "TO",
  "country": "Tonga"
 },
 {
  "id": 123,
  "name": "ILOA HE LOTU TAKEAWAY",
  "address": "Vuna Rd, Nuku'alofa, Tonga",
  "phone": "+67625053",
  "country-code": "TO",
  "country": "Tonga"
 },
 {
  "id": 124,
  "name": "Fortune Star Shopping center",
  "address": "Nuku'alofa, Tonga",
  "phone": "",
  "country-code": "TO",
  "country": "Tonga"
 },
 {
  "id": 125,
  "name": "ACS Distribution Center",
  "address": "Tonga, Nuku'alofa, 制限地域 努库阿洛",
  "phone": "+6768786789",
  "country-code": "TO",
  "country": "Tonga"
 },
 {
  "id": 126,
  "name": "Molisi City Central Shopping Center",
  "address": "Nuku'alofa, Tonga",
  "phone": "",
  "country-code": "TO",
  "country": "Tonga"
 },
 {
  "id": 127,
  "name": "FoodWorld Supermarket LTD",
  "address": "Unnamed Road, Nuku'alofa, Tonga",
  "phone": "+67626018",
  "country-code": "TO",
  "country": "Tonga"
 },
 {
  "id": 128,
  "name": "Maseia Plaza",
  "address": "Nuku'alofa, Tonga",
  "phone": "",
  "country-code": "TO",
  "country": "Tonga"
 },
 {
  "id": 129,
  "name": "FORTUNE ISLAND SHOPPING CENTER",
  "address": "Nuku'alofa, Tonga",
  "phone": "",
  "country-code": "TO",
  "country": "Tonga"
 },
 {
  "id": 130,
  "name": "Glory Shopping Center",
  "address": "Nuku'alofa, Tonga",
  "phone": "+6768873238",
  "country-code": "TO",
  "country": "Tonga"
 },
 {
  "id": 131,
  "name": "Fortune Island Shopping Center",
  "address": "Nuku'alofa, Tonga",
  "phone": "",
  "country-code": "TO",
  "country": "Tonga"
 },
 {
  "id": 132,
  "name": "Small Industry Center",
  "address": "Alaivahamama'o Bypass Rd, Nuku'alofa, Tonga",
  "phone": "+6767752055",
  "country-code": "TO",
  "country": "Tonga"
 },
 {
  "id": 133,
  "name": "Fung Shing Commercial Center",
  "address": "Tonga, Nuku'alofa, Bypass Rd",
  "phone": "+6767751020",
  "country-code": "TO",
  "country": "Tonga"
 },
 {
  "id": 134,
  "name": "Seaview Lodge",
  "address": "Houma, Tonga",
  "phone": "+6767757944",
  "country-code": "TO",
  "country": "Tonga"
 },
 {
  "id": 135,
  "name": "Emerald Hotel",
  "address": "Fatafehi Rd, Nuku'alofa, Tonga",
  "phone": "",
  "country-code": "TO",
  "country": "Tonga"
 },
 {
  "id": 136,
  "name": "Ancient Tonga",
  "address": "Vuna Rd, Nuku'alofa, Tonga",
  "phone": "+67622888",
  "country-code": "TO",
  "country": "Tonga"
 },
 {
  "id": 137,
  "name": "Royal Tombs",
  "address": "Vuna Rd, Nuku'alofa, Tonga",
  "phone": "+67623709",
  "country-code": "TO",
  "country": "Tonga"
 },
 {
  "id": 138,
  "name": "Royal Palace of Tonga",
  "address": "Loto Rd, Matahau, Tonga",
  "phone": "",
  "country-code": "TO",
  "country": "Tonga"
 },
 {
  "id": 139,
  "name": "Anahulu Cave",
  "address": "Vuna Rd, Nuku'alofa, Tonga",
  "phone": "+6768435051",
  "country-code": "TO",
  "country": "Tonga"
 },
 {
  "id": 140,
  "name": "Free Church Of Tonga",
  "address": "Laifone Rd, Nuku'alofa, Tonga",
  "phone": "",
  "country-code": "TO",
  "country": "Tonga"
 },
 {
  "id": 141,
  "name": "3 Headed Coconut",
  "address": "Salote Rd, Nuku'alofa, Tonga",
  "phone": "+67627323",
  "country-code": "TO",
  "country": "Tonga"
 },
 {
  "id": 142,
  "name": "Nuku'alofa",
  "address": "Kanokupolu, Tonga",
  "phone": "+67641233",
  "country-code": "TO",
  "country": "Tonga"
 },
 {
  "id": 143,
  "name": "Pangaimotu Island Resort",
  "address": "Nuku'alofa, Tonga",
  "phone": "",
  "country-code": "TO",
  "country": "Tonga"
 },
 {
  "id": 144,
  "name": "Ha'amonga 'a Maui Trilithon",
  "address": "Vuna Rd, Nuku'alofa, Tonga",
  "phone": "+67622888",
  "country-code": "TO",
  "country": "Tonga"
 },
 {
  "id": 145,
  "name": "Tongatapu",
  "address": "Atata Island, Nuku'alofa, Tonga",
  "phone": "+67624923",
  "country-code": "TO",
  "country": "Tonga"
 },
 {
  "id": 146,
  "name": "Happy Sailor Tattoo Tonga",
  "address": "Nuku'alofa, Tonga",
  "phone": "+67624084",
  "country-code": "TO",
  "country": "Tonga"
 },
 {
  "id": 147,
  "name": "RayRose Fade \u0026 Beauty",
  "address": "Taufa'ahau Rd, Nuku'alofa, Tonga",
  "phone": "+61402735406",
  "country-code": "TO",
  "country": "Tonga"
 },
 {
  "id": 148,
  "name": "Waterfront Lodge",
  "address": "Nuku'alofa, Tonga",
  "phone": "+6767744870",
  "country-code": "TO",
  "country": "Tonga"
 },
 {
  "id": 149,
  "name": "Hafu's House Backpackers",
  "address": "Tupou Lahi Hala Ngele’ia, Hala, Nuku'alofa, Tonga",
  "phone": "+6767728424",
  "country-code": "TO",
  "country": "Tonga"
 },
 {
  "id": 150,
  "name": "Reload Bar",
  "address": "VR69+PF4 Fishing Club, Interisland Ferry Terminal, Nuku'alofa, Tonga",
  "phone": "+6767704984",
  "country-code": "TO",
  "country": "Tonga"
 },
 {
  "id": 151,
  "name": "Ha'atafu",
  "address": "Vuna Rd, Nuku'alofa, Tonga",
  "phone": "+67625260",
  "country-code": "TO",
  "country": "Tonga"
 },
 {
  "id": 152,
  "name": "Fua'amotu",
  "address": "Vuna Rd, Nuku'alofa, Tonga",
  "phone": "+67627676",
  "country-code": "TO",
  "country": "Tonga"
 },
 {
  "id": 153,
  "name": "Ha'atafu Beach",
  "address": "Taufa'ahau Road, Nuku'alofa, Haveluloto, Nuku'alofa, Tonga",
  "phone": "+67625777",
  "country-code": "TO",
  "country": "Tonga"
 },
 {
  "id": 154,
  "name": "Kanokupolu",
  "address": "Nuku'alofa, Tonga",
  "phone": "+6767782371",
  "country-code": "TO",
  "country": "Tonga"
 },
 {
  "id": 155,
  "name": "Emerald Hotel",
  "address": "Taufa'ahau Road, Alaivahamama'o Bypass Road, Nuku'alofa, Tonga",
  "phone": "+6767715950",
  "country-code": "TO",
  "country": "Tonga"
 },
 {
  "id": 156,
  "name": "Nuku Island",
  "address": "1-4 Taumoepeau Building, corner Salote Road and Fatafehi Road, Nuku'alofa, Tonga",
  "phone": "+6767778767",
  "country-code": "TO",
  "country": "Tonga"
 },
 {
  "id": 157,
  "name": "Tonga High School",
  "address": "Taufa'ahau Rd, Niutoua, Tonga",
  "phone": "",
  "country-code": "TO",
  "country": "Tonga"
 },
 {
  "id": 158,
  "name": "Royal Sunset Island Resort",
  "address": "Nuku'alofa, Tonga",
  "phone": "+6767715762",
  "country-code": "TO",
  "country": "Tonga"
 },
 {
  "id": 159,
  "name": "Tonga Tourism Authority Visitor Centre",
  "address": "Tonga, Nuku'alofa, 島",
  "phone": "",
  "country-code": "TO",
  "country": "Tonga"
 },
 {
  "id": 160,
  "name": "Vakaloa Beach Resort",
  "address": "Tamakautonga Rd, Nuku'alofa, Tonga",
  "phone": "+67625510",
  "country-code": "TO",
  "country": "Tonga"
 },
 {
  "id": 161,
  "name": "Mystic Sands Beachfront Accommodation",
  "address": "바 바우, Fatafehi Rd, Neiafu, Tonga",
  "phone": "+67670016",
  "country-code": "TO",
  "country": "Tonga"
 },
 {
  "id": 162,
  "name": "Flying Annie Moa",
  "address": "Ha'amea Rd, Neiafu, Tonga",
  "phone": "+67670479",
  "country-code": "TO",
  "country": "Tonga"
 },
 {
  "id": 163,
  "name": "Port Wine Guest House",
  "address": "Neiafu, Tonga",
  "phone": "",
  "country-code": "TO",
  "country": "Tonga"
 },
 {
  "id": 164,
  "name": "Puataukanave International Hotel",
  "address": "Utungake, Neiafu, Tonga",
  "phone": "+6768888830",
  "country-code": "TO",
  "country": "Tonga"
 },
 {
  "id": 165,
  "name": "Mandala Resort",
  "address": "Fetoko Island, Neiafu, Tonga",
  "phone": "+6768491270",
  "country-code": "TO",
  "country": "Tonga"
 },
 {
  "id": 166,
  "name": "Hilltop Hotel",
  "address": "Naufahu Rd, Neiafu, Tonga",
  "phone": "+67670209",
  "country-code": "TO",
  "country": "Tonga"
 },
 {
  "id": 167,
  "name": "Tongan Beach Resort",
  "address": "Neiafu, Tonga",
  "phone": "",
  "country-code": "TO",
  "country": "Tonga"
 },
 {
  "id": 168,
  "name": "Boathouse Apartment",
  "address": "Neiafu, Tonga",
  "phone": "+6767559279",
  "country-code": "TO",
  "country": "Tonga"
 },
 {
  "id": 169,
  "name": "Reef Resort Vava U",
  "address": "Tonga, Neiafu, Tohiloto Rd, Area Fungamisi",
  "phone": "+6768420325",
  "country-code": "TO",
  "country": "Tonga"
 },
 {
  "id": 170,
  "name": "Mala Island Resort",
  "address": "Talihau, Tonga",
  "phone": "+6768768275",
  "country-code": "TO",
  "country": "Tonga"
 },
 {
  "id": 171,
  "name": "Elim Hotel",
  "address": "Fatafehi Rd, Toula, Tonga",
  "phone": "+6768445352",
  "country-code": "TO",
  "country": "Tonga"
 },
 {
  "id": 172,
  "name": "Hakula Lodge",
  "address": "Vava`u Liang Ceng, Neiafu, Tonga",
  "phone": "+67671376",
  "country-code": "TO",
  "country": "Tonga"
 },
 {
  "id": 173,
  "name": "Mounu Island Resort",
  "address": "Neiafu, Tonga",
  "phone": "+67670597",
  "country-code": "TO",
  "country": "Tonga"
 },
 {
  "id": 174,
  "name": "Vava'u Harbourview Resort",
  "address": "Hunga, Tonga",
  "phone": "+6768436300",
  "country-code": "TO",
  "country": "Tonga"
 },
 {
  "id": 175,
  "name": "Treasure Island Tonga",
  "address": "Ofu, Tonga",
  "phone": "",
  "country-code": "TO",
  "country": "Tonga"
 },
 {
  "id": 176,
  "name": "The Beach House \u0026 Coral Cottage",
  "address": "Waterfront, Hikutamole, 'Utungake, Tonga",
  "phone": "+6768746400",
  "country-code": "TO",
  "country": "Tonga"
 },
 {
  "id": 177,
  "name": "Lucky's Beach Houses",
  "address": "Eueiki Island, Vava'u, Tonga",
  "phone": "+6768476200",
  "country-code": "TO",
  "country": "Tonga"
 },
 {
  "id": 178,
  "name": "Tongan Beach Resort",
  "address": "Fofoa Island, Neiafu, Tonga",
  "phone": "+6767556050",
  "country-code": "TO",
  "country": "Tonga"
 },
 {
  "id": 179,
  "name": "Beautiful Ofu Island Backpackers",
  "address": "A'hanga Toula, Fatafehi Rd, Neiafu, Tonga",
  "phone": "+67671010",
  "country-code": "TO",
  "country": "Tonga"
 },
 {
  "id": 180,
  "name": "Blue Lagoon Resort Vavau",
  "address": "Toula Village‎, Tonga",
  "phone": "+67670213",
  "country-code": "TO",
  "country": "Tonga"
 },
 {
  "id": 181,
  "name": "Jia Heng Hotel佳恒假日酒店",
  "address": "Neiafu, Tonga",
  "phone": "",
  "country-code": "TO",
  "country": "Tonga"
 },
 {
  "id": 182,
  "name": "Billfish Holiday Apartments Vava'u",
  "address": "82X8+CMP Elim Hotel Vavau, Neiafu, Tonga",
  "phone": "+67671333",
  "country-code": "TO",
  "country": "Tonga"
 },
 {
  "id": 183,
  "name": "The Basque Tavern",
  "address": "Neiafu, Tonga",
  "phone": "",
  "country-code": "TO",
  "country": "Tonga"
 },
 {
  "id": 184,
  "name": "Panda Chinese Restaurant",
  "address": "Fatafehi Rd, Neiafu, Tonga",
  "phone": "+67671322",
  "country-code": "TO",
  "country": "Tonga"
 },
 {
  "id": 185,
  "name": "Bellavista Cafe",
  "address": "Fatafehi Rd, Neiafu, Tonga",
  "phone": "+6768702788",
  "country-code": "TO",
  "country": "Tonga"
 },
 {
  "id": 186,
  "name": "Hepi Pizza",
  "address": "Toula Village‎, Tonga",
  "phone": "",
  "country-code": "TO",
  "country": "Tonga"
 },
 {
  "id": 187,
  "name": "Falaleu Deli",
  "address": "Fatafehi Rd, Neiafu, Tonga",
  "phone": "",
  "country-code": "TO",
  "country": "Tonga"
 },
 {
  "id": 188,
  "name": "Cafe Tropicana",
  "address": "Fatafehi Rd, Neiafu, Tonga",
  "phone": "+6768794059",
  "country-code": "TO",
  "country": "Tonga"
 },
 {
  "id": 189,
  "name": "Mango Cafe",
  "address": "Neiafu, Tonga",
  "phone": "+6767741098",
  "country-code": "TO",
  "country": "Tonga"
 },
 {
  "id": 190,
  "name": "Coffee \u0026 tees",
  "address": "Neiafu, Tonga",
  "phone": "+6768709421",
  "country-code": "TO",
  "country": "Tonga"
 },
 {
  "id": 191,
  "name": "Vava'u Villa",
  "address": "Fatafehi Rd, Neiafu, Tonga",
  "phone": "+67671035",
  "country-code": "TO",
  "country": "Tonga"
 },
 {
  "id": 192,
  "name": "Warteg Bahari TONGA",
  "address": "A'hanga Toula, Fatafehi Rd, Neiafu, Tonga",
  "phone": "+67671010",
  "country-code": "TO",
  "country": "Tonga"
 },
 {
  "id": 193,
  "name": "Jia Heng Hotel佳恒假日酒店",
  "address": "Vava`u Liang Ceng, Neiafu, Tonga",
  "phone": "+67671376",
  "country-code": "TO",
  "country": "Tonga"
 },
 {
  "id": 194,
  "name": "Coffee Plus Cafe",
  "address": "Neiafu, Tonga",
  "phone": "",
  "country-code": "TO",
  "country": "Tonga"
 },
 {
  "id": 195,
  "name": "Cafe Tropicana",
  "address": "Fatafehi Rd, Neiafu, Tonga",
  "phone": "+67671322",
  "country-code": "TO",
  "country": "Tonga"
 },
 {
  "id": 196,
  "name": "Mt Talau National Park",
  "address": "Unnamed Road, Neiafu, Tonga",
  "phone": "",
  "country-code": "TO",
  "country": "Tonga"
 },
 {
  "id": 197,
  "name": "Puataukanave International Hotel",
  "address": "Neiafu, Tonga",
  "phone": "",
  "country-code": "TO",
  "country": "Tonga"
 },
 {
  "id": 198,
  "name": "TONGA MALL",
  "address": "Neiafu, Tonga",
  "phone": "+6768407924",
  "country-code": "TO",
  "country": "Tonga"
 },
 {
  "id": 199,
  "name": "Beluga Diving",
  "address": "Neiafu, Tonga",
  "phone": "",
  "country-code": "TO",
  "country": "Tonga"
 },
 {
  "id": 200,
  "name": "Waimalu Plaza Shopping Center",
  "address": "Tonga Rd, Tonga Village, Tonga, 1224, South Africa",
  "phone": "+27131100363",
  "country-code": "TO",
  "country": "Tonga"
 },
 {
  "id": 201,
  "name": "Mt Talau National Park",
  "address": "Fatafehi Rd, Neiafu, Tonga",
  "phone": "+61414413672",
  "country-code": "TO",
  "country": "Tonga"
 },
 {
  "id": 202,
  "name": "Neiafu",
  "address": "Neiafu, Tonga",
  "phone": "",
  "country-code": "TO",
  "country": "Tonga"
 },
 {
  "id": 203,
  "name": "Whales in the Wild",
  "address": "Fatafehi Rd, Neiafu, Tonga",
  "phone": "+67671322",
  "country-code": "TO",
  "country": "Tonga"
 },
 {
  "id": 204,
  "name": "Port Wine Guest House",
  "address": "Neiafu, Tonga",
  "phone": "+6768491270",
  "country-code": "TO",
  "country": "Tonga"
 },
 {
  "id": 205,
  "name": "Explore Vava'u Swim With Whales",
  "address": "Ha'amea Rd, Neiafu, Tonga",
  "phone": "+67670479",
  "country-code": "TO",
  "country": "Tonga"
 },
 {
  "id": 206,
  "name": "The Basque Tavern",
  "address": "Fatafehi Rd, Neiafu, Tonga",
  "phone": "+67671035",
  "country-code": "TO",
  "country": "Tonga"
 },
 {
  "id": 207,
  "name": "Bellavista Cafe",
  "address": "Tonga, Neiafu, Tohiloto Rd, Area Fungamisi",
  "phone": "+6768420325",
  "country-code": "TO",
  "country": "Tonga"
 },
 {
  "id": 208,
  "name": "Flying Annie Moa",
  "address": "Unnamed Road, Neiafu, Tonga",
  "phone": "",
  "country-code": "TO",
  "country": "Tonga"
 },
 {
  "id": 209,
  "name": "Puataukanave International Hotel",
  "address": "Neiafu, Tonga",
  "phone": "+6767741098",
  "country-code": "TO",
  "country": "Tonga"
 },
 {
  "id": 210,
  "name": "Hilltop Hotel",
  "address": "Neiafu, Tonga",
  "phone": "",
  "country-code": "TO",
  "country": "Tonga"
 },
 {
  "id": 211,
  "name": "Tongan Expeditions",
  "address": "Tu’anekivale, Tonga",
  "phone": "",
  "country-code": "TO",
  "country": "Tonga"
 },
 {
  "id": 212,
  "name": "Beluga Diving",
  "address": "Utungake, Neiafu, Tonga",
  "phone": "+6768888830",
  "country-code": "TO",
  "country": "Tonga"
 },
 {
  "id": 213,
  "name": "Reef Resort Vava U",
  "address": "Neiafu, Tonga",
  "phone": "",
  "country-code": "TO",
  "country": "Tonga"
 },
 {
  "id": 214,
  "name": "Mandala Resort",
  "address": "Neiafu, Tonga",
  "phone": "+6767559279",
  "country-code": "TO",
  "country": "Tonga"
 },
 {
  "id": 215,
  "name": "Tongan Beach Resort",
  "address": "Neiafu, Tonga",
  "phone": "+6768407924",
  "country-code": "TO",
  "country": "Tonga"
 },
 {
  "id": 216,
  "name": "Ene'io Botanical Garden",
  "address": "Fetoko Island, Neiafu, Tonga",
  "phone": "+6768491270",
  "country-code": "TO",
  "country": "Tonga"
 },
 {
  "id": 217,
  "name": "Mystic Sands Beachfront Accommodation",
  "address": "Naufahu Rd, Neiafu, Tonga",
  "phone": "+67670209",
  "country-code": "TO",
  "country": "Tonga"
 },
 {
  "id": 218,
  "name": "Serenity Beaches Resort",
  "address": "Foa, Main Rd, Faleloa tonga, Tonga",
  "phone": "+67669766",
  "country-code": "TO",
  "country": "Tonga"
 },
 {
  "id": 219,
  "name": "Sea Change Eco Retreat",
  "address": "FAU Rd, Pangai, Tonga",
  "phone": "+67660051",
  "country-code": "TO",
  "country": "Tonga"
 },
 {
  "id": 220,
  "name": "Matafonua Lodge Resort and Restaurant",
  "address": "Kingdom of Tonga, Uoleva Island, Group, Tonga",
  "phone": "+6767877777",
  "country-code": "TO",
  "country": "Tonga"
 },
 {
  "id": 221,
  "name": "Hungry Whales",
  "address": "FAU Rd, Pangai, Tonga",
  "phone": "+67660051",
  "country-code": "TO",
  "country": "Tonga"
 },
 {
  "id": 222,
  "name": "Mariner's Cafe and Bar",
  "address": "Pangai, Tonga",
  "phone": "",
  "country-code": "TO",
  "country": "Tonga"
 },
 {
  "id": 223,
  "name": "Ha'apai Beach Resort",
  "address": "אאואה, Pangai, Tonga",
  "phone": "+67650226",
  "country-code": "TO",
  "country": "Tonga"
 },
 {
  "id": 224,
  "name": "RayLela's Cake\u0026Ice cream Shop",
  "address": "Fau Rd, Pangai, Tonga",
  "phone": "+67660374",
  "country-code": "TO",
  "country": "Tonga"
 },
 {
  "id": 225,
  "name": "Fane Tonga",
  "address": "Hala Holopeka, Pangai, Tonga",
  "phone": "+67669412",
  "country-code": "TO",
  "country": "Tonga"
 },
 {
  "id": 226,
  "name": "Serenity Beaches Resort",
  "address": "FAU Rd, Pangai, Tonga",
  "phone": "+67660051",
  "country-code": "TO",
  "country": "Tonga"
 },
 {
  "id": 227,
  "name": "Ha'apai Beach Resort",
  "address": "Foa, Main Rd, Faleloa tonga, Tonga",
  "phone": "+67669766",
  "country-code": "TO",
  "country": "Tonga"
 },
 {
  "id": 228,
  "name": "Matafonua Lodge Resort and Restaurant",
  "address": "Kingdom of Tonga, Uoleva Island, Group, Tonga",
  "phone": "+6767877777",
  "country-code": "TO",
  "country": "Tonga"
 },
 {
  "id": 229,
  "name": "Hungry Whales",
  "address": "Pangai, Tonga",
  "phone": "",
  "country-code": "TO",
  "country": "Tonga"
 },
 {
  "id": 230,
  "name": "Ha'apai Beach Resort",
  "address": "Hekoni Rd, Nuku'alofa, Tonga",
  "phone": "+6767710009",
  "country-code": "TO",
  "country": "Tonga"
 },
 {
  "id": 231,
  "name": "Mariner's Cafe and Bar",
  "address": "FAU Rd, Pangai, Tonga",
  "phone": "+67660051",
  "country-code": "TO",
  "country": "Tonga"
 },
 {
  "id": 232,
  "name": "Ha’apai Delight",
  "address": "Foa, Main Rd, Faleloa tonga, Tonga",
  "phone": "+67669766",
  "country-code": "TO",
  "country": "Tonga"
 },
 {
  "id": 233,
  "name": "Sandy Beach Resort",
  "address": "Fau Rd, Pangai, Tonga",
  "phone": "+67660374",
  "country-code": "TO",
  "country": "Tonga"
 },
 {
  "id": 234,
  "name": "Tanoa International Dateline Hotel",
  "address": "Vuna Rd, Nuku'alofa, Tonga",
  "phone": "+67623709",
  "country-code": "TO",
  "country": "Tonga"
 },
 {
  "id": 235,
  "name": "Seaview Lodge",
  "address": "Liku Rd, Nakolo, Tonga",
  "phone": "+6767744001",
  "country-code": "TO",
  "country": "Tonga"
 },
 {
  "id": 236,
  "name": "House of Tonga",
  "address": "Tonga, Nuku'alofa, Vuna Road Ma'ufanga",
  "phone": "+6767768333",
  "country-code": "TO",
  "country": "Tonga"
 },
 {
  "id": 237,
  "name": "Emerald Hotel",
  "address": "Taufa'ahau Rd, Nuku'alofa, Tonga",
  "phone": "+6767715857",
  "country-code": "TO",
  "country": "Tonga"
 },
 {
  "id": 238,
  "name": "Jezami Hotel Tonga",
  "address": "Lavengatonga, Tonga",
  "phone": "+6767778713",
  "country-code": "TO",
  "country": "Tonga"
 },
 {
  "id": 239,
  "name": "The Village Backpackers",
  "address": "Salote Rd, Nuku'alofa, Tonga",
  "phone": "+67623660",
  "country-code": "TO",
  "country": "Tonga"
 },
 {
  "id": 240,
  "name": "Toni's Guest House",
  "address": "Nuku'alofa, Tonga",
  "phone": "+67621049",
  "country-code": "TO",
  "country": "Tonga"
 },
 {
  "id": 241,
  "name": "Villa Ishadora",
  "address": "Taufa'ahau Road, Alaivahamama'o Bypass Road, Nuku'alofa, Tonga",
  "phone": "+6767715950",
  "country-code": "TO",
  "country": "Tonga"
 },
 {
  "id": 242,
  "name": "Katea Retreat",
  "address": "Vuna Rd, Nuku'alofa, Tonga",
  "phone": "+67623411",
  "country-code": "TO",
  "country": "Tonga"
 },
 {
  "id": 243,
  "name": "'Oholei Beach Resort",
  "address": "Vuna Rd, Nuku'alofa, Tonga",
  "phone": "+67622888",
  "country-code": "TO",
  "country": "Tonga"
 },
 {
  "id": 244,
  "name": "Aloft Airport Accommodation",
  "address": "Nuku'alofa, Tonga",
  "phone": "",
  "country-code": "TO",
  "country": "Tonga"
 },
 {
  "id": 245,
  "name": "Fua'amotu Transit Lodge",
  "address": "Nuku'alofa, Tonga, Taufa'ahau Rd, Nuku'alofa, Tonga",
  "phone": "+67623528",
  "country-code": "TO",
  "country": "Tonga"
 },
 {
  "id": 246,
  "name": "Keleti Beach Resort",
  "address": "Wellington Rd, Nuku'alofa, Tonga",
  "phone": "+6768747282",
  "country-code": "TO",
  "country": "Tonga"
 },
 {
  "id": 247,
  "name": "Lose Lodge",
  "address": "Nuku'alofa, Tonga",
  "phone": "+67628393",
  "country-code": "TO",
  "country": "Tonga"
 },
 {
  "id": 248,
  "name": "Dupincia Lodge",
  "address": "Nuku'alofa, Tonga",
  "phone": "+6767744870",
  "country-code": "TO",
  "country": "Tonga"
 },
 {
  "id": 249,
  "name": "Loumaile Lodge",
  "address": "Nuku'alofa, Tonga",
  "phone": "+6768874744",
  "country-code": "TO",
  "country": "Tonga"
 },
 {
  "id": 250,
  "name": "Paradise First Hotel",
  "address": "Laifone Rd, Nuku'alofa, Tonga",
  "phone": "+67622797",
  "country-code": "TO",
  "country": "Tonga"
 },
 {
  "id": 251,
  "name": "Misas Guest House",
  "address": "Tonga, Nuku'alofa, Mataika",
  "phone": "+6767719431",
  "country-code": "TO",
  "country": "Tonga"
 },
 {
  "id": 252,
  "name": "Coastline hotel",
  "address": "Taufa'ahau Rd, Afa, Tonga",
  "phone": "",
  "country-code": "TO",
  "country": "Tonga"
 },
 {
  "id": 253,
  "name": "Waterfront Lodge",
  "address": "Tonga, Nuku'alofa, 'Api 'Isileli Schaumkel, off Vuna road. Sopu o' Taufa'ahau",
  "phone": "+6767715152",
  "country-code": "TO",
  "country": "Tonga"
 },
 {
  "id": 254,
  "name": "The Tropical Villa",
  "address": "Vaiomok Rd, Nuku'alofa, Tonga",
  "phone": "",
  "country-code": "TO",
  "country": "Tonga"
 },
 {
  "id": 255,
  "name": "Loumaile Lodge",
  "address": "Umusi, Nuku’alofa, Nuku'alofa, Tonga",
  "phone": "+67626515",
  "country-code": "TO",
  "country": "Tonga"
 },
 {
  "id": 256,
  "name": "Paradise First Hotel",
  "address": "Tonga, Nuku'alofa, salote rd, fasi, Nuku'alofa, Tongatapu",
  "phone": "+67622193",
  "country-code": "TO",
  "country": "Tonga"
 },
 {
  "id": 257,
  "name": "Coastline hotel",
  "address": "Tonga, Nuku'alofa, Haavakaotua N/A, Longolongo",
  "phone": "+6768830353",
  "country-code": "TO",
  "country": "Tonga"
 },
 {
  "id": 258,
  "name": "Dayspring Lodge",
  "address": "Nuku'alofa, Tonga",
  "phone": "+67621049",
  "country-code": "TO",
  "country": "Tonga"
 },
 {
  "id": 259,
  "name": "Tonga Holiday Villa",
  "address": "Nuku'alofa, Tonga",
  "phone": "",
  "country-code": "TO",
  "country": "Tonga"
 },
 {
  "id": 260,
  "name": "Little Italy Hotel",
  "address": "GPS Kolomotua, Vuna Rd, Nuku'alofa, Tonga",
  "phone": "+67625053",
  "country-code": "TO",
  "country": "Tonga"
 },
 {
  "id": 261,
  "name": "Lagoon Lodge",
  "address": "Nuku'alofa, Tonga",
  "phone": "+67625720",
  "country-code": "TO",
  "country": "Tonga"
 },
 {
  "id": 262,
  "name": "Villa Apartments - Westside",
  "address": "Tamakautonga Rd, Nuku'alofa, Tonga",
  "phone": "+6768794419",
  "country-code": "TO",
  "country": "Tonga"
 },
 {
  "id": 263,
  "name": "Friendly Islander Hotel",
  "address": "4 Vahaakolo Rd, Nuku'alofa, Tonga",
  "phone": "+67621860",
  "country-code": "TO",
  "country": "Tonga"
 },
 {
  "id": 264,
  "name": "Misas Guest House",
  "address": "Tonga, Nuku'alofa, Eua Ferry, Nuku'alofa",
  "phone": "",
  "country-code": "TO",
  "country": "Tonga"
 },
 {
  "id": 265,
  "name": "One's Guesthouse",
  "address": "Bay of Manumataongo, Nuku'alofa, Tonga",
  "phone": "+6767746504",
  "country-code": "TO",
  "country": "Tonga"
 },
 {
  "id": 266,
  "name": "Utu'one",
  "address": "Taufa'ahau Rd, Nuku'alofa, Tonga",
  "phone": "+6768828444",
  "country-code": "TO",
  "country": "Tonga"
 },
 {
  "id": 267,
  "name": "Winnies Bed \u0026 Breakfast",
  "address": "Nuku'alofa, Tonga",
  "phone": "+67622186",
  "country-code": "TO",
  "country": "Tonga"
 },
 {
  "id": 268,
  "name": "Jula's BnB",
  "address": "Nuku'alofa, Tonga",
  "phone": "+67621049",
  "country-code": "TO",
  "country": "Tonga"
 },
 {
  "id": 269,
  "name": "Tuna's Lodge",
  "address": "Bay of Manumataongo, Nuku'alofa, Tonga",
  "phone": "+6767746504",
  "country-code": "TO",
  "country": "Tonga"
 },
 {
  "id": 270,
  "name": "Hafu's House Backpackers",
  "address": "Vuna Rd, Nuku'alofa, Tonga",
  "phone": "+67625260",
  "country-code": "TO",
  "country": "Tonga"
 },
 {
  "id": 271,
  "name": "Oceanside Guesthouse",
  "address": "Hihifo Rd, Puke, Tonga",
  "phone": "+67625053",
  "country-code": "TO",
  "country": "Tonga"
 },
 {
  "id": 272,
  "name": "Simon's Place Motel",
  "address": "Tonga, Nuku'alofa, Eua Ferry, Nuku'alofa",
  "phone": "",
  "country-code": "TO",
  "country": "Tonga"
 },
 {
  "id": 273,
  "name": "The Black Pearl Suites",
  "address": "Taufa'ahau Rd, Nuku'alofa, Tonga",
  "phone": "+6768828444",
  "country-code": "TO",
  "country": "Tonga"
 },
 {
  "id": 274,
  "name": "NOA Guest House",
  "address": "Fatafehi Rd, Nuku'alofa, Tonga",
  "phone": "+67621431",
  "country-code": "TO",
  "country": "Tonga"
 },
 {
  "id": 275,
  "name": "Backpackers Townhouse",
  "address": "Ha'ateiho, Tonga",
  "phone": "+67629400",
  "country-code": "TO",
  "country": "Tonga"
 },
 {
  "id": 276,
  "name": "Tungi Colonnade Hotel",
  "address": "Fua'amotu, Nuku'alofa, Tonga",
  "phone": "+6768625439",
  "country-code": "TO",
  "country": "Tonga"
 },
 {
  "id": 277,
  "name": "Fale Tonga Guesthouse",
  "address": "Airport Rd, Fua'amotu, Tonga",
  "phone": "+6768781411",
  "country-code": "TO",
  "country": "Tonga"
 },
 {
  "id": 278,
  "name": "Gateway Cafe",
  "address": "Airport road, Fua'amotu, Tonga",
  "phone": "+6767747637",
  "country-code": "TO",
  "country": "Tonga"
 },
 {
  "id": 279,
  "name": "Airport Diner",
  "address": "Salote Rd, Nuku'alofa, Tonga",
  "phone": "",
  "country-code": "TO",
  "country": "Tonga"
 },
 {
  "id": 280,
  "name": "Swagman's Hut",
  "address": "Vuna Rd, Nuku'alofa, Tonga",
  "phone": "+6768747755",
  "country-code": "TO",
  "country": "Tonga"
 },
 {
  "id": 281,
  "name": "'Ofeina Restaurant",
  "address": "Bay ' O Manumataongo, Ma'ufanga, Nuku'alofa, Tonga",
  "phone": "+67626278",
  "country-code": "TO",
  "country": "Tonga"
 },
 {
  "id": 282,
  "name": "Fa 'ua Evergreen Restaurant",
  "address": "Fua'amotu, Tonga",
  "phone": "",
  "country-code": "TO",
  "country": "Tonga"
 },
 {
  "id": 283,
  "name": "Chef Zero Restaurant",
  "address": "Nuku'alofa, Tonga",
  "phone": "+6768422955",
  "country-code": "TO",
  "country": "Tonga"
 },
 {
  "id": 284,
  "name": "tiger inn",
  "address": "Nuku'alofa, Tonga",
  "phone": "+6768626155",
  "country-code": "TO",
  "country": "Tonga"
 },
 {
  "id": 285,
  "name": "Neni \u0026 Kina's Canteen",
  "address": "Tamakautonga Rd, Nuku'alofa, Tonga",
  "phone": "+676771338021178",
  "country-code": "TO",
  "country": "Tonga"
 },
 {
  "id": 286,
  "name": "Maluhelotu bakery and resturant",
  "address": "Fua'amotu, Tonga",
  "phone": "",
  "country-code": "TO",
  "country": "Tonga"
 },
 {
  "id": 287,
  "name": "Vietnamese Cafe",
  "address": "Wellington Rd, Nuku'alofa, Tonga",
  "phone": "",
  "country-code": "TO",
  "country": "Tonga"
 },
 {
  "id": 288,
  "name": "wai lin",
  "address": "Fasi moeafi Rd, Nuku'alofa, Tonga",
  "phone": "",
  "country-code": "TO",
  "country": "Tonga"
 },
 {
  "id": 289,
  "name": "Mums Cafe Nukualofa",
  "address": "Taufa'ahau Rd, Nuku'alofa, Tonga",
  "phone": "+6767753547",
  "country-code": "TO",
  "country": "Tonga"
 },
 {
  "id": 290,
  "name": "Al Mamun Gourmet",
  "address": "Vuna Rd, Nuku'alofa, Tonga",
  "phone": "+67625260",
  "country-code": "TO",
  "country": "Tonga"
 },
 {
  "id": 291,
  "name": "Young’s Kitchen",
  "address": "Vuna Rd, Nuku'alofa, Tonga",
  "phone": "+67623192",
  "country-code": "TO",
  "country": "Tonga"
 },
 {
  "id": 292,
  "name": "Linchi Restaurant",
  "address": "Salote Rd, Nuku'alofa, Tonga",
  "phone": "+67627323",
  "country-code": "TO",
  "country": "Tonga"
 },
 {
  "id": 293,
  "name": "lina's Restaurant",
  "address": "Nuku'alofa, Tonga",
  "phone": "",
  "country-code": "TO",
  "country": "Tonga"
 },
 {
  "id": 294,
  "name": "Roast Pork Away",
  "address": "Taufa'ahau Rd, Nuku'alofa, Tonga",
  "phone": "+67623466",
  "country-code": "TO",
  "country": "Tonga"
 },
 {
  "id": 295,
  "name": "Pot Luck Restaurant",
  "address": "Nuku'alofa, Tonga",
  "phone": "",
  "country-code": "TO",
  "country": "Tonga"
 },
 {
  "id": 296,
  "name": "Butchers Take Away",
  "address": "Vaiomok Rd, Nuku'alofa, Tonga",
  "phone": "+6767713551",
  "country-code": "TO",
  "country": "Tonga"
 },
 {
  "id": 297,
  "name": "lina's Restaurant",
  "address": "Maufanga, Nuku'alofa, Tonga",
  "phone": "+6767886250",
  "country-code": "TO",
  "country": "Tonga"
 },
 {
  "id": 298,
  "name": "Fish n Chips",
  "address": "Opposite, Tungi Coronade, Nuku'alofa, Tonga",
  "phone": "",
  "country-code": "TO",
  "country": "Tonga"
 },
 {
  "id": 299,
  "name": "Vakuuho Bbq",
  "address": "Taufa'ahau Rd, Nuku'alofa, Tonga, Taufa'ahau Rd, Nuku'alofa, Tonga",
  "phone": "+67622181",
  "country-code": "TO",
  "country": "Tonga"
 },
 {
  "id": 300,
  "name": "Fakalato Restaurant",
  "address": "Havelulotu, Vaha'Akolo Rd, Nuku'alofa, Tonga",
  "phone": "+6767784143",
  "country-code": "TO",
  "country": "Tonga"
 },
 {
  "id": 301,
  "name": "Little Italy Pizzeria Restaurant",
  "address": "Wellington Rd, Nuku'alofa, Tonga",
  "phone": "",
  "country-code": "TO",
  "country": "Tonga"
 },
 {
  "id": 302,
  "name": "Evergreen Chinese Restaurant",
  "address": "Vuna Rd, Nuku'alofa, Tonga",
  "phone": "+67623709",
  "country-code": "TO",
  "country": "Tonga"
 },
 {
  "id": 303,
  "name": "Billfish Bar and Restaurant",
  "address": "GPS Kolomotua, Vuna Rd, Nuku'alofa, Tonga",
  "phone": "+67625053",
  "country-code": "TO",
  "country": "Tonga"
 },
 {
  "id": 304,
  "name": "Ofa Ki Tonga Pizza hut",
  "address": "Nuku'alofa, Tonga",
  "phone": "+67625260",
  "country-code": "TO",
  "country": "Tonga"
 },
 {
  "id": 305,
  "name": "Billfish",
  "address": "Ma'ufanga, Faua Wharf, Vuna Rd, Nuku'alofa, Tonga",
  "phone": "+67627808",
  "country-code": "TO",
  "country": "Tonga"
 },
 {
  "id": 306,
  "name": "Samu's Fiji Food Corner",
  "address": "Wellington Rd, Nuku'alofa, Tonga",
  "phone": "+6768765888",
  "country-code": "TO",
  "country": "Tonga"
 },
 {
  "id": 307,
  "name": "Tropical Taste",
  "address": "Nuku'alofa, Tonga",
  "phone": "+6767715411",
  "country-code": "TO",
  "country": "Tonga"
 },
 {
  "id": 308,
  "name": "Mr. Chicken",
  "address": "Taufa'ahau road, Tungi Colonnade, Nuku'alofa, Tonga",
  "phone": "+67627430",
  "country-code": "TO",
  "country": "Tonga"
 },
 {
  "id": 309,
  "name": "Cafe Escape",
  "address": "Umusi Rd, Nuku'alofa, Tonga",
  "phone": "+67628014",
  "country-code": "TO",
  "country": "Tonga"
 },
 {
  "id": 310,
  "name": "The Bush BBQ Cafe'",
  "address": "Nuku'alofa, Tonga",
  "phone": "+6768737350",
  "country-code": "TO",
  "country": "Tonga"
 },
 {
  "id": 311,
  "name": "Pasta",
  "address": "Nuku'alofa, Tonga",
  "phone": "",
  "country-code": "TO",
  "country": "Tonga"
 },
 {
  "id": 312,
  "name": "Ngutulei Bar \u0026 Restaurant",
  "address": "Wellington Rd, Nuku'alofa, Tonga",
  "phone": "",
  "country-code": "TO",
  "country": "Tonga"
 },
 {
  "id": 313,
  "name": "Chands Curry House",
  "address": "Nuku'alofa, Tonga",
  "phone": "",
  "country-code": "TO",
  "country": "Tonga"
 },
 {
  "id": 314,
  "name": "wai lin",
  "address": "Hekoni Rd, Nuku'alofa, Tonga",
  "phone": "+67622995",
  "country-code": "TO",
  "country": "Tonga"
 },
 {
  "id": 315,
  "name": "CTR Restaurant",
  "address": "Taufa'ahau Rd, Nuku'alofa, Tonga",
  "phone": "+67621301",
  "country-code": "TO",
  "country": "Tonga"
 },
 {
  "id": 316,
  "name": "MATALUPE Food Center",
  "address": "Taufa'ahau Rd, Pea, Tonga",
  "phone": "+6768703941",
  "country-code": "TO",
  "country": "Tonga"
 },
 {
  "id": 317,
  "name": "Vuna Restaurant and Bar",
  "address": "Nuku'alofa, Tonga",
  "phone": "+6768838122",
  "country-code": "TO",
  "country": "Tonga"
 },
 {
  "id": 318,
  "name": "The TOP Restaurant and Lounge",
  "address": "Nuku'alofa, Tonga",
  "phone": "+6767748064",
  "country-code": "TO",
  "country": "Tonga"
 },
 {
  "id": 319,
  "name": "Cottage Breeze Restaurant",
  "address": "Hekoni Rd, Nuku'alofa, Tonga",
  "phone": "+6767710009",
  "country-code": "TO",
  "country": "Tonga"
 },
 {
  "id": 320,
  "name": "Fatty Boys Pizza",
  "address": "Unga Rd, Nuku'alofa, Tonga",
  "phone": "+6768897588",
  "country-code": "TO",
  "country": "Tonga"
 },
 {
  "id": 321,
  "name": "The bush cafe",
  "address": "Unnamed Road, Liahona, Tonga",
  "phone": "",
  "country-code": "TO",
  "country": "Tonga"
 },
 {
  "id": 322,
  "name": "Ha’apai Delight",
  "address": "Vuna Rd, Nuku'alofa, Tonga",
  "phone": "+6767716385",
  "country-code": "TO",
  "country": "Tonga"
 },
 {
  "id": 323,
  "name": "Marco's Pizza Pasta",
  "address": "Nuku'alofa, Tonga",
  "phone": "+6767776173",
  "country-code": "TO",
  "country": "Tonga"
 },
 {
  "id": 324,
  "name": "Island Hut Steak House Rest.",
  "address": "Wellington and Taufa’ahau Rds, Nuku'alofa, Tonga",
  "phone": "+6766855482",
  "country-code": "TO",
  "country": "Tonga"
 },
 {
  "id": 325,
  "name": "Canton Fastfood",
  "address": "Vuna Rd, Nuku'alofa, Tonga",
  "phone": "+67628940",
  "country-code": "TO",
  "country": "Tonga"
 },
 {
  "id": 326,
  "name": "Pea Tunu Puaka Services",
  "address": "7, toungoo, Tonga",
  "phone": "+959674305222",
  "country-code": "TO",
  "country": "Tonga"
 },
 {
  "id": 327,
  "name": "Precious Stone",
  "address": "Nuku'alofa, Tonga",
  "phone": "",
  "country-code": "TO",
  "country": "Tonga"
 },
 {
  "id": 328,
  "name": "Filise Vakaahi",
  "address": "Havelu, Nuku'alofa, Tonga",
  "phone": "+67626382",
  "country-code": "TO",
  "country": "Tonga"
 },
 {
  "id": 329,
  "name": "Dayang Chinese Restaurant",
  "address": "Vuna Rd, Nuku'alofa, Tonga",
  "phone": "+6768742487",
  "country-code": "TO",
  "country": "Tonga"
 },
 {
  "id": 330,
  "name": "Angela's Guest House and Restaurant",
  "address": "Taufa'ahau Rd, Nuku'alofa, Tonga",
  "phone": "+67621212",
  "country-code": "TO",
  "country": "Tonga"
 },
 {
  "id": 331,
  "name": "12 Seafood Restaurants",
  "address": "Nuku'alofa, Tonga",
  "phone": "+67622666",
  "country-code": "TO",
  "country": "Tonga"
 },
 {
  "id": 332,
  "name": "Sabrina's Chicken Vilovilo",
  "address": "Loto Rd, Liahona, Tonga",
  "phone": "+6768701467",
  "country-code": "TO",
  "country": "Tonga"
 },
 {
  "id": 333,
  "name": "Hi5 Delights",
  "address": "Nuku'alofa, Tonga",
  "phone": "",
  "country-code": "TO",
  "country": "Tonga"
 },
 {
  "id": 334,
  "name": "Yummie Treats",
  "address": "Nuku'alofa, Tonga",
  "phone": "+67623585",
  "country-code": "TO",
  "country": "Tonga"
 },
 {
  "id": 335,
  "name": "Frangipani - Korean Restaurant/Karaoke",
  "address": "Nuku'alofa, Tonga",
  "phone": "+6768741623",
  "country-code": "TO",
  "country": "Tonga"
 },
 {
  "id": 336,
  "name": "Nauti Ruby's Bar \u0026 Restaurant",
  "address": "Nuku'alofa, Tonga",
  "phone": "+67624741",
  "country-code": "TO",
  "country": "Tonga"
 },
 {
  "id": 337,
  "name": "Jonah's Pizza",
  "address": "Tonga, Nuku'alofa, 18973 Salote Road, Nuku'alofa, Tonga",
  "phone": "",
  "country-code": "TO",
  "country": "Tonga"
 },
 {
  "id": 338,
  "name": "Patrick's Corner",
  "address": "Nuku'alofa, Tonga",
  "phone": "+67624084",
  "country-code": "TO",
  "country": "Tonga"
 },
 {
  "id": 339,
  "name": "Little Italy Hotel",
  "address": "Nuku'alofa, Tonga",
  "phone": "+676215638422955",
  "country-code": "TO",
  "country": "Tonga"
 },
 {
  "id": 340,
  "name": "Little india",
  "address": "Vuna Rd, Nuku'alofa, Tonga",
  "phone": "+67625053",
  "country-code": "TO",
  "country": "Tonga"
 },
 {
  "id": 341,
  "name": "BAR42",
  "address": "Nuku'alofa, Tonga",
  "phone": "+67624044",
  "country-code": "TO",
  "country": "Tonga"
 },
 {
  "id": 342,
  "name": "The Waterfront Cafe",
  "address": "Nuku'alofa, Tonga",
  "phone": "",
  "country-code": "TO",
  "country": "Tonga"
 },
 {
  "id": 343,
  "name": "'Utuongo",
  "address": "Alaivahamama'o Bypass Rd, Nuku'alofa, Tonga",
  "phone": "+67622995",
  "country-code": "TO",
  "country": "Tonga"
 },
 {
  "id": 344,
  "name": "Coffee Post",
  "address": "Nuku'alofa, Tonga",
  "phone": "+6767798584",
  "country-code": "TO",
  "country": "Tonga"
 },
 {
  "id": 345,
  "name": "Seaview Lodge",
  "address": "Nuku'alofa, Tonga",
  "phone": "",
  "country-code": "TO",
  "country": "Tonga"
 },
 {
  "id": 346,
  "name": "Victor's Cafe",
  "address": "Nuku'alofa, Tonga",
  "phone": "+6768625615",
  "country-code": "TO",
  "country": "Tonga"
 },
 {
  "id": 347,
  "name": "S\u0026J Ice Cream Parlor",
  "address": "Nuku'alofa, Tonga",
  "phone": "+67625091",
  "country-code": "TO",
  "country": "Tonga"
 },
 {
  "id": 348,
  "name": "Matson shipping",
  "address": "Alaivahamama'o Bypass Rd, Nuku'alofa, Tonga",
  "phone": "+67622995",
  "country-code": "TO",
  "country": "Tonga"
 },
 {
  "id": 349,
  "name": "Tali'eva Inn Bar",
  "address": "Nuku'alofa, Tonga",
  "phone": "",
  "country-code": "TO",
  "country": "Tonga"
 },
 {
  "id": 350,
  "name": "Friends Cafe and Tourist Center",
  "address": "Tonga, Nuku'alofa, Sanft Building",
  "phone": "+6767724609",
  "country-code": "TO",
  "country": "Tonga"
 },
 {
  "id": 351,
  "name": "Waterfront Lodge",
  "address": "Vuna Rd, Vaiomoko Rd, Maufanga, Tonga",
  "phone": "+6767714509",
  "country-code": "TO",
  "country": "Tonga"
 },
 {
  "id": 352,
  "name": "Sugar Top Up",
  "address": "Nuku'alofa, Tonga",
  "phone": "",
  "country-code": "TO",
  "country": "Tonga"
 },
 {
  "id": 353,
  "name": "Kaipahia Restaurant",
  "address": "7, toungoo, Tonga",
  "phone": "+959674305222",
  "country-code": "TO",
  "country": "Tonga"
 },
 {
  "id": 354,
  "name": "Ben's Restaurant",
  "address": "Laifone Rd, Nuku'alofa, Tonga",
  "phone": "",
  "country-code": "TO",
  "country": "Tonga"
 },
 {
  "id": 355,
  "name": "ILOA HE LOTU TAKEAWAY",
  "address": "Nuku'alofa, Tonga",
  "phone": "+6767760065",
  "country-code": "TO",
  "country": "Tonga"
 },
 {
  "id": 356,
  "name": "Luisa uhamaka",
  "address": "Laifone Rd, Nuku'alofa, Tonga",
  "phone": "+67622118",
  "country-code": "TO",
  "country": "Tonga"
 },
 {
  "id": 357,
  "name": "Fortune Star Shopping center",
  "address": "1003 Nuku`alofa, Tonga",
  "phone": "",
  "country-code": "TO",
  "country": "Tonga"
 },
 {
  "id": 358,
  "name": "Anana Chinese store",
  "address": "Nuku'alofa, Tonga",
  "phone": "",
  "country-code": "TO",
  "country": "Tonga"
 },
 {
  "id": 359,
  "name": "Fehoko Art Creations \u0026 The Arts of Tonga",
  "address": "Fernwood Building, Small Industries Centre, Maufanga, Tonga, Nuku'alofa, Tonga",
  "phone": "+6768853897",
  "country-code": "TO",
  "country": "Tonga"
 },
 {
  "id": 360,
  "name": "Hiki 'O Tonga",
  "address": "Taufa'ahau Rd, Vaini, Tonga",
  "phone": "+6767717210",
  "country-code": "TO",
  "country": "Tonga"
 },
 {
  "id": 361,
  "name": "Tucker's icecream Golden Star",
  "address": "Unnamed Road, Nuku'alofa, Tonga",
  "phone": "+67626018",
  "country-code": "TO",
  "country": "Tonga"
 },
 {
  "id": 362,
  "name": "Molisi City Central Shopping Center",
  "address": "Nuku'alofa, Tonga",
  "phone": "+6768873238",
  "country-code": "TO",
  "country": "Tonga"
 },
 {
  "id": 363,
  "name": "Tu'imatamoana Fish Market",
  "address": "Nuku'alofa, Tonga",
  "phone": "+67627181",
  "country-code": "TO",
  "country": "Tonga"
 },
 {
  "id": 364,
  "name": "FoodWorld Supermarket LTD",
  "address": "Taufa'ahau Rd, Veitongo, Tonga",
  "phone": "",
  "country-code": "TO",
  "country": "Tonga"
 },
 {
  "id": 365,
  "name": "Maseia Plaza",
  "address": "Alaivahamama'o Bypass Rd, Nuku'alofa, Tonga",
  "phone": "+6767752055",
  "country-code": "TO",
  "country": "Tonga"
 },
 {
  "id": 366,
  "name": "Hardware And Building Supplies",
  "address": "Nuku'alofa, Tonga",
  "phone": "",
  "country-code": "TO",
  "country": "Tonga"
 },
 {
  "id": 367,
  "name": "Tucker's icecream Guanrong",
  "address": "Nuku'alofa, Tonga",
  "phone": "",
  "country-code": "TO",
  "country": "Tonga"
 },
 {
  "id": 368,
  "name": "Tucker's icecream Evamai shop",
  "address": "Siosateki Tonga Veikune, Nuku'alofa, Tonga",
  "phone": "",
  "country-code": "TO",
  "country": "Tonga"
 },
 {
  "id": 369,
  "name": "Kava's Woodwind Rental",
  "address": "Nuku'alofa, Tonga",
  "phone": "",
  "country-code": "TO",
  "country": "Tonga"
 },
 {
  "id": 370,
  "name": "OE Store Office Equipment",
  "address": "Tonga, Nuku'alofa, 制限地域 努库阿洛",
  "phone": "+6768786789",
  "country-code": "TO",
  "country": "Tonga"
 },
 {
  "id": 371,
  "name": "Tong Hua Taiwan \u0026 Vietnam Mall",
  "address": "Tonga, Nuku'alofa, Bypass Rd",
  "phone": "+6767751020",
  "country-code": "TO",
  "country": "Tonga"
 },
 {
  "id": 372,
  "name": "Fakapale Hua Long Shopping Center",
  "address": "Salote Rd, Fasi Moe Afi, Nuku'alofa, Tonga, Nuku'alofa, Tonga",
  "phone": "",
  "country-code": "TO",
  "country": "Tonga"
 },
 {
  "id": 373,
  "name": "Eva Mai Vaini Shopping Centre",
  "address": "Hihifo Rd, Nukunuku, Tonga",
  "phone": "+6768728888",
  "country-code": "TO",
  "country": "Tonga"
 },
 {
  "id": 374,
  "name": "FORTUNE ISLAND SHOPPING CENTER",
  "address": "Nuku'alofa, Tonga",
  "phone": "",
  "country-code": "TO",
  "country": "Tonga"
 },
 {
  "id": 375,
  "name": "Jia Hui Shopping Center.Co.Ltd",
  "address": "Nuku'alofa, Tonga",
  "phone": "",
  "country-code": "TO",
  "country": "Tonga"
 },
 {
  "id": 376,
  "name": "Fortune Island Shopping Center",
  "address": "Nuku'alofa, Tonga",
  "phone": "",
  "country-code": "TO",
  "country": "Tonga"
 },
 {
  "id": 377,
  "name": "Glory Shopping Center",
  "address": "Nuku'alofa, Tonga",
  "phone": "",
  "country-code": "TO",
  "country": "Tonga"
 },
 {
  "id": 378,
  "name": "Fakafeta'i Store",
  "address": "Nuku'alofa, Tonga",
  "phone": "+67623422",
  "country-code": "TO",
  "country": "Tonga"
 },
 {
  "id": 379,
  "name": "Fung Shing Commercial Center",
  "address": "Fasi-moe-afi Rd, Nuku'alofa, Tonga",
  "phone": "+6767782569",
  "country-code": "TO",
  "country": "Tonga"
 },
 {
  "id": 380,
  "name": "Small Industry Center",
  "address": "Nuku'alofa, Tonga",
  "phone": "+67625500",
  "country-code": "TO",
  "country": "Tonga"
 },
 {
  "id": 381,
  "name": "Super Value.LTD",
  "address": "Taufa'ahau Rd, Alaki, Tonga",
  "phone": "",
  "country-code": "TO",
  "country": "Tonga"
 },
 {
  "id": 382,
  "name": "Lo Store Havelu Tokelau",
  "address": "Taufa'ahau Rd, Vaini, Tonga",
  "phone": "",
  "country-code": "TO",
  "country": "Tonga"
 }
]